{"rating": 2.5, "url": "https://www.yelp.com/biz/mercure-auckland-hotel-auckland?adjust_creative=92p07_JjKyriZTQxAXRiKQ&utm_campaign=yelp_api_v3&utm_medium=api_v3_business_lookup&utm_source=92p07_JjKyriZTQxAXRiKQ", "image_url": "https://s3-media2.fl.yelpcdn.com/bphoto/fQnDJ1tiRgURX-V1TE-UBg/o.jpg", "is_closed": false, "review_count": 3, "phone": "+6493778920", "is_claimed": false, "price": "$$", "term": "hotels", "location": {"city": "Auckland", "zip_code": "4401", "address2": null, "address1": "8 Customs Street East", "address3": null, "country": "NZ", "state": "TKI"}, "categories": [{"title": "Hotels", "alias": "hotels"}], "photos": ["https://s3-media2.fl.yelpcdn.com/bphoto/fQnDJ1tiRgURX-V1TE-UBg/o.jpg", "https://s3-media4.fl.yelpcdn.com/bphoto/5uN3iaTnrIHpPis4pDS5og/o.jpg", "https://s3-media3.fl.yelpcdn.com/bphoto/4U1lSADYPCNphZVKupIfOg/o.jpg"], "name": "Mercure Auckland Hotel", "coordinates": {"latitude": -36.8446503, "longitude": 174.7672729}, "id": "mercure-auckland-hotel-auckland"}