{"id": "flight-centre-weston-weston", "rating": 0.0, "coordinates": {"longitude": 149.0522156, "latitude": -35.342289}, "is_claimed": false, "photos": [], "review_count": 0, "term": "hotels", "url": "https://www.yelp.com/biz/flight-centre-weston-weston?adjust_creative=92p07_JjKyriZTQxAXRiKQ&utm_campaign=yelp_api_v3&utm_medium=api_v3_business_lookup&utm_source=92p07_JjKyriZTQxAXRiKQ", "categories": [{"title": "Travel Services", "alias": "travelservices"}], "location": {"address3": null, "zip_code": "2611", "address1": "Suite 11, Corner Of Brierly & Parkinson Sts", "address2": null, "city": "Weston", "state": "ACT", "country": "AU"}, "is_closed": false, "phone": "+1300755332", "image_url": "", "name": "Flight Centre Weston"}