{"id": "crosby-park-albion", "rating": 3.0, "coordinates": {"longitude": 153.0461273, "latitude": -27.4324894}, "is_claimed": false, "photos": ["https://s3-media3.fl.yelpcdn.com/bphoto/VgUczdq5QiQLSftQwVdW6w/o.jpg", "https://s3-media2.fl.yelpcdn.com/bphoto/i4Pjj1Wve4Zjhu7PHIWhNg/o.jpg", "https://s3-media3.fl.yelpcdn.com/bphoto/hMnC2Xq6Qu7dHHYEmPls2Q/o.jpg"], "review_count": 1, "term": "attractions", "url": "https://www.yelp.com/biz/crosby-park-albion?adjust_creative=92p07_JjKyriZTQxAXRiKQ&utm_campaign=yelp_api_v3&utm_medium=api_v3_business_lookup&utm_source=92p07_JjKyriZTQxAXRiKQ", "categories": [{"alias": "parks", "title": "Parks"}], "location": {"address3": "", "zip_code": "4010", "address1": "Crosby St", "address2": "", "city": "Albion", "state": "QLD", "country": "AU"}, "is_closed": false, "phone": "", "image_url": "https://s3-media4.fl.yelpcdn.com/bphoto/VgUczdq5QiQLSftQwVdW6w/o.jpg", "name": "Crosby Park"}