{"id": "maestral-mediterranean-seafood-restaurant-weston-creek", "rating": 4.0, "coordinates": {"longitude": 149.0519104, "latitude": -35.3415413}, "is_claimed": false, "photos": [], "review_count": 3, "price": "$$$", "term": "restaurants", "url": "https://www.yelp.com/biz/maestral-mediterranean-seafood-restaurant-weston-creek?adjust_creative=92p07_JjKyriZTQxAXRiKQ&utm_campaign=yelp_api_v3&utm_medium=api_v3_business_lookup&utm_source=92p07_JjKyriZTQxAXRiKQ", "categories": [{"alias": "restaurants", "title": "Restaurants"}], "location": {"address3": null, "zip_code": "2611", "address1": "13 Trenerry St", "address2": null, "city": "Weston Creek", "state": "ACT", "country": "AU"}, "is_closed": false, "phone": "+61262873930", "image_url": "", "name": "Maestral Mediterranean Seafood Restaurant"}