{"id": "central-gardens-hawthorn", "rating": 4.5, "coordinates": {"longitude": 145.042244195938, "latitude": -37.8210989738611}, "is_claimed": false, "photos": ["https://s3-media4.fl.yelpcdn.com/bphoto/W2Q_ZsDLX3xVZmaGVVxeHg/o.jpg", "https://s3-media3.fl.yelpcdn.com/bphoto/97zXFonQkcN9zSF-RvTt5g/o.jpg"], "review_count": 2, "term": "attractions", "url": "https://www.yelp.com/biz/central-gardens-hawthorn?adjust_creative=92p07_JjKyriZTQxAXRiKQ&utm_campaign=yelp_api_v3&utm_medium=api_v3_business_lookup&utm_source=92p07_JjKyriZTQxAXRiKQ", "categories": [{"alias": "parks", "title": "Parks"}], "location": {"address3": "", "zip_code": "3122", "address1": "Henry St", "state": "VIC", "city": "Hawthorn", "address2": "", "country": "AU"}, "is_closed": false, "phone": "", "image_url": "https://s3-media3.fl.yelpcdn.com/bphoto/W2Q_ZsDLX3xVZmaGVVxeHg/o.jpg", "name": "Central Gardens"}