{"id": "banksia-park-bulleen", "rating": 4.0, "coordinates": {"longitude": 145.0855255, "latitude": -37.758419}, "is_claimed": false, "hours": [{"is_open_now": true, "open": [{"is_overnight": false, "end": "2100", "day": 0, "start": "0600"}, {"is_overnight": false, "end": "2100", "day": 1, "start": "0600"}, {"is_overnight": false, "end": "2100", "day": 2, "start": "0600"}, {"is_overnight": false, "end": "2100", "day": 3, "start": "0600"}, {"is_overnight": false, "end": "2100", "day": 4, "start": "0600"}, {"is_overnight": false, "end": "2100", "day": 5, "start": "0600"}, {"is_overnight": false, "end": "2100", "day": 6, "start": "0600"}], "hours_type": "REGULAR"}], "photos": ["https://s3-media4.fl.yelpcdn.com/bphoto/IuiH4ZXSFmhgbZ3eEgKyNQ/o.jpg"], "review_count": 1, "term": "attractions", "url": "https://www.yelp.com/biz/banksia-park-bulleen?adjust_creative=92p07_JjKyriZTQxAXRiKQ&utm_campaign=yelp_api_v3&utm_medium=api_v3_business_lookup&utm_source=92p07_JjKyriZTQxAXRiKQ", "categories": [{"title": "Playgrounds", "alias": "playgrounds"}, {"title": "Parks", "alias": "parks"}], "location": {"address3": null, "zip_code": "3105", "address1": "Templestowe Rd", "address2": null, "city": "Bulleen", "state": "VIC", "country": "AU"}, "is_closed": false, "phone": "+61131963", "image_url": "https://s3-media2.fl.yelpcdn.com/bphoto/IuiH4ZXSFmhgbZ3eEgKyNQ/o.jpg", "name": "Banksia Park"}