{"id": "creamfields-music-festival-daresbury", "rating": 4.0, "coordinates": {"longitude": -2.6059201, "latitude": 53.337429}, "is_claimed": false, "photos": ["https://s3-media3.fl.yelpcdn.com/bphoto/7S40iXxz3IKDsdcpJ2fuHg/o.jpg", "https://s3-media4.fl.yelpcdn.com/bphoto/7X4xyz-wbAIjOhGXn2zHig/o.jpg", "https://s3-media3.fl.yelpcdn.com/bphoto/AIPAN_6D6qj8Gn07SOHIzA/o.jpg"], "review_count": 4, "term": "attractions", "url": "https://www.yelp.com/biz/creamfields-music-festival-daresbury?adjust_creative=92p07_JjKyriZTQxAXRiKQ&utm_campaign=yelp_api_v3&utm_medium=api_v3_business_lookup&utm_source=92p07_JjKyriZTQxAXRiKQ", "categories": [{"title": "Festivals", "alias": "festivals"}], "image_url": "https://s3-media1.fl.yelpcdn.com/bphoto/7S40iXxz3IKDsdcpJ2fuHg/o.jpg", "is_closed": false, "phone": "+441517071309", "location": {"address3": "", "zip_code": "", "address1": "", "state": "HAL", "city": "Daresbury", "address2": "", "country": "GB"}, "name": "Creamfields Music Festival"}