{"id": "bendigo-bank-niddrie", "rating": 5.0, "coordinates": {"longitude": 144.8914642, "latitude": -37.7365608}, "is_claimed": false, "photos": [], "review_count": 1, "term": "attractions", "url": "https://www.yelp.com/biz/bendigo-bank-niddrie?adjust_creative=92p07_JjKyriZTQxAXRiKQ&utm_campaign=yelp_api_v3&utm_medium=api_v3_business_lookup&utm_source=92p07_JjKyriZTQxAXRiKQ", "categories": [], "location": {"address3": null, "zip_code": "3042", "address1": "338A Keilor Rd", "state": "VIC", "city": "Niddrie", "address2": null, "country": "AU"}, "is_closed": false, "phone": "+61393798198", "image_url": "", "name": "Bendigo Bank"}