{"id": "arkaba-cellars-fullarton", "rating": 4.0, "coordinates": {"longitude": 138.6257935, "latitude": -34.9471703}, "is_claimed": false, "hours": [{"is_open_now": true, "open": [{"is_overnight": false, "day": 0, "start": "0900", "end": "0000"}, {"is_overnight": false, "day": 1, "start": "0900", "end": "0000"}, {"is_overnight": false, "day": 2, "start": "0900", "end": "0000"}, {"is_overnight": false, "day": 3, "start": "0900", "end": "0000"}, {"is_overnight": false, "day": 4, "start": "0900", "end": "0000"}, {"is_overnight": false, "day": 5, "start": "0900", "end": "0000"}, {"is_overnight": false, "day": 6, "start": "0900", "end": "0000"}], "hours_type": "REGULAR"}], "photos": ["https://s3-media2.fl.yelpcdn.com/bphoto/FaJJhbUfQI3XfIszMqiZig/o.jpg"], "review_count": 3, "term": "hotels", "url": "https://www.yelp.com/biz/arkaba-cellars-fullarton?adjust_creative=92p07_JjKyriZTQxAXRiKQ&utm_campaign=yelp_api_v3&utm_medium=api_v3_business_lookup&utm_source=92p07_JjKyriZTQxAXRiKQ", "categories": [{"alias": "hotels", "title": "Hotels"}, {"alias": "wine_bars", "title": "Wine Bars"}], "location": {"address3": "", "zip_code": "5063", "address1": "150 Glen Osmond Rd", "address2": "", "city": "Fullarton", "state": "SA", "country": "AU"}, "is_closed": false, "phone": "+61883381100", "image_url": "https://s3-media3.fl.yelpcdn.com/bphoto/FaJJhbUfQI3XfIszMqiZig/o.jpg", "name": "Arkaba Cellars"}