{"id": "dj-sherrington-park-durack", "rating": 3.0, "coordinates": {"longitude": 152.9873047, "latitude": -27.5965004}, "is_claimed": false, "hours": [{"is_open_now": true, "open": [{"is_overnight": false, "day": 0, "start": "0000", "end": "0000"}, {"is_overnight": false, "day": 1, "start": "0000", "end": "0000"}, {"is_overnight": false, "day": 2, "start": "0000", "end": "0000"}, {"is_overnight": false, "day": 3, "start": "0000", "end": "0000"}, {"is_overnight": false, "day": 4, "start": "0000", "end": "0000"}, {"is_overnight": false, "day": 5, "start": "0000", "end": "0000"}, {"is_overnight": false, "day": 6, "start": "0000", "end": "0000"}], "hours_type": "REGULAR"}], "photos": ["https://s3-media1.fl.yelpcdn.com/bphoto/mpnykv87vhNLvYnFvhpcuw/o.jpg"], "review_count": 1, "term": "attractions", "url": "https://www.yelp.com/biz/dj-sherrington-park-durack?adjust_creative=92p07_JjKyriZTQxAXRiKQ&utm_campaign=yelp_api_v3&utm_medium=api_v3_business_lookup&utm_source=92p07_JjKyriZTQxAXRiKQ", "categories": [{"alias": "skate_parks", "title": "Skate Parks"}], "location": {"address3": "", "zip_code": "4077", "address1": "Corner Inala Ave & Blunder Rd", "address2": "", "city": "Durack", "state": "QLD", "country": "AU"}, "is_closed": false, "phone": "", "image_url": "https://s3-media1.fl.yelpcdn.com/bphoto/mpnykv87vhNLvYnFvhpcuw/o.jpg", "name": "DJ Sherrington Park"}