{"id": "jerrabomberra-hotel-and-bottle-shop-jerrabomberra", "rating": 0.0, "coordinates": {"longitude": 149.2004242, "latitude": -35.38134}, "is_claimed": false, "photos": ["https://s3-media2.fl.yelpcdn.com/bphoto/7V4NfAA1ar7aPJbdIv6r7A/o.jpg"], "review_count": 0, "term": "hotels", "url": "https://www.yelp.com/biz/jerrabomberra-hotel-and-bottle-shop-jerrabomberra?adjust_creative=92p07_JjKyriZTQxAXRiKQ&utm_campaign=yelp_api_v3&utm_medium=api_v3_business_lookup&utm_source=92p07_JjKyriZTQxAXRiKQ", "categories": [{"alias": "beer_and_wine", "title": "Beer, Wine & Spirits"}, {"alias": "hotels", "title": "Hotels"}], "location": {"address3": null, "zip_code": "2619", "address1": "2 Limestone Drv", "address2": null, "city": "Jerrabomberra", "state": "ACT", "country": "AU"}, "is_closed": false, "phone": "+61262998911", "image_url": "https://s3-media3.fl.yelpcdn.com/bphoto/7V4NfAA1ar7aPJbdIv6r7A/o.jpg", "name": "Jerrabomberra Hotel & Bottle Shop"}