{"id": "arrowe-country-park-wirral", "rating": 4.5, "coordinates": {"longitude": -3.0955601, "latitude": 53.3735695}, "is_claimed": false, "hours": [{"is_open_now": false, "open": [{"is_overnight": false, "end": "1700", "start": "0900", "day": 0}, {"is_overnight": false, "end": "1700", "start": "0900", "day": 1}, {"is_overnight": false, "end": "1700", "start": "0900", "day": 2}, {"is_overnight": false, "end": "1700", "start": "0900", "day": 3}, {"is_overnight": false, "end": "1700", "start": "0900", "day": 4}, {"is_overnight": false, "end": "1700", "start": "0900", "day": 5}, {"is_overnight": false, "end": "1700", "start": "0900", "day": 6}], "hours_type": "REGULAR"}], "photos": [], "review_count": 3, "term": "attractions", "url": "https://www.yelp.com/biz/arrowe-country-park-wirral?adjust_creative=92p07_JjKyriZTQxAXRiKQ&utm_campaign=yelp_api_v3&utm_medium=api_v3_business_lookup&utm_source=92p07_JjKyriZTQxAXRiKQ", "categories": [{"title": "Parks", "alias": "parks"}], "image_url": "", "is_closed": false, "phone": "+441516777594", "location": {"address3": "", "zip_code": "CH49 5LW", "address1": "Arrowe Park Road", "address2": "Upton", "city": "Wirral", "state": "XMS", "country": "GB"}, "name": "Arrowe Country Park"}