{"id": "fun-fair-hillarys", "rating": 4.0, "coordinates": {"longitude": 115.7468414, "latitude": -31.8076191}, "is_claimed": false, "photos": ["https://s3-media4.fl.yelpcdn.com/bphoto/ApwFK8p9nEOR3wDwA9cpgg/o.jpg"], "review_count": 3, "term": "attractions", "url": "https://www.yelp.com/biz/fun-fair-hillarys?adjust_creative=92p07_JjKyriZTQxAXRiKQ&utm_campaign=yelp_api_v3&utm_medium=api_v3_business_lookup&utm_source=92p07_JjKyriZTQxAXRiKQ", "categories": [{"alias": "amusementparks", "title": "Amusement Parks"}], "location": {"address3": "", "zip_code": "6025", "address1": "Hillary's Boat Harbour", "address2": "", "city": "Hillarys", "state": "WA", "country": "AU"}, "is_closed": false, "phone": "", "image_url": "https://s3-media3.fl.yelpcdn.com/bphoto/ApwFK8p9nEOR3wDwA9cpgg/o.jpg", "name": "Fun Fair"}