{"id": "cantor-arts-center-palo-alto", "rating": 4.5, "coordinates": {"longitude": -122.17184, "latitude": 37.43281}, "is_claimed": true, "hours": [{"is_open_now": false, "open": [{"is_overnight": false, "day": 0, "end": "1700", "start": "1100"}, {"is_overnight": false, "day": 2, "end": "1700", "start": "1100"}, {"is_overnight": false, "day": 3, "end": "2000", "start": "1100"}, {"is_overnight": false, "day": 4, "end": "1700", "start": "1100"}, {"is_overnight": false, "day": 5, "end": "1700", "start": "1100"}, {"is_overnight": false, "day": 6, "end": "1700", "start": "1100"}], "hours_type": "REGULAR"}], "photos": ["https://s3-media4.fl.yelpcdn.com/bphoto/ol0Mm1Lplz50QYfd_pnq0g/o.jpg", "https://s3-media3.fl.yelpcdn.com/bphoto/3LGe9u_4CiutXvH4O4s_DA/o.jpg", "https://s3-media1.fl.yelpcdn.com/bphoto/tMIfuSoe5IwHxobo2KbgTw/o.jpg"], "review_count": 216, "term": "attractions", "url": "https://www.yelp.com/biz/cantor-arts-center-palo-alto?adjust_creative=92p07_JjKyriZTQxAXRiKQ&utm_campaign=yelp_api_v3&utm_medium=api_v3_business_lookup&utm_source=92p07_JjKyriZTQxAXRiKQ", "categories": [{"alias": "museums", "title": "Museums"}], "location": {"address3": "", "zip_code": "94305", "address1": "328 Lomita Dr", "state": "CA", "city": "Palo Alto", "address2": "", "country": "US"}, "is_closed": false, "phone": "+16507234177", "image_url": "https://s3-media3.fl.yelpcdn.com/bphoto/ol0Mm1Lplz50QYfd_pnq0g/o.jpg", "name": "Cantor Arts Center"}