{"is_closed": false, "photos": ["https://s3-media4.fl.yelpcdn.com/bphoto/NzpShgyOu-XCYV69AwEf1g/o.jpg", "https://s3-media1.fl.yelpcdn.com/bphoto/4tjfdCedC1ZgMjRlDyNWpg/o.jpg", "https://s3-media1.fl.yelpcdn.com/bphoto/CKSWFdX70Oui0-thblUeyQ/o.jpg"], "location": {"zip_code": "6015", "address1": "187 Challenger Pde", "address3": "", "address2": "", "city": "City Beach", "country": "AU", "state": "WA"}, "image_url": "https://s3-media1.fl.yelpcdn.com/bphoto/NzpShgyOu-XCYV69AwEf1g/o.jpg", "price": "$$", "term": "restaurants", "is_claimed": true, "phone": "+61893857979", "id": "odyssea-beach-cafe-city-beach", "hours": [{"is_open_now": true, "hours_type": "REGULAR", "open": [{"is_overnight": false, "day": 0, "end": "2300", "start": "0700"}, {"is_overnight": false, "day": 1, "end": "2300", "start": "0700"}, {"is_overnight": false, "day": 2, "end": "2300", "start": "0700"}, {"is_overnight": false, "day": 3, "end": "2300", "start": "0700"}, {"is_overnight": false, "day": 4, "end": "2330", "start": "0700"}, {"is_overnight": false, "day": 5, "end": "2330", "start": "0700"}, {"is_overnight": false, "day": 6, "end": "2330", "start": "0700"}]}], "categories": [{"title": "Tapas/Small Plates", "alias": "tapasmallplates"}, {"title": "Australian", "alias": "australian"}], "rating": 4.0, "name": "Odyssea Beach Cafe", "url": "https://www.yelp.com/biz/odyssea-beach-cafe-city-beach?adjust_creative=92p07_JjKyriZTQxAXRiKQ&utm_campaign=yelp_api_v3&utm_medium=api_v3_business_lookup&utm_source=92p07_JjKyriZTQxAXRiKQ", "coordinates": {"latitude": -31.9382698170496, "longitude": 115.756126977503}, "review_count": 38}