{"id": "observatory-hill-park-millers-point", "rating": 4.5, "coordinates": {"longitude": 151.204786880502, "latitude": -33.8595587902848}, "is_claimed": false, "photos": ["https://s3-media3.fl.yelpcdn.com/bphoto/WQtLcfmEvl4vbKmcROvypg/o.jpg", "https://s3-media2.fl.yelpcdn.com/bphoto/MACZdGOQcDKRKrYuU9pELw/o.jpg", "https://s3-media3.fl.yelpcdn.com/bphoto/fNpXOA6z0r9TPaYXD1XqLQ/o.jpg"], "review_count": 7, "term": "attractions", "url": "https://www.yelp.com/biz/observatory-hill-park-millers-point?adjust_creative=92p07_JjKyriZTQxAXRiKQ&utm_campaign=yelp_api_v3&utm_medium=api_v3_business_lookup&utm_source=92p07_JjKyriZTQxAXRiKQ", "categories": [{"alias": "parks", "title": "Parks"}], "location": {"address3": "", "zip_code": "2000", "address1": "Upper Fort St", "state": "NSW", "city": "Millers Point", "address2": "", "country": "AU"}, "is_closed": false, "phone": "", "image_url": "https://s3-media4.fl.yelpcdn.com/bphoto/WQtLcfmEvl4vbKmcROvypg/o.jpg", "name": "Observatory Hill Park"}