{"id": "murray-rose-pool-redleaf-pool-double-bay", "rating": 4.0, "coordinates": {"longitude": 151.24752, "latitude": -33.87241}, "is_claimed": false, "hours": [{"is_open_now": true, "open": [{"is_overnight": true, "day": 0, "start": "0900", "end": "0900"}, {"is_overnight": true, "day": 1, "start": "0900", "end": "0900"}, {"is_overnight": true, "day": 2, "start": "0900", "end": "0900"}, {"is_overnight": true, "day": 3, "start": "0900", "end": "0900"}, {"is_overnight": true, "day": 4, "start": "0900", "end": "0900"}, {"is_overnight": true, "day": 5, "start": "0900", "end": "0900"}, {"is_overnight": true, "day": 6, "start": "0900", "end": "0900"}], "hours_type": "REGULAR"}], "photos": ["https://s3-media4.fl.yelpcdn.com/bphoto/GMTN7EQvI0dFSr3rO0Z4Ig/o.jpg", "https://s3-media1.fl.yelpcdn.com/bphoto/4pvr7HKNt4UUz0lXwvl-eQ/o.jpg", "https://s3-media2.fl.yelpcdn.com/bphoto/feuxTxkr-WZCOejAZTE32w/o.jpg"], "review_count": 9, "term": "attractions", "url": "https://www.yelp.com/biz/murray-rose-pool-redleaf-pool-double-bay?adjust_creative=92p07_JjKyriZTQxAXRiKQ&utm_campaign=yelp_api_v3&utm_medium=api_v3_business_lookup&utm_source=92p07_JjKyriZTQxAXRiKQ", "categories": [{"alias": "beaches", "title": "Beaches"}], "location": {"address3": "", "zip_code": "2028", "address1": "536 New South Head Rd", "address2": "", "city": "Double Bay", "state": "NSW", "country": "AU"}, "is_closed": false, "phone": "+611800036677", "image_url": "https://s3-media4.fl.yelpcdn.com/bphoto/GMTN7EQvI0dFSr3rO0Z4Ig/o.jpg", "name": "Murray Rose Pool - Redleaf Pool"}