{"id": "locos-travel-international-rosyth-3", "rating": 0.0, "coordinates": {"longitude": -3.40952427184357, "latitude": 56.0367816248045}, "is_claimed": true, "hours": [{"is_open_now": true, "open": [{"is_overnight": false, "day": 0, "start": "0000", "end": "0000"}, {"is_overnight": false, "day": 1, "start": "0000", "end": "0000"}, {"is_overnight": false, "day": 2, "start": "0000", "end": "0000"}, {"is_overnight": false, "day": 3, "start": "0000", "end": "0000"}, {"is_overnight": false, "day": 4, "start": "0000", "end": "0000"}, {"is_overnight": false, "day": 5, "start": "0000", "end": "0000"}, {"is_overnight": false, "day": 6, "start": "0000", "end": "0000"}], "hours_type": "REGULAR"}], "photos": ["https://s3-media2.fl.yelpcdn.com/bphoto/nUks1reiDqo_THvB8XSkrA/o.jpg", "https://s3-media2.fl.yelpcdn.com/bphoto/iqicf3-LIS5gDjOJynRoQw/o.jpg", "https://s3-media1.fl.yelpcdn.com/bphoto/5VCBjas_a2fTCcc3f8AmNg/o.jpg"], "review_count": 0, "term": "attractions", "url": "https://www.yelp.com/biz/locos-travel-international-rosyth-3?adjust_creative=92p07_JjKyriZTQxAXRiKQ&utm_campaign=yelp_api_v3&utm_medium=api_v3_business_lookup&utm_source=92p07_JjKyriZTQxAXRiKQ", "categories": [{"alias": "historicaltours", "title": "Historical Tours"}, {"alias": "bustours", "title": "Bus Tours"}, {"alias": "travelservices", "title": "Travel Services"}], "location": {"address3": "", "zip_code": "KY11", "address1": "54 Newton Crescent", "address2": "Rosyth", "city": "Rosyth", "state": "FIF", "country": "GB"}, "is_closed": false, "phone": "+441383417729", "image_url": "https://s3-media3.fl.yelpcdn.com/bphoto/nUks1reiDqo_THvB8XSkrA/o.jpg", "name": "Locos Travel International"}