{"id": "crosby-coastal-park-merseyside", "rating": 3.5, "coordinates": {"longitude": -3.0250399, "latitude": 53.5018692}, "is_claimed": false, "hours": [{"is_open_now": true, "open": [{"is_overnight": false, "day": 0, "start": "0000", "end": "0000"}, {"is_overnight": false, "day": 1, "start": "0000", "end": "0000"}, {"is_overnight": false, "day": 2, "start": "0000", "end": "0000"}, {"is_overnight": false, "day": 3, "start": "0000", "end": "0000"}, {"is_overnight": false, "day": 4, "start": "0000", "end": "0000"}, {"is_overnight": false, "day": 5, "start": "0000", "end": "0000"}, {"is_overnight": false, "day": 6, "start": "0000", "end": "0000"}], "hours_type": "REGULAR"}], "photos": ["https://s3-media4.fl.yelpcdn.com/bphoto/l2XjuDfA8EkAwQ2CruQtgA/o.jpg"], "review_count": 2, "term": "attractions", "url": "https://www.yelp.com/biz/crosby-coastal-park-merseyside?adjust_creative=92p07_JjKyriZTQxAXRiKQ&utm_campaign=yelp_api_v3&utm_medium=api_v3_business_lookup&utm_source=92p07_JjKyriZTQxAXRiKQ", "categories": [{"alias": "parks", "title": "Parks"}], "location": {"address3": "", "zip_code": "L23", "address1": "Crosby Beach", "address2": "", "city": "Merseyside", "state": "XMS", "country": "GB"}, "is_closed": false, "phone": "", "image_url": "https://s3-media3.fl.yelpcdn.com/bphoto/l2XjuDfA8EkAwQ2CruQtgA/o.jpg", "name": "Crosby Coastal Park"}