{"id": "hire-a-guide-stirling", "rating": 0.0, "coordinates": {"longitude": 149.0473328, "latitude": -35.3545418}, "is_claimed": false, "photos": [], "review_count": 0, "term": "hotels", "url": "https://www.yelp.com/biz/hire-a-guide-stirling?adjust_creative=92p07_JjKyriZTQxAXRiKQ&utm_campaign=yelp_api_v3&utm_medium=api_v3_business_lookup&utm_source=92p07_JjKyriZTQxAXRiKQ", "categories": [{"title": "Travel Services", "alias": "travelservices"}], "image_url": "", "is_closed": false, "phone": "+61262887894", "location": {"address3": null, "zip_code": "2611", "address1": "4 Reveley Crs", "state": "ACT", "city": "Stirling", "address2": null, "country": "AU"}, "name": "Hire-A-Guide"}