{"id": "essential-pilates-studio-bondi-junction", "rating": 0.0, "coordinates": {"longitude": 151.249054, "latitude": -33.8934402}, "is_claimed": true, "hours": [{"is_open_now": true, "open": [{"is_overnight": false, "day": 0, "end": "2000", "start": "0700"}, {"is_overnight": false, "day": 1, "end": "2000", "start": "0700"}, {"is_overnight": false, "day": 2, "end": "2000", "start": "0700"}, {"is_overnight": false, "day": 3, "end": "2000", "start": "0700"}, {"is_overnight": false, "day": 4, "end": "2000", "start": "0700"}, {"is_overnight": false, "day": 5, "end": "2000", "start": "0700"}, {"is_overnight": false, "day": 6, "end": "2000", "start": "0700"}], "hours_type": "REGULAR"}], "photos": ["https://s3-media2.fl.yelpcdn.com/bphoto/u25kwmtnkqChBMzHDnlcPA/o.jpg", "https://s3-media2.fl.yelpcdn.com/bphoto/qFjBlLjVEA6XqqeSjfDzhg/o.jpg", "https://s3-media2.fl.yelpcdn.com/bphoto/hdBuI0Zpm4OTnkFVvN2KBQ/o.jpg"], "review_count": 0, "term": "attractions", "url": "https://www.yelp.com/biz/essential-pilates-studio-bondi-junction?adjust_creative=92p07_JjKyriZTQxAXRiKQ&utm_campaign=yelp_api_v3&utm_medium=api_v3_business_lookup&utm_source=92p07_JjKyriZTQxAXRiKQ", "categories": [{"alias": "pilates", "title": "Pilates"}], "location": {"address3": "", "zip_code": "2022", "address1": "Shop 8", "state": "NSW", "city": "Bondi Junction", "address2": "80 Ebley St", "country": "AU"}, "is_closed": false, "phone": "+61497811390", "image_url": "https://s3-media4.fl.yelpcdn.com/bphoto/u25kwmtnkqChBMzHDnlcPA/o.jpg", "name": "Essential Pilates Studio"}