{"id": "darra-butcher-darra", "rating": 4.0, "coordinates": {"longitude": 152.9521332, "latitude": -27.5672894}, "is_claimed": false, "photos": ["https://s3-media1.fl.yelpcdn.com/bphoto/3xcWK94-h7EAUeTU30vRpg/o.jpg", "https://s3-media4.fl.yelpcdn.com/bphoto/0zFo34MtIJdGmKvSvJZNow/o.jpg"], "review_count": 1, "term": "attractions", "url": "https://www.yelp.com/biz/darra-butcher-darra?adjust_creative=92p07_JjKyriZTQxAXRiKQ&utm_campaign=yelp_api_v3&utm_medium=api_v3_business_lookup&utm_source=92p07_JjKyriZTQxAXRiKQ", "categories": [], "image_url": "https://s3-media1.fl.yelpcdn.com/bphoto/3xcWK94-h7EAUeTU30vRpg/o.jpg", "is_closed": false, "phone": "+61738790900", "location": {"address3": null, "zip_code": "4076", "address1": "131 Darra Station Rd", "state": "QLD", "city": "Darra", "address2": null, "country": "AU"}, "name": "Darra Butcher"}