{"id": "go-create-preston", "rating": 0.0, "coordinates": {"longitude": -2.6646448, "latitude": 53.7229671}, "is_claimed": true, "hours": [{"is_open_now": false, "open": [{"is_overnight": false, "day": 1, "start": "0900", "end": "1800"}, {"is_overnight": false, "day": 2, "start": "0900", "end": "1800"}, {"is_overnight": false, "day": 3, "start": "0900", "end": "1800"}, {"is_overnight": false, "day": 4, "start": "0900", "end": "1800"}, {"is_overnight": false, "day": 5, "start": "0900", "end": "1800"}, {"is_overnight": false, "day": 6, "start": "0900", "end": "1800"}], "hours_type": "REGULAR"}], "photos": ["https://s3-media1.fl.yelpcdn.com/bphoto/uoh9KrAFkTJbHmcRjz2-EA/o.jpg"], "review_count": 0, "term": "attractions", "url": "https://www.yelp.com/biz/go-create-preston?adjust_creative=92p07_JjKyriZTQxAXRiKQ&utm_campaign=yelp_api_v3&utm_medium=api_v3_business_lookup&utm_source=92p07_JjKyriZTQxAXRiKQ", "categories": [{"alias": "kids_activities", "title": "Kids Activities"}], "location": {"address3": "", "zip_code": "PR4 5BF", "address1": "3 Bridge Court", "address2": "Liverpool New Road", "city": "Preston", "state": "LAN", "country": "GB"}, "is_closed": false, "phone": "+441772616898", "image_url": "https://s3-media4.fl.yelpcdn.com/bphoto/uoh9KrAFkTJbHmcRjz2-EA/o.jpg", "name": "Go Create"}