{"id": "angie-capri-photography-concord-2", "rating": 5.0, "coordinates": {"longitude": -122.049469, "latitude": 37.9979782}, "is_claimed": true, "hours": [{"is_open_now": false, "open": [{"is_overnight": false, "end": "1930", "start": "1000", "day": 0}, {"is_overnight": false, "end": "1930", "start": "1000", "day": 1}, {"is_overnight": false, "end": "1930", "start": "1000", "day": 2}, {"is_overnight": false, "end": "1930", "start": "1000", "day": 3}, {"is_overnight": false, "end": "1930", "start": "1000", "day": 4}, {"is_overnight": false, "end": "1930", "start": "1000", "day": 5}, {"is_overnight": false, "end": "1930", "start": "1000", "day": 6}], "hours_type": "REGULAR"}], "photos": ["https://s3-media2.fl.yelpcdn.com/bphoto/JsUdyLmlkPW4lXWQ2Md52A/o.jpg", "https://s3-media2.fl.yelpcdn.com/bphoto/aVYp5eIirMkAvKbE3DB7Vw/o.jpg", "https://s3-media2.fl.yelpcdn.com/bphoto/fe8zKgw2n177y4_5BAhtPg/o.jpg"], "review_count": 50, "term": "attractions", "url": "https://www.yelp.com/biz/angie-capri-photography-concord-2?adjust_creative=92p07_JjKyriZTQxAXRiKQ&utm_campaign=yelp_api_v3&utm_medium=api_v3_business_lookup&utm_source=92p07_JjKyriZTQxAXRiKQ", "categories": [{"title": "Event Photography", "alias": "eventphotography"}, {"title": "Session Photography", "alias": "sessionphotography"}], "location": {"address3": "", "zip_code": "94521", "address1": "1980 Olivera Rd", "address2": "Ste C", "city": "Concord", "state": "CA", "country": "US"}, "is_closed": false, "phone": "+19253381104", "image_url": "https://s3-media2.fl.yelpcdn.com/bphoto/JsUdyLmlkPW4lXWQ2Md52A/o.jpg", "name": "Angie Capri Photography"}