{"id": "kiln-formed-glass-moorabbin", "rating": 0.0, "coordinates": {"longitude": 145.0701599, "latitude": -37.9456902}, "is_claimed": false, "photos": ["https://s3-media3.fl.yelpcdn.com/bphoto/B7ifi--fvU8r0BjbA_UWOA/o.jpg", "https://s3-media2.fl.yelpcdn.com/bphoto/vn2vfffPR-dtaV-GpKJRMQ/o.jpg", "https://s3-media4.fl.yelpcdn.com/bphoto/ng9DW-ZVNP-nojO-2Eh7Gg/o.jpg"], "review_count": 0, "term": "attractions", "url": "https://www.yelp.com/biz/kiln-formed-glass-moorabbin?adjust_creative=92p07_JjKyriZTQxAXRiKQ&utm_campaign=yelp_api_v3&utm_medium=api_v3_business_lookup&utm_source=92p07_JjKyriZTQxAXRiKQ", "categories": [], "image_url": "https://s3-media1.fl.yelpcdn.com/bphoto/B7ifi--fvU8r0BjbA_UWOA/o.jpg", "is_closed": false, "phone": "+61407846410", "location": {"address3": null, "zip_code": "3189", "address1": "64 Levanswell Rd", "state": "VIC", "city": "Moorabbin", "address2": null, "country": "AU"}, "name": "Kiln-Formed Glass"}