{"price": "\u00a3\u00a3\u00a3", "rating": 2.5, "coordinates": {"longitude": -0.19091698893529, "latitude": 51.498646762695}, "is_claimed": true, "hours": [{"is_open_now": true, "open": [{"is_overnight": false, "end": "0000", "start": "0000", "day": 0}, {"is_overnight": false, "end": "0000", "start": "0000", "day": 1}, {"is_overnight": false, "end": "0000", "start": "0000", "day": 2}, {"is_overnight": false, "end": "0000", "start": "0000", "day": 3}, {"is_overnight": false, "end": "0000", "start": "0000", "day": 4}, {"is_overnight": false, "end": "0000", "start": "0000", "day": 5}, {"is_overnight": false, "end": "0000", "start": "0000", "day": 6}], "hours_type": "REGULAR"}], "photos": ["https://s3-media1.fl.yelpcdn.com/bphoto/_4_PZyCjw_4UU2IeFFkD-Q/o.jpg", "https://s3-media3.fl.yelpcdn.com/bphoto/l_GJutJWaAiYaXyrU4Qc3Q/o.jpg", "https://s3-media1.fl.yelpcdn.com/bphoto/QOzCHlejfSI-gdEK8sfa7w/o.jpg"], "review_count": 52, "id": "copthorne-tara-hotel-kensington", "term": "attractions", "url": "https://www.yelp.com/biz/copthorne-tara-hotel-kensington?adjust_creative=92p07_JjKyriZTQxAXRiKQ&utm_campaign=yelp_api_v3&utm_medium=api_v3_business_lookup&utm_source=92p07_JjKyriZTQxAXRiKQ", "categories": [{"title": "Hotels", "alias": "hotels"}], "image_url": "https://s3-media4.fl.yelpcdn.com/bphoto/_4_PZyCjw_4UU2IeFFkD-Q/o.jpg", "is_closed": false, "phone": "+442079377211", "location": {"address3": "", "zip_code": "W8 5SR", "address1": "Scarsdale Place", "address2": "", "city": "Kensington", "state": "XGL", "country": "GB"}, "name": "Copthorne Tara Hotel"}