{"rating": 3.0, "url": "https://www.yelp.com/biz/ibis-styles-auckland-auckland-central?adjust_creative=92p07_JjKyriZTQxAXRiKQ&utm_campaign=yelp_api_v3&utm_medium=api_v3_business_lookup&utm_source=92p07_JjKyriZTQxAXRiKQ", "image_url": "https://s3-media2.fl.yelpcdn.com/bphoto/MDLD2By0_tULGVF6AnVLBw/o.jpg", "coordinates": {"latitude": -36.8472417, "longitude": 174.7648403}, "review_count": 2, "phone": "+6493089140", "is_claimed": true, "term": "hotels", "location": {"city": "Auckland Central", "address3": "", "address1": "20 Wyndham St", "address2": "", "state": "AUK", "country": "NZ", "zip_code": "1010"}, "categories": [{"title": "Hotels", "alias": "hotels"}], "photos": ["https://s3-media3.fl.yelpcdn.com/bphoto/MDLD2By0_tULGVF6AnVLBw/o.jpg", "https://s3-media3.fl.yelpcdn.com/bphoto/UqWlMhGg5AdwHoa3m9ZSZQ/o.jpg", "https://s3-media2.fl.yelpcdn.com/bphoto/sm3sVwb9QUVomT6gy7tyHQ/o.jpg"], "name": "Ibis Styles Auckland", "is_closed": false, "id": "ibis-styles-auckland-auckland-central"}