{"id": "calderdale-terraces-hebden-bridge", "rating": 0.0, "coordinates": {"longitude": -2.01306, "latitude": 53.74391}, "is_claimed": true, "hours": [{"is_open_now": false, "open": [{"is_overnight": false, "end": "2345", "day": 0, "start": "1100"}, {"is_overnight": false, "end": "2345", "day": 1, "start": "1100"}, {"is_overnight": false, "end": "2345", "day": 2, "start": "1100"}, {"is_overnight": false, "end": "2345", "day": 3, "start": "1100"}, {"is_overnight": false, "end": "2345", "day": 4, "start": "1100"}, {"is_overnight": false, "end": "2345", "day": 5, "start": "1100"}, {"is_overnight": false, "end": "2345", "day": 6, "start": "1100"}], "hours_type": "REGULAR"}], "photos": ["https://s3-media2.fl.yelpcdn.com/bphoto/IJ3Uy8rwNOpX_DGUb9Tpug/o.jpg", "https://s3-media3.fl.yelpcdn.com/bphoto/f7I5wNT2qgXzhjyPHhC_7w/o.jpg", "https://s3-media2.fl.yelpcdn.com/bphoto/Q75okKQLRhbeUcybccptQw/o.jpg"], "review_count": 0, "term": "attractions", "url": "https://www.yelp.com/biz/calderdale-terraces-hebden-bridge?adjust_creative=92p07_JjKyriZTQxAXRiKQ&utm_campaign=yelp_api_v3&utm_medium=api_v3_business_lookup&utm_source=92p07_JjKyriZTQxAXRiKQ", "categories": [{"title": "Guest Houses", "alias": "guesthouses"}], "location": {"address3": "", "zip_code": "HX7 7DJ", "address1": "Sackville Street", "address2": null, "city": "Hebden Bridge", "state": "XWY", "country": "GB"}, "is_closed": false, "phone": "+441614089622", "image_url": "https://s3-media1.fl.yelpcdn.com/bphoto/IJ3Uy8rwNOpX_DGUb9Tpug/o.jpg", "name": "Calderdale Terraces"}