{"id": "ffrith-fun-parc-bowling-prestatyn", "rating": 3.0, "coordinates": {"longitude": -3.4363599, "latitude": 53.3319817}, "is_claimed": false, "photos": ["https://s3-media1.fl.yelpcdn.com/bphoto/P9Obp5Wn2ggzVQ5u-hSnQw/o.jpg"], "review_count": 1, "term": "attractions", "url": "https://www.yelp.com/biz/ffrith-fun-parc-bowling-prestatyn?adjust_creative=92p07_JjKyriZTQxAXRiKQ&utm_campaign=yelp_api_v3&utm_medium=api_v3_business_lookup&utm_source=92p07_JjKyriZTQxAXRiKQ", "categories": [{"alias": "bowling", "title": "Bowling"}], "location": {"address3": "", "zip_code": "LL19 7AR", "address1": "Ffrith Beach", "address2": "Victoria Road West", "city": "Prestatyn", "state": "DEN", "country": "GB"}, "is_closed": false, "phone": "+441745850079", "image_url": "https://s3-media2.fl.yelpcdn.com/bphoto/P9Obp5Wn2ggzVQ5u-hSnQw/o.jpg", "name": "Ffrith Fun Parc Bowling"}