{"id": "chester-grosvenor-and-spa-chester", "rating": 4.5, "coordinates": {"longitude": -2.88858, "latitude": 53.1907751}, "is_claimed": false, "photos": ["https://s3-media2.fl.yelpcdn.com/bphoto/cTBjSLzvw8ffGVIjXTzXqA/o.jpg", "https://s3-media2.fl.yelpcdn.com/bphoto/PqvyVaeuGrj5d1Qu1IUhPw/o.jpg", "https://s3-media1.fl.yelpcdn.com/bphoto/PANhGgA67RcV64hC9nBvSg/o.jpg"], "review_count": 22, "price": "\u00a3\u00a3\u00a3", "term": "attractions", "url": "https://www.yelp.com/biz/chester-grosvenor-and-spa-chester?adjust_creative=92p07_JjKyriZTQxAXRiKQ&utm_campaign=yelp_api_v3&utm_medium=api_v3_business_lookup&utm_source=92p07_JjKyriZTQxAXRiKQ", "categories": [{"title": "Hotels", "alias": "hotels"}], "image_url": "https://s3-media2.fl.yelpcdn.com/bphoto/cTBjSLzvw8ffGVIjXTzXqA/o.jpg", "is_closed": false, "phone": "+441244324024", "location": {"address3": "", "zip_code": "CH1 1LT", "address1": "58 Eastgate St", "state": "CHW", "city": "Chester", "address2": "", "country": "GB"}, "name": "Chester Grosvenor and Spa"}