{"id": "journey-to-atlantis-sea-world-san-diego-2", "rating": 4.0, "coordinates": {"longitude": -83.475198, "latitude": 42.578936}, "is_claimed": false, "photos": ["https://s3-media2.fl.yelpcdn.com/bphoto/ZswSWAKBtol7QrcK41mKLA/o.jpg", "https://s3-media1.fl.yelpcdn.com/bphoto/7RRp4PV6GZcGYdt-AnP6lg/o.jpg", "https://s3-media3.fl.yelpcdn.com/bphoto/u-FdGs1kvoS7lRKHmI_-dw/o.jpg"], "review_count": 35, "term": "attractions", "url": "https://www.yelp.com/biz/journey-to-atlantis-sea-world-san-diego-2?adjust_creative=92p07_JjKyriZTQxAXRiKQ&utm_campaign=yelp_api_v3&utm_medium=api_v3_business_lookup&utm_source=92p07_JjKyriZTQxAXRiKQ", "categories": [{"title": "Amusement Parks", "alias": "amusementparks"}], "image_url": "https://s3-media2.fl.yelpcdn.com/bphoto/ZswSWAKBtol7QrcK41mKLA/o.jpg", "is_closed": false, "phone": "+18002574268", "location": {"address3": "", "zip_code": "92109", "address1": "500 Sea World Dr", "state": "CA", "city": "San Diego", "address2": "", "country": "US"}, "name": "Journey to Atlantis - Sea World"}