{"is_closed": false, "photos": ["https://s3-media2.fl.yelpcdn.com/bphoto/QBPKQY_Ljr9ASrT8HMeGKQ/o.jpg", "https://s3-media4.fl.yelpcdn.com/bphoto/GuwUnEbHT0iEMIXezHIS9A/o.jpg", "https://s3-media4.fl.yelpcdn.com/bphoto/9e1cdvJrFge25P7gNDfn0g/o.jpg"], "review_count": 70, "price": "$$", "term": "restaurants", "is_claimed": true, "image_url": "https://s3-media4.fl.yelpcdn.com/bphoto/QBPKQY_Ljr9ASrT8HMeGKQ/o.jpg", "id": "cantina-663-mt-lawley", "hours": [{"is_open_now": true, "hours_type": "REGULAR", "open": [{"is_overnight": false, "start": "0730", "end": "2230", "day": 0}, {"is_overnight": false, "start": "0730", "end": "2230", "day": 1}, {"is_overnight": false, "start": "0730", "end": "2230", "day": 2}, {"is_overnight": false, "start": "0730", "end": "2230", "day": 3}, {"is_overnight": false, "start": "0730", "end": "2300", "day": 4}, {"is_overnight": false, "start": "0730", "end": "2300", "day": 5}, {"is_overnight": false, "start": "0730", "end": "1500", "day": 6}]}], "location": {"zip_code": "6050", "address1": "663 Beaufort St", "address3": null, "address2": null, "city": "Mt Lawley", "country": "AU", "state": "WA"}, "categories": [{"title": "Breakfast & Brunch", "alias": "breakfast_brunch"}, {"title": "Coffee & Tea", "alias": "coffee"}], "phone": "+61893704883", "rating": 4.0, "name": "Cantina 663", "url": "https://www.yelp.com/biz/cantina-663-mt-lawley?adjust_creative=92p07_JjKyriZTQxAXRiKQ&utm_campaign=yelp_api_v3&utm_medium=api_v3_business_lookup&utm_source=92p07_JjKyriZTQxAXRiKQ", "coordinates": {"latitude": -31.9336624443474, "longitude": 115.872502326965}}