{"price": "$$", "rating": 2.5, "coordinates": {"longitude": 138.6428375, "latitude": -34.946701}, "is_claimed": false, "photos": ["https://s3-media2.fl.yelpcdn.com/bphoto/sAjZkAtpHQBvWMp_nmZdVA/o.jpg", "https://s3-media4.fl.yelpcdn.com/bphoto/SBb8t76QRZFlB31SctLg3w/o.jpg", "https://s3-media3.fl.yelpcdn.com/bphoto/XKZa0lQlC3hSxo2AYtn5nA/o.jpg"], "review_count": 2, "id": "golden-chain-adelaide-granada-motor-inn-glenunga", "term": "hotels", "url": "https://www.yelp.com/biz/golden-chain-adelaide-granada-motor-inn-glenunga?adjust_creative=92p07_JjKyriZTQxAXRiKQ&utm_campaign=yelp_api_v3&utm_medium=api_v3_business_lookup&utm_source=92p07_JjKyriZTQxAXRiKQ", "categories": [{"alias": "hotels", "title": "Hotels"}], "location": {"address3": null, "zip_code": "5064", "address1": "493 Portrush Rd", "state": "SA", "city": "Glenunga", "address2": null, "country": "AU"}, "is_closed": false, "phone": "+61883383822", "image_url": "https://s3-media1.fl.yelpcdn.com/bphoto/sAjZkAtpHQBvWMp_nmZdVA/o.jpg", "name": "Golden Chain Adelaide Granada Motor Inn"}