{"id": "oz-comic-con-wayville-2", "rating": 4.5, "coordinates": {"longitude": 138.588343096265, "latitude": -34.9452045199556}, "is_claimed": false, "photos": ["https://s3-media2.fl.yelpcdn.com/bphoto/FiTnOtpnpC1ZcbLDwTz51g/o.jpg", "https://s3-media1.fl.yelpcdn.com/bphoto/skXFuR1C6NlWQsVN2QhSRw/o.jpg", "https://s3-media1.fl.yelpcdn.com/bphoto/mfGoVU_BlZ3sRs9WwC7oNA/o.jpg"], "review_count": 3, "term": "attractions", "url": "https://www.yelp.com/biz/oz-comic-con-wayville-2?adjust_creative=92p07_JjKyriZTQxAXRiKQ&utm_campaign=yelp_api_v3&utm_medium=api_v3_business_lookup&utm_source=92p07_JjKyriZTQxAXRiKQ", "categories": [{"alias": "festivals", "title": "Festivals"}], "location": {"address3": "", "zip_code": "5034", "address1": "Adelaide Show Grounds", "state": "SA", "city": "Wayville", "address2": "Goodwood Rd", "country": "AU"}, "is_closed": false, "phone": "", "image_url": "https://s3-media4.fl.yelpcdn.com/bphoto/FiTnOtpnpC1ZcbLDwTz51g/o.jpg", "name": "Oz Comic Con"}