{"id": "roseville-golf-club-roseville", "rating": 3.0, "coordinates": {"longitude": 151.1942902, "latitude": -33.7771683}, "is_claimed": true, "hours": [{"is_open_now": true, "open": [{"is_overnight": false, "end": "1900", "start": "0900", "day": 0}, {"is_overnight": false, "end": "1900", "start": "0900", "day": 1}, {"is_overnight": false, "end": "1900", "start": "0900", "day": 2}, {"is_overnight": false, "end": "1900", "start": "0900", "day": 3}, {"is_overnight": false, "end": "1900", "start": "0900", "day": 4}, {"is_overnight": false, "end": "1900", "start": "0900", "day": 5}, {"is_overnight": false, "end": "1900", "start": "0900", "day": 6}], "hours_type": "REGULAR"}], "photos": ["https://s3-media2.fl.yelpcdn.com/bphoto/Y8MLcSZNx_LyxSgVfn0ASg/o.jpg", "https://s3-media3.fl.yelpcdn.com/bphoto/HAnIcpwS9hHZ7Rp7WfwRAw/o.jpg", "https://s3-media3.fl.yelpcdn.com/bphoto/FNLDJ3-Kshmy50oXXXgMGg/o.jpg"], "review_count": 1, "term": "attractions", "url": "https://www.yelp.com/biz/roseville-golf-club-roseville?adjust_creative=92p07_JjKyriZTQxAXRiKQ&utm_campaign=yelp_api_v3&utm_medium=api_v3_business_lookup&utm_source=92p07_JjKyriZTQxAXRiKQ", "categories": [{"title": "Golf", "alias": "golf"}], "image_url": "https://s3-media4.fl.yelpcdn.com/bphoto/Y8MLcSZNx_LyxSgVfn0ASg/o.jpg", "is_closed": false, "phone": "+61284671800", "location": {"address3": null, "zip_code": "2069", "address1": "4 Links Ave", "address2": null, "city": "Roseville", "state": "NSW", "country": "AU"}, "name": "Roseville Golf Club"}