{"id": "collingwood-leisure-centre-clifton-hill", "rating": 4.0, "coordinates": {"longitude": 144.993932247162, "latitude": -37.7890310048821}, "is_claimed": true, "hours": [{"is_open_now": true, "open": [{"is_overnight": false, "day": 0, "start": "0600", "end": "2100"}, {"is_overnight": false, "day": 1, "start": "0600", "end": "2100"}, {"is_overnight": false, "day": 2, "start": "0600", "end": "2100"}, {"is_overnight": false, "day": 3, "start": "0600", "end": "2100"}, {"is_overnight": false, "day": 4, "start": "0600", "end": "2000"}, {"is_overnight": false, "day": 5, "start": "0800", "end": "1800"}, {"is_overnight": false, "day": 6, "start": "0800", "end": "1800"}], "hours_type": "REGULAR"}], "photos": ["https://s3-media3.fl.yelpcdn.com/bphoto/p_3-UN_cHDExf9uGZA7FfQ/o.jpg", "https://s3-media1.fl.yelpcdn.com/bphoto/H42ODURAi8ZPBZroTn4RPg/o.jpg", "https://s3-media3.fl.yelpcdn.com/bphoto/m_dGECKNxMMsHJwqjKLlkA/o.jpg"], "review_count": 4, "term": "attractions", "url": "https://www.yelp.com/biz/collingwood-leisure-centre-clifton-hill?adjust_creative=92p07_JjKyriZTQxAXRiKQ&utm_campaign=yelp_api_v3&utm_medium=api_v3_business_lookup&utm_source=92p07_JjKyriZTQxAXRiKQ", "categories": [{"alias": "swimmingpools", "title": "Swimming Pools"}, {"alias": "leisure_centers", "title": "Leisure Centers"}, {"alias": "gyms", "title": "Gyms"}], "location": {"address3": null, "zip_code": "3068", "address1": "Turnbull St", "address2": null, "city": "Clifton Hill", "state": "VIC", "country": "AU"}, "is_closed": false, "phone": "+61392055522", "image_url": "https://s3-media4.fl.yelpcdn.com/bphoto/p_3-UN_cHDExf9uGZA7FfQ/o.jpg", "name": "Collingwood Leisure Centre"}