{"photos": ["https://s3-media4.fl.yelpcdn.com/bphoto/XvYA2WG8g7WwNSo5_P1v8g/o.jpg", "https://s3-media1.fl.yelpcdn.com/bphoto/FiDVgAGDbmj0hmuU8ktIhA/o.jpg", "https://s3-media2.fl.yelpcdn.com/bphoto/qfC0VxQ6sGj_YSx4fNvLYA/o.jpg"], "is_closed": false, "location": {"zip_code": "6100", "address1": "439 Albany Hwy", "address3": "", "country": "AU", "city": "Victoria Park", "address2": "", "state": "WA"}, "price": "$$", "term": "restaurants", "is_claimed": true, "image_url": "https://s3-media3.fl.yelpcdn.com/bphoto/XvYA2WG8g7WwNSo5_P1v8g/o.jpg", "id": "hey-griller-victoria-park", "hours": [{"is_open_now": false, "hours_type": "REGULAR", "open": [{"is_overnight": false, "day": 1, "end": "2130", "start": "1700"}, {"is_overnight": false, "day": 2, "end": "2130", "start": "1700"}, {"is_overnight": false, "day": 3, "end": "2130", "start": "1700"}, {"is_overnight": false, "day": 4, "end": "2200", "start": "1700"}, {"is_overnight": false, "day": 5, "end": "2200", "start": "1700"}, {"is_overnight": false, "day": 6, "end": "2130", "start": "1700"}]}], "categories": [{"title": "Asian Fusion", "alias": "asianfusion"}, {"title": "Modern Australian", "alias": "modern_australian"}], "phone": "+61451825520", "rating": 4.0, "name": "Hey Griller", "url": "https://www.yelp.com/biz/hey-griller-victoria-park?adjust_creative=92p07_JjKyriZTQxAXRiKQ&utm_campaign=yelp_api_v3&utm_medium=api_v3_business_lookup&utm_source=92p07_JjKyriZTQxAXRiKQ", "coordinates": {"latitude": -31.97567, "longitude": 115.89757}, "review_count": 11}