{"id": "jolly-miller-tavern-hindmarsh", "rating": 3.0, "coordinates": {"longitude": 138.5705109, "latitude": -34.9096947}, "is_claimed": false, "photos": ["https://s3-media2.fl.yelpcdn.com/bphoto/66fOc3R-C3fVuk3POuSONQ/o.jpg"], "review_count": 1, "price": "$$", "term": "hotels", "url": "https://www.yelp.com/biz/jolly-miller-tavern-hindmarsh?adjust_creative=92p07_JjKyriZTQxAXRiKQ&utm_campaign=yelp_api_v3&utm_medium=api_v3_business_lookup&utm_source=92p07_JjKyriZTQxAXRiKQ", "categories": [{"title": "Hotels", "alias": "hotels"}], "image_url": "https://s3-media1.fl.yelpcdn.com/bphoto/66fOc3R-C3fVuk3POuSONQ/o.jpg", "is_closed": false, "phone": "+61883464260", "location": {"address3": null, "zip_code": "5007", "address1": "14 Adam St", "state": "SA", "city": "Hindmarsh", "address2": null, "country": "AU"}, "name": "Jolly Miller Tavern"}