{"price": "$", "rating": 3.0, "coordinates": {"longitude": 138.5773773, "latitude": -34.9136887}, "is_claimed": true, "hours": [{"is_open_now": false, "open": [{"is_overnight": false, "day": 0, "end": "2200", "start": "1030"}, {"is_overnight": false, "day": 1, "end": "0000", "start": "1030"}, {"is_overnight": false, "day": 2, "end": "0000", "start": "1030"}, {"is_overnight": false, "day": 3, "end": "0000", "start": "1030"}, {"is_overnight": true, "day": 4, "end": "0200", "start": "1030"}, {"is_overnight": true, "day": 5, "end": "0200", "start": "1030"}, {"is_overnight": false, "day": 6, "end": "2000", "start": "1200"}], "hours_type": "REGULAR"}], "photos": ["https://s3-media1.fl.yelpcdn.com/bphoto/embKkPaDzCMifvKFrrVkZA/o.jpg", "https://s3-media2.fl.yelpcdn.com/bphoto/MuZj_6_XNLDZOiAt7K3HsA/o.jpg", "https://s3-media2.fl.yelpcdn.com/bphoto/Z4ig6P18_FyEu_W4C1AcTg/o.jpg"], "review_count": 2, "id": "southwark-hotel-thebarton", "term": "hotels", "url": "https://www.yelp.com/biz/southwark-hotel-thebarton?adjust_creative=92p07_JjKyriZTQxAXRiKQ&utm_campaign=yelp_api_v3&utm_medium=api_v3_business_lookup&utm_source=92p07_JjKyriZTQxAXRiKQ", "categories": [{"alias": "hotels", "title": "Hotels"}], "location": {"address3": null, "zip_code": "5031", "address1": "77 Port Rd", "state": "SA", "city": "Thebarton", "address2": null, "country": "AU"}, "is_closed": false, "phone": "+61884435241", "image_url": "https://s3-media4.fl.yelpcdn.com/bphoto/embKkPaDzCMifvKFrrVkZA/o.jpg", "name": "Southwark Hotel"}