{"id": "rhein-donau-club-melville-2", "rating": 4.5, "coordinates": {"longitude": 115.8159931, "latitude": -32.0427012}, "is_claimed": true, "hours": [{"is_open_now": false, "open": [{"is_overnight": false, "day": 2, "end": "2100", "start": "1730"}, {"is_overnight": false, "day": 4, "end": "2130", "start": "1730"}, {"is_overnight": false, "day": 5, "end": "2230", "start": "1800"}, {"is_overnight": false, "day": 6, "end": "2030", "start": "1730"}], "hours_type": "REGULAR"}], "photos": ["https://s3-media4.fl.yelpcdn.com/bphoto/4V0k3jB_hpf5iEBhbU6uQg/o.jpg", "https://s3-media2.fl.yelpcdn.com/bphoto/RDHj8QkPdGolGWlhdIRf5g/o.jpg", "https://s3-media2.fl.yelpcdn.com/bphoto/jD7bNjwaujT_zbUoAHDlbw/o.jpg"], "review_count": 2, "term": "attractions", "url": "https://www.yelp.com/biz/rhein-donau-club-melville-2?adjust_creative=92p07_JjKyriZTQxAXRiKQ&utm_campaign=yelp_api_v3&utm_medium=api_v3_business_lookup&utm_source=92p07_JjKyriZTQxAXRiKQ", "categories": [{"alias": "social_clubs", "title": "Social Clubs"}, {"alias": "german", "title": "German"}, {"alias": "venues", "title": "Venues & Event Spaces"}], "location": {"address3": null, "zip_code": "6154", "address1": "110 North Lake Rd", "state": "WA", "city": "Melville", "address2": null, "country": "AU"}, "is_closed": false, "phone": "+61893306488", "image_url": "https://s3-media1.fl.yelpcdn.com/bphoto/4V0k3jB_hpf5iEBhbU6uQg/o.jpg", "name": "Rhein-Donau Club"}