{"id": "bruntwood-park-manchester", "rating": 4.0, "coordinates": {"longitude": -2.2123744, "latitude": 53.3802732}, "is_claimed": false, "photos": ["https://s3-media3.fl.yelpcdn.com/bphoto/mJuoaAf1PWo4hfeDwbvEDg/o.jpg", "https://s3-media2.fl.yelpcdn.com/bphoto/qarsHM1b_k_aCUjzZkPANg/o.jpg", "https://s3-media2.fl.yelpcdn.com/bphoto/5NA9nAtJT3cT7TyLWqjmCw/o.jpg"], "review_count": 5, "term": "attractions", "url": "https://www.yelp.com/biz/bruntwood-park-manchester?adjust_creative=92p07_JjKyriZTQxAXRiKQ&utm_campaign=yelp_api_v3&utm_medium=api_v3_business_lookup&utm_source=92p07_JjKyriZTQxAXRiKQ", "categories": [{"title": "Parks", "alias": "parks"}], "image_url": "https://s3-media1.fl.yelpcdn.com/bphoto/mJuoaAf1PWo4hfeDwbvEDg/o.jpg", "is_closed": false, "phone": "", "location": {"address3": null, "zip_code": "SK8 1HX", "address1": null, "address2": "", "city": "Manchester", "state": "MAN", "country": "GB"}, "name": "Bruntwood Park"}