{"id": "liverpool-taxis-liverpool", "rating": 0.0, "coordinates": {"longitude": -2.99347, "latitude": 53.405201}, "is_claimed": true, "hours": [{"is_open_now": true, "open": [{"is_overnight": false, "day": 0, "end": "0000", "start": "0000"}, {"is_overnight": false, "day": 1, "end": "0000", "start": "0000"}, {"is_overnight": false, "day": 2, "end": "0000", "start": "0000"}, {"is_overnight": false, "day": 3, "end": "0000", "start": "0000"}, {"is_overnight": false, "day": 4, "end": "0000", "start": "0000"}, {"is_overnight": false, "day": 5, "end": "0000", "start": "0000"}, {"is_overnight": false, "day": 6, "end": "0000", "start": "0000"}], "hours_type": "REGULAR"}], "photos": ["https://s3-media2.fl.yelpcdn.com/bphoto/LcefyVHSM1IDvM8XFuRClg/o.jpg", "https://s3-media3.fl.yelpcdn.com/bphoto/cIswRtAPJN2NadN3D6dy2A/o.jpg", "https://s3-media1.fl.yelpcdn.com/bphoto/MDxugbqHHMByqzGXpeICxg/o.jpg"], "review_count": 0, "term": "attractions", "url": "https://www.yelp.com/biz/liverpool-taxis-liverpool?adjust_creative=92p07_JjKyriZTQxAXRiKQ&utm_campaign=yelp_api_v3&utm_medium=api_v3_business_lookup&utm_source=92p07_JjKyriZTQxAXRiKQ", "categories": [{"alias": "taxis", "title": "Taxis"}], "location": {"address3": "", "zip_code": "L20 3HL", "address1": "Strand Road", "state": "XGM", "city": "Liverpool", "address2": "", "country": "GB"}, "is_closed": false, "phone": "+441513292673", "image_url": "https://s3-media2.fl.yelpcdn.com/bphoto/LcefyVHSM1IDvM8XFuRClg/o.jpg", "name": "Liverpool Taxis"}