{"id": "fly-bay-area-san-carlos", "rating": 5.0, "coordinates": {"longitude": -122.250713, "latitude": 37.5154458}, "is_claimed": true, "hours": [{"is_open_now": false, "open": [{"is_overnight": false, "end": "1700", "start": "0900", "day": 0}, {"is_overnight": false, "end": "1700", "start": "0900", "day": 1}, {"is_overnight": false, "end": "1700", "start": "0900", "day": 2}, {"is_overnight": false, "end": "1700", "start": "0900", "day": 3}, {"is_overnight": false, "end": "1700", "start": "0900", "day": 4}, {"is_overnight": false, "end": "1700", "start": "0900", "day": 5}, {"is_overnight": false, "end": "1700", "start": "0900", "day": 6}], "hours_type": "REGULAR"}], "photos": ["https://s3-media4.fl.yelpcdn.com/bphoto/BmuCLhA2DHRsAzowVWaz8A/o.jpg", "https://s3-media3.fl.yelpcdn.com/bphoto/_RrVkPJ5dxB4cb39WKniZQ/o.jpg", "https://s3-media4.fl.yelpcdn.com/bphoto/QKue9tOxKmFNlr6KQBWyBQ/o.jpg"], "review_count": 139, "term": "attractions", "url": "https://www.yelp.com/biz/fly-bay-area-san-carlos?adjust_creative=92p07_JjKyriZTQxAXRiKQ&utm_campaign=yelp_api_v3&utm_medium=api_v3_business_lookup&utm_source=92p07_JjKyriZTQxAXRiKQ", "categories": [{"title": "Flight Instruction", "alias": "flightinstruction"}, {"title": "Tours", "alias": "tours"}], "location": {"address3": "", "zip_code": "94070", "address1": "620 Airport Dr", "address2": "Ste 7", "city": "San Carlos", "state": "CA", "country": "US"}, "is_closed": false, "phone": "+16506312927", "image_url": "https://s3-media2.fl.yelpcdn.com/bphoto/8A4T7frlNHYg2WFNl50QCQ/o.jpg", "name": "Fly Bay Area"}