{"id": "north-harbour-reserve-balgowlah", "rating": 4.0, "coordinates": {"longitude": 151.2649384, "latitude": -33.7938385}, "is_claimed": false, "photos": [], "review_count": 2, "term": "attractions", "url": "https://www.yelp.com/biz/north-harbour-reserve-balgowlah?adjust_creative=92p07_JjKyriZTQxAXRiKQ&utm_campaign=yelp_api_v3&utm_medium=api_v3_business_lookup&utm_source=92p07_JjKyriZTQxAXRiKQ", "categories": [{"alias": "beaches", "title": "Beaches"}, {"alias": "dog_parks", "title": "Dog Parks"}], "location": {"address3": "", "zip_code": "2093", "address1": "LOT 7001 Condamine St S", "address2": "", "city": "Balgowlah", "state": "NSW", "country": "AU"}, "is_closed": false, "phone": "", "image_url": "", "name": "North Harbour Reserve"}