{"id": "singapore-airlines-brindabella-business-park", "rating": 0.0, "coordinates": {"longitude": 149.193368532278, "latitude": -35.3052746017686}, "is_claimed": false, "hours": [{"is_open_now": false, "open": [{"is_overnight": false, "day": 0, "end": "1730", "start": "0830"}, {"is_overnight": false, "day": 1, "end": "1730", "start": "0830"}, {"is_overnight": false, "day": 2, "end": "1730", "start": "0830"}, {"is_overnight": false, "day": 3, "end": "1730", "start": "0830"}, {"is_overnight": false, "day": 4, "end": "1730", "start": "0830"}], "hours_type": "REGULAR"}], "photos": [], "review_count": 0, "term": "hotels", "url": "https://www.yelp.com/biz/singapore-airlines-brindabella-business-park?adjust_creative=92p07_JjKyriZTQxAXRiKQ&utm_campaign=yelp_api_v3&utm_medium=api_v3_business_lookup&utm_source=92p07_JjKyriZTQxAXRiKQ", "categories": [{"alias": "airlines", "title": "Airlines"}], "location": {"address3": null, "zip_code": "2609", "address1": "2 Brindabella Circuit", "state": "ACT", "city": "Brindabella Business Park", "address2": "", "country": "AU"}, "is_closed": false, "phone": "+61262752222", "image_url": "", "name": "Singapore Airlines"}