{"price": "$$", "rating": 4.5, "coordinates": {"longitude": 149.1292114, "latitude": -35.3028183}, "is_claimed": true, "hours": [{"is_open_now": false, "open": [{"is_overnight": false, "end": "1700", "start": "0730", "day": 0}, {"is_overnight": false, "end": "1700", "start": "0730", "day": 1}, {"is_overnight": false, "end": "1700", "start": "0730", "day": 2}, {"is_overnight": false, "end": "1700", "start": "0730", "day": 3}, {"is_overnight": false, "end": "1600", "start": "0730", "day": 4}, {"is_overnight": false, "end": "1600", "start": "0900", "day": 5}, {"is_overnight": false, "end": "1600", "start": "0900", "day": 6}], "hours_type": "REGULAR"}], "photos": ["https://s3-media1.fl.yelpcdn.com/bphoto/KUE3D5n7vFWbGVnYuesRJg/o.jpg", "https://s3-media2.fl.yelpcdn.com/bphoto/MaonIRFBMUC525tfcRE0kQ/o.jpg", "https://s3-media4.fl.yelpcdn.com/bphoto/mMtX03gMW7eiYd27OxPT_A/o.jpg"], "review_count": 5, "id": "bookplate-caf\u00e9-parkes", "term": "restaurants", "url": "https://www.yelp.com/biz/bookplate-caf%C3%A9-parkes?adjust_creative=92p07_JjKyriZTQxAXRiKQ&utm_campaign=yelp_api_v3&utm_medium=api_v3_business_lookup&utm_source=92p07_JjKyriZTQxAXRiKQ", "categories": [{"title": "Cafes", "alias": "cafes"}, {"title": "Modern Australian", "alias": "modern_australian"}], "image_url": "https://s3-media4.fl.yelpcdn.com/bphoto/KUE3D5n7vFWbGVnYuesRJg/o.jpg", "is_closed": false, "phone": "+61262621154", "location": {"address3": "", "zip_code": "2600", "address1": "National Library of Australia", "address2": "", "city": "Parkes", "state": "ACT", "country": "AU"}, "name": "Bookplate Caf\u00e9"}