{"rating": 0.0, "url": "https://www.yelp.com/biz/camelot-arms-motor-lodge-papatoetoe?adjust_creative=92p07_JjKyriZTQxAXRiKQ&utm_campaign=yelp_api_v3&utm_medium=api_v3_business_lookup&utm_source=92p07_JjKyriZTQxAXRiKQ", "image_url": "", "coordinates": {"latitude": -36.9802742, "longitude": 174.8757935}, "review_count": 0, "phone": "+6492789794", "is_claimed": false, "term": "hotels", "location": {"city": "Papatoetoe", "address3": null, "address1": "525 Great South Rd", "address2": null, "state": "AUK", "country": "NZ", "zip_code": "2025"}, "categories": [{"title": "Hotels", "alias": "hotels"}], "photos": [], "name": "Camelot Arms Motor Lodge", "is_closed": false, "id": "camelot-arms-motor-lodge-papatoetoe"}