{"id": "point-of-ayr-holiday-park-holywell-3", "rating": 0.0, "coordinates": {"longitude": -3.3221146, "latitude": 53.3507936}, "is_claimed": true, "hours": [{"is_open_now": false, "open": [{"is_overnight": false, "day": 0, "start": "0900", "end": "1730"}, {"is_overnight": false, "day": 1, "start": "0900", "end": "1730"}, {"is_overnight": false, "day": 2, "start": "0900", "end": "1730"}, {"is_overnight": false, "day": 3, "start": "0900", "end": "1730"}, {"is_overnight": false, "day": 4, "start": "0900", "end": "1730"}, {"is_overnight": false, "day": 5, "start": "0900", "end": "1730"}, {"is_overnight": false, "day": 6, "start": "0900", "end": "1730"}], "hours_type": "REGULAR"}], "photos": ["https://s3-media4.fl.yelpcdn.com/bphoto/SpRXFST_BRRWGZXWHlSjwg/o.jpg", "https://s3-media2.fl.yelpcdn.com/bphoto/6Cwy7hGWeMbVnTZnPRSFrg/o.jpg", "https://s3-media2.fl.yelpcdn.com/bphoto/JGEmq_RY8iCm4WaAerYLZg/o.jpg"], "review_count": 0, "term": "attractions", "url": "https://www.yelp.com/biz/point-of-ayr-holiday-park-holywell-3?adjust_creative=92p07_JjKyriZTQxAXRiKQ&utm_campaign=yelp_api_v3&utm_medium=api_v3_business_lookup&utm_source=92p07_JjKyriZTQxAXRiKQ", "categories": [{"alias": "vacation_rentals", "title": "Vacation Rentals"}], "location": {"address3": "", "zip_code": "CH8 9SA", "address1": "West Road", "address2": "Talacre", "city": "Holywell", "state": "FLN", "country": "GB"}, "is_closed": false, "phone": "+441745853385", "image_url": "https://s3-media2.fl.yelpcdn.com/bphoto/SpRXFST_BRRWGZXWHlSjwg/o.jpg", "name": "Point Of Ayr Holiday Park"}