{"id": "prescot-museum-prescot", "rating": 3.5, "coordinates": {"longitude": -2.8064789, "latitude": 53.4292853}, "is_claimed": false, "hours": [{"is_open_now": false, "open": [{"is_overnight": false, "day": 1, "end": "1300", "start": "1000"}, {"is_overnight": false, "day": 1, "end": "1700", "start": "1400"}, {"is_overnight": false, "day": 2, "end": "1300", "start": "1000"}, {"is_overnight": false, "day": 2, "end": "1700", "start": "1400"}, {"is_overnight": false, "day": 3, "end": "1300", "start": "1000"}, {"is_overnight": false, "day": 3, "end": "1700", "start": "1400"}, {"is_overnight": false, "day": 4, "end": "1300", "start": "1000"}, {"is_overnight": false, "day": 4, "end": "1700", "start": "1400"}, {"is_overnight": false, "day": 5, "end": "1300", "start": "1000"}, {"is_overnight": false, "day": 5, "end": "1700", "start": "1400"}, {"is_overnight": false, "day": 6, "end": "1700", "start": "1400"}], "hours_type": "REGULAR"}], "photos": ["https://s3-media4.fl.yelpcdn.com/bphoto/aVejUYlf8slYjzjJ8Ht-DQ/o.jpg", "https://s3-media1.fl.yelpcdn.com/bphoto/ziOWt2UvU24ApF7Qbpq0jQ/o.jpg", "https://s3-media4.fl.yelpcdn.com/bphoto/YBcbO5Y1aAjcO4VZJNq6uA/o.jpg"], "review_count": 3, "term": "attractions", "url": "https://www.yelp.com/biz/prescot-museum-prescot?adjust_creative=92p07_JjKyriZTQxAXRiKQ&utm_campaign=yelp_api_v3&utm_medium=api_v3_business_lookup&utm_source=92p07_JjKyriZTQxAXRiKQ", "categories": [{"alias": "museums", "title": "Museums"}], "location": {"address3": "", "zip_code": "L34 3LA", "address1": "34 Church Street", "state": "XMS", "city": "Prescot", "address2": "", "country": "GB"}, "is_closed": false, "phone": "+441514307787", "image_url": "https://s3-media1.fl.yelpcdn.com/bphoto/aVejUYlf8slYjzjJ8Ht-DQ/o.jpg", "name": "Prescot Museum"}