{"id": "south-beach-south-fremantle", "rating": 4.5, "coordinates": {"longitude": 115.7530289, "latitude": -32.0677299}, "is_claimed": false, "hours": [{"is_open_now": true, "open": [{"is_overnight": true, "day": 0, "end": "0900", "start": "0900"}, {"is_overnight": true, "day": 1, "end": "0900", "start": "0900"}, {"is_overnight": true, "day": 2, "end": "0900", "start": "0900"}, {"is_overnight": true, "day": 3, "end": "0900", "start": "0900"}, {"is_overnight": true, "day": 4, "end": "0900", "start": "0900"}, {"is_overnight": true, "day": 5, "end": "0900", "start": "0900"}, {"is_overnight": true, "day": 6, "end": "0900", "start": "0900"}], "hours_type": "REGULAR"}], "photos": ["https://s3-media3.fl.yelpcdn.com/bphoto/mwRWt9zR0FQdqsF4RKlBtQ/o.jpg", "https://s3-media3.fl.yelpcdn.com/bphoto/qrGvlzBVzgABNpNP8G8B5A/o.jpg", "https://s3-media3.fl.yelpcdn.com/bphoto/frDzzxf6W9L5HOLng8umAA/o.jpg"], "review_count": 4, "term": "attractions", "url": "https://www.yelp.com/biz/south-beach-south-fremantle?adjust_creative=92p07_JjKyriZTQxAXRiKQ&utm_campaign=yelp_api_v3&utm_medium=api_v3_business_lookup&utm_source=92p07_JjKyriZTQxAXRiKQ", "categories": [{"alias": "beaches", "title": "Beaches"}], "location": {"address3": "", "zip_code": "6162", "address1": "Off South Tce", "state": "WA", "city": "South Fremantle", "address2": "", "country": "AU"}, "is_closed": false, "phone": "", "image_url": "https://s3-media4.fl.yelpcdn.com/bphoto/mwRWt9zR0FQdqsF4RKlBtQ/o.jpg", "name": "South Beach"}