{"price": "$$", "rating": 5.0, "coordinates": {"longitude": 149.0870056, "latitude": -35.3731499}, "is_claimed": false, "photos": [], "review_count": 4, "id": "pistachio-dining-at-torrens-torrens", "term": "restaurants", "url": "https://www.yelp.com/biz/pistachio-dining-at-torrens-torrens?adjust_creative=92p07_JjKyriZTQxAXRiKQ&utm_campaign=yelp_api_v3&utm_medium=api_v3_business_lookup&utm_source=92p07_JjKyriZTQxAXRiKQ", "categories": [{"alias": "restaurants", "title": "Restaurants"}], "location": {"address3": null, "zip_code": "2607", "address1": "Torrens Pl", "state": "ACT", "city": "Torrens", "address2": null, "country": "AU"}, "is_closed": false, "phone": "+61262862966", "image_url": "", "name": "Pistachio Dining at Torrens"}