{"id": "harris-park-heritage-walk-parramatta", "rating": 4.0, "coordinates": {"longitude": 151.0034943, "latitude": -33.8171005}, "is_claimed": false, "photos": ["https://s3-media1.fl.yelpcdn.com/bphoto/aTZKtcetGU7vzxhExgI3XQ/o.jpg"], "review_count": 1, "term": "attractions", "url": "https://www.yelp.com/biz/harris-park-heritage-walk-parramatta?adjust_creative=92p07_JjKyriZTQxAXRiKQ&utm_campaign=yelp_api_v3&utm_medium=api_v3_business_lookup&utm_source=92p07_JjKyriZTQxAXRiKQ", "categories": [{"title": "Hiking", "alias": "hiking"}, {"title": "Landmarks & Historical Buildings", "alias": "landmarks"}, {"title": "Local Flavor", "alias": "localflavor"}], "image_url": "https://s3-media3.fl.yelpcdn.com/bphoto/aTZKtcetGU7vzxhExgI3XQ/o.jpg", "is_closed": false, "phone": "", "location": {"address3": "", "zip_code": "2150", "address1": "Queen's Wharf Reserve", "address2": "", "city": "Parramatta", "state": "NSW", "country": "AU"}, "name": "Harris Park Heritage Walk"}