{"id": "az-luxury-car-service-martinez-2", "rating": 4.5, "coordinates": {"longitude": -122.1209106, "latitude": 37.9958839}, "is_claimed": true, "hours": [{"is_open_now": true, "open": [{"is_overnight": false, "day": 0, "start": "0000", "end": "0000"}, {"is_overnight": false, "day": 1, "start": "0000", "end": "0000"}, {"is_overnight": false, "day": 2, "start": "0000", "end": "0000"}, {"is_overnight": false, "day": 3, "start": "0000", "end": "0000"}, {"is_overnight": false, "day": 4, "start": "0000", "end": "0000"}, {"is_overnight": false, "day": 5, "start": "0000", "end": "0000"}, {"is_overnight": false, "day": 6, "start": "0000", "end": "0000"}], "hours_type": "REGULAR"}], "photos": ["https://s3-media4.fl.yelpcdn.com/bphoto/sZsO3EuWp0C2o1EOCo9XiA/o.jpg", "https://s3-media3.fl.yelpcdn.com/bphoto/q9s95VSDn071o2yCDrwtPg/o.jpg"], "review_count": 10, "term": "attractions", "url": "https://www.yelp.com/biz/az-luxury-car-service-martinez-2?adjust_creative=92p07_JjKyriZTQxAXRiKQ&utm_campaign=yelp_api_v3&utm_medium=api_v3_business_lookup&utm_source=92p07_JjKyriZTQxAXRiKQ", "categories": [{"alias": "limos", "title": "Limos"}, {"alias": "winetours", "title": "Wine Tours"}], "location": {"address3": "", "zip_code": "94553", "address1": "3668 Pine St", "address2": null, "city": "Martinez", "state": "CA", "country": "US"}, "is_closed": false, "phone": "+19252346357", "image_url": "https://s3-media2.fl.yelpcdn.com/bphoto/sZsO3EuWp0C2o1EOCo9XiA/o.jpg", "name": "Az Luxury Car Service"}