{"id": "pex-hill-nature-reserve-widnes", "rating": 4.5, "coordinates": {"longitude": -2.73328, "latitude": 53.37423}, "is_claimed": false, "photos": ["https://s3-media2.fl.yelpcdn.com/bphoto/IZGafu9K2M8mWKQwb7XlDw/o.jpg"], "review_count": 5, "term": "attractions", "url": "https://www.yelp.com/biz/pex-hill-nature-reserve-widnes?adjust_creative=92p07_JjKyriZTQxAXRiKQ&utm_campaign=yelp_api_v3&utm_medium=api_v3_business_lookup&utm_source=92p07_JjKyriZTQxAXRiKQ", "categories": [{"title": "Active Life", "alias": "active"}], "image_url": "https://s3-media1.fl.yelpcdn.com/bphoto/IZGafu9K2M8mWKQwb7XlDw/o.jpg", "is_closed": false, "phone": "", "location": {"address3": "", "zip_code": "WA8 5QW", "address1": null, "address2": "", "city": "Widnes", "state": "CHE", "country": "GB"}, "name": "Pex Hill Nature Reserve"}