{"id": "pelee-island-winery-pelee-island", "rating": 4.0, "coordinates": {"longitude": -82.6861559, "latitude": 41.7559043}, "is_claimed": false, "photos": ["https://s3-media1.fl.yelpcdn.com/bphoto/WEwJ2QLNrVcwsQRpDOd_Bw/o.jpg", "https://s3-media3.fl.yelpcdn.com/bphoto/C5wIQhLTn6LuYDzfB1Yjkw/o.jpg", "https://s3-media3.fl.yelpcdn.com/bphoto/ttfHWO3YTM228euC7cSWxg/o.jpg"], "review_count": 6, "price": "$", "term": "attractions", "url": "https://www.yelp.com/biz/pelee-island-winery-pelee-island?adjust_creative=92p07_JjKyriZTQxAXRiKQ&utm_campaign=yelp_api_v3&utm_medium=api_v3_business_lookup&utm_source=92p07_JjKyriZTQxAXRiKQ", "categories": [{"title": "Wineries", "alias": "wineries"}], "location": {"address3": "", "zip_code": "N0R 1M0", "address1": "20 East West Road", "address2": "", "city": "Pelee Island", "state": "ON", "country": "CA"}, "is_closed": false, "phone": "+15197242873", "image_url": "https://s3-media2.fl.yelpcdn.com/bphoto/WEwJ2QLNrVcwsQRpDOd_Bw/o.jpg", "name": "Pelee Island Winery"}