{"id": "event-cinemas-hornsby-hornsby", "rating": 3.5, "coordinates": {"longitude": 151.0992279, "latitude": -33.7050705}, "is_claimed": false, "hours": [{"is_open_now": true, "open": [{"is_overnight": false, "day": 0, "end": "0000", "start": "1000"}, {"is_overnight": false, "day": 1, "end": "0000", "start": "1000"}, {"is_overnight": false, "day": 2, "end": "0000", "start": "1000"}, {"is_overnight": false, "day": 3, "end": "0000", "start": "1000"}, {"is_overnight": false, "day": 4, "end": "0000", "start": "1000"}, {"is_overnight": false, "day": 5, "end": "0000", "start": "1000"}, {"is_overnight": false, "day": 6, "end": "0000", "start": "1000"}], "hours_type": "REGULAR"}], "photos": ["https://s3-media2.fl.yelpcdn.com/bphoto/i4QLFCecSlXL5TmAClJatA/o.jpg", "https://s3-media3.fl.yelpcdn.com/bphoto/qaGbN0iklVBsjzfitzZHfg/o.jpg"], "review_count": 3, "term": "attractions", "url": "https://www.yelp.com/biz/event-cinemas-hornsby-hornsby?adjust_creative=92p07_JjKyriZTQxAXRiKQ&utm_campaign=yelp_api_v3&utm_medium=api_v3_business_lookup&utm_source=92p07_JjKyriZTQxAXRiKQ", "categories": [{"title": "Cinema", "alias": "movietheaters"}], "location": {"address3": "", "zip_code": "2077", "address1": "236 Pacific Highway", "address2": "Westfield Hornsby Level 4", "city": "Hornsby", "state": "NSW", "country": "AU"}, "is_closed": false, "phone": "+61294775600", "image_url": "https://s3-media1.fl.yelpcdn.com/bphoto/i4QLFCecSlXL5TmAClJatA/o.jpg", "name": "Event Cinemas Hornsby"}