{"is_closed": false, "photos": ["https://s3-media2.fl.yelpcdn.com/bphoto/osxpG_orZriKL4GjTvzQSg/o.jpg", "https://s3-media4.fl.yelpcdn.com/bphoto/GorHB87hfaEZtKQk_e4HjQ/o.jpg", "https://s3-media3.fl.yelpcdn.com/bphoto/Velvlr0MakWraklu7nCIcg/o.jpg"], "location": {"zip_code": "6005", "address1": "16 Gordon St", "address3": "", "address2": "", "city": "West Perth", "country": "AU", "state": "WA"}, "image_url": "https://s3-media2.fl.yelpcdn.com/bphoto/osxpG_orZriKL4GjTvzQSg/o.jpg", "price": "$$", "term": "restaurants", "is_claimed": false, "phone": "+61893228050", "id": "gordon-st-garage-west-perth", "hours": [{"is_open_now": true, "hours_type": "REGULAR", "open": [{"is_overnight": false, "day": 0, "end": "2300", "start": "0700"}, {"is_overnight": false, "day": 1, "end": "2300", "start": "0700"}, {"is_overnight": false, "day": 2, "end": "2300", "start": "0700"}, {"is_overnight": false, "day": 3, "end": "2300", "start": "0700"}, {"is_overnight": false, "day": 4, "end": "2300", "start": "0700"}, {"is_overnight": false, "day": 5, "end": "2300", "start": "0800"}, {"is_overnight": false, "day": 6, "end": "1500", "start": "0800"}]}], "categories": [{"title": "Coffee & Tea", "alias": "coffee"}, {"title": "Modern Australian", "alias": "modern_australian"}, {"title": "Breakfast & Brunch", "alias": "breakfast_brunch"}], "rating": 3.5, "name": "Gordon St. Garage", "url": "https://www.yelp.com/biz/gordon-st-garage-west-perth?adjust_creative=92p07_JjKyriZTQxAXRiKQ&utm_campaign=yelp_api_v3&utm_medium=api_v3_business_lookup&utm_source=92p07_JjKyriZTQxAXRiKQ", "coordinates": {"latitude": -31.9483968031309, "longitude": 115.847130976617}, "review_count": 73}