{"id": "beverly-hills-psychics-los-angeles-beverly-hills-2", "rating": 5.0, "coordinates": {"longitude": -118.39768, "latitude": 34.06582}, "is_claimed": true, "hours": [{"is_open_now": false, "open": [{"is_overnight": false, "day": 0, "start": "0700", "end": "2315"}, {"is_overnight": false, "day": 1, "start": "0700", "end": "2315"}, {"is_overnight": false, "day": 2, "start": "0700", "end": "2315"}, {"is_overnight": false, "day": 3, "start": "0700", "end": "2315"}, {"is_overnight": false, "day": 4, "start": "0700", "end": "2315"}, {"is_overnight": false, "day": 5, "start": "0700", "end": "2315"}, {"is_overnight": false, "day": 6, "start": "0700", "end": "2315"}], "hours_type": "REGULAR"}], "photos": ["https://s3-media3.fl.yelpcdn.com/bphoto/FAzujIVbg5WYk5lLtn2M1A/o.jpg", "https://s3-media2.fl.yelpcdn.com/bphoto/0sUlhrPhYwaK08ojwqFTaQ/o.jpg", "https://s3-media3.fl.yelpcdn.com/bphoto/5evgAQbFav-8VBzsXCyWMg/o.jpg"], "review_count": 8, "term": "attractions", "url": "https://www.yelp.com/biz/beverly-hills-psychics-los-angeles-beverly-hills-2?adjust_creative=92p07_JjKyriZTQxAXRiKQ&utm_campaign=yelp_api_v3&utm_medium=api_v3_business_lookup&utm_source=92p07_JjKyriZTQxAXRiKQ", "categories": [{"alias": "psychic_astrology", "title": "Psychics & Astrologers"}], "location": {"address3": "", "zip_code": "90212", "address1": "136 S Reeves Dr", "address2": null, "city": "Los Angeles-Beverly Hills", "state": "CA", "country": "US"}, "is_closed": false, "phone": "+13102880228", "image_url": "https://s3-media1.fl.yelpcdn.com/bphoto/FAzujIVbg5WYk5lLtn2M1A/o.jpg", "name": "Beverly Hills Psychics"}