{"id": "lotus-dumpling-bar-dawes-point-2", "rating": 4.5, "coordinates": {"longitude": 151.2063926, "latitude": -33.8564424}, "is_claimed": false, "hours": [{"is_open_now": true, "open": [{"is_overnight": false, "day": 0, "end": "1500", "start": "1200"}, {"is_overnight": false, "day": 0, "end": "2300", "start": "1730"}, {"is_overnight": false, "day": 1, "end": "1500", "start": "1200"}, {"is_overnight": false, "day": 1, "end": "2300", "start": "1730"}, {"is_overnight": false, "day": 2, "end": "1500", "start": "1200"}, {"is_overnight": false, "day": 2, "end": "2300", "start": "1730"}, {"is_overnight": false, "day": 3, "end": "1500", "start": "1200"}, {"is_overnight": false, "day": 3, "end": "2300", "start": "1730"}, {"is_overnight": false, "day": 4, "end": "1500", "start": "1200"}, {"is_overnight": false, "day": 4, "end": "2300", "start": "1730"}, {"is_overnight": false, "day": 5, "end": "1500", "start": "1200"}, {"is_overnight": false, "day": 5, "end": "2300", "start": "1730"}, {"is_overnight": false, "day": 6, "end": "1500", "start": "1200"}, {"is_overnight": false, "day": 6, "end": "2200", "start": "1730"}], "hours_type": "REGULAR"}], "photos": ["https://s3-media2.fl.yelpcdn.com/bphoto/paMMlaTsunrzSR2006ASjg/o.jpg", "https://s3-media3.fl.yelpcdn.com/bphoto/-HfyQJ3Uudz4-V5AAqCoFg/o.jpg", "https://s3-media3.fl.yelpcdn.com/bphoto/16SUyJs1ou433HPDfwGcAg/o.jpg"], "review_count": 23, "price": "$$", "term": "restaurants", "url": "https://www.yelp.com/biz/lotus-dumpling-bar-dawes-point-2?adjust_creative=92p07_JjKyriZTQxAXRiKQ&utm_campaign=yelp_api_v3&utm_medium=api_v3_business_lookup&utm_source=92p07_JjKyriZTQxAXRiKQ", "categories": [{"title": "Shanghainese", "alias": "shanghainese"}, {"title": "Asian Fusion", "alias": "asianfusion"}, {"title": "Dim Sum", "alias": "dimsum"}], "location": {"address3": "", "zip_code": "2000", "address1": "Shop 3", "address2": "16 Hickson Rd", "city": "Dawes Point", "state": "NSW", "country": "AU"}, "is_closed": false, "phone": "+61292518328", "image_url": "https://s3-media1.fl.yelpcdn.com/bphoto/paMMlaTsunrzSR2006ASjg/o.jpg", "name": "Lotus Dumpling Bar"}