{"id": "melbourne-indoor-paintball-port-melbourne", "rating": 2.0, "coordinates": {"longitude": 144.92473, "latitude": -37.83327}, "is_claimed": false, "photos": ["https://s3-media3.fl.yelpcdn.com/bphoto/ccY11NSkhJTtJbo4hB8mTg/o.jpg", "https://s3-media2.fl.yelpcdn.com/bphoto/Wn1dTQpz8uYmybFZJhS-Bw/o.jpg", "https://s3-media3.fl.yelpcdn.com/bphoto/gZL6_6-F7TBwfK54MnZ5bQ/o.jpg"], "review_count": 2, "term": "attractions", "url": "https://www.yelp.com/biz/melbourne-indoor-paintball-port-melbourne?adjust_creative=92p07_JjKyriZTQxAXRiKQ&utm_campaign=yelp_api_v3&utm_medium=api_v3_business_lookup&utm_source=92p07_JjKyriZTQxAXRiKQ", "categories": [{"alias": "paintball", "title": "Paintball"}], "location": {"address3": null, "zip_code": "3207", "address1": "25 Salmon St", "address2": null, "city": "Port Melbourne", "state": "VIC", "country": "AU"}, "is_closed": false, "phone": "+61396469954", "image_url": "https://s3-media1.fl.yelpcdn.com/bphoto/ccY11NSkhJTtJbo4hB8mTg/o.jpg", "name": "Melbourne Indoor Paintball"}