{"id": "birkenheads-heritage-tour-birkenhead", "rating": 3.0, "coordinates": {"longitude": -3.01577, "latitude": 53.3928719}, "is_claimed": false, "photos": [], "review_count": 2, "term": "attractions", "url": "https://www.yelp.com/biz/birkenheads-heritage-tour-birkenhead?adjust_creative=92p07_JjKyriZTQxAXRiKQ&utm_campaign=yelp_api_v3&utm_medium=api_v3_business_lookup&utm_source=92p07_JjKyriZTQxAXRiKQ", "categories": [{"title": "Local Flavor", "alias": "localflavor"}], "image_url": "", "is_closed": false, "phone": "", "location": {"address3": "", "zip_code": "CH41", "address1": "Hamilton Sq", "state": "XMS", "city": "Birkenhead", "address2": "", "country": "GB"}, "name": "Birkenhead's Heritage Tour"}