{"id": "blooweels-courbevoie", "categories": [{"title": "Car Rental", "alias": "carrental"}], "is_closed": false, "term": "attractions", "url": "https://www.yelp.com/biz/blooweels-courbevoie?adjust_creative=92p07_JjKyriZTQxAXRiKQ&utm_campaign=yelp_api_v3&utm_medium=api_v3_business_lookup&utm_source=92p07_JjKyriZTQxAXRiKQ", "location": {"state": "92", "address2": null, "zip_code": "92400", "country": "FR", "address1": "10 avenue Andr\u00e9 Prothin", "address3": "", "city": "Courbevoie"}, "phone": "+33786328072", "photos": ["https://s3-media3.fl.yelpcdn.com/bphoto/Y0r5IO1t1jju_i-3JDrg0A/o.jpg"], "hours": [{"is_open_now": false, "open": [{"start": "0700", "day": 0, "end": "0900", "is_overnight": false}, {"start": "1800", "day": 0, "end": "2000", "is_overnight": false}, {"start": "0700", "day": 1, "end": "0900", "is_overnight": false}, {"start": "1800", "day": 1, "end": "2000", "is_overnight": false}, {"start": "0700", "day": 2, "end": "0900", "is_overnight": false}, {"start": "1800", "day": 2, "end": "2000", "is_overnight": false}, {"start": "0700", "day": 3, "end": "0900", "is_overnight": false}, {"start": "1800", "day": 3, "end": "2000", "is_overnight": false}, {"start": "0700", "day": 4, "end": "0900", "is_overnight": false}, {"start": "1700", "day": 4, "end": "1900", "is_overnight": false}, {"start": "0800", "day": 5, "end": "1000", "is_overnight": false}, {"start": "1800", "day": 6, "end": "2000", "is_overnight": false}], "hours_type": "REGULAR"}], "is_claimed": true, "rating": 0.0, "review_count": 0, "image_url": "https://s3-media4.fl.yelpcdn.com/bphoto/Y0r5IO1t1jju_i-3JDrg0A/o.jpg", "coordinates": {"latitude": 48.8916397, "longitude": 2.24371}, "name": "Blooweels"}