{"location": {"address2": null, "country": "NZ", "zip_code": "3225", "state": "WKO", "address3": "", "address1": "29a Government Rd", "city": "Raglan"}, "term": "attractions", "url": "https://www.yelp.com/biz/raglan-shuttle-raglan?adjust_creative=92p07_JjKyriZTQxAXRiKQ&utm_campaign=yelp_api_v3&utm_medium=api_v3_business_lookup&utm_source=92p07_JjKyriZTQxAXRiKQ", "coordinates": {"latitude": -37.798, "longitude": 174.88018}, "id": "raglan-shuttle-raglan", "name": "Raglan Shuttle", "photos": ["https://s3-media2.fl.yelpcdn.com/bphoto/oxiawM3n64wrkGRnHyOdHw/o.jpg"], "rating": 0.0, "is_claimed": true, "categories": [{"alias": "transport", "title": "Transportation"}, {"alias": "tours", "title": "Tours"}], "is_closed": false, "image_url": "https://s3-media3.fl.yelpcdn.com/bphoto/oxiawM3n64wrkGRnHyOdHw/o.jpg", "hours": [{"hours_type": "REGULAR", "open": [{"end": "0000", "start": "0000", "day": 0, "is_overnight": false}, {"end": "0000", "start": "0000", "day": 1, "is_overnight": false}, {"end": "0000", "start": "0000", "day": 2, "is_overnight": false}, {"end": "0000", "start": "0000", "day": 3, "is_overnight": false}, {"end": "0000", "start": "0000", "day": 4, "is_overnight": false}, {"end": "0000", "start": "0000", "day": 5, "is_overnight": false}, {"end": "0000", "start": "0000", "day": 6, "is_overnight": false}], "is_open_now": true}], "review_count": 0, "phone": "+6478258159"}