{"id": "fairyland-village-lobethal", "rating": 0.0, "coordinates": {"longitude": 138.601828439435, "latitude": -34.9297788222914}, "is_claimed": false, "hours": [{"is_open_now": false, "open": [{"is_overnight": false, "day": 5, "start": "1000", "end": "1700"}, {"is_overnight": false, "day": 6, "start": "1000", "end": "1700"}], "hours_type": "REGULAR"}], "photos": [], "review_count": 0, "term": "hotels", "url": "https://www.yelp.com/biz/fairyland-village-lobethal?adjust_creative=92p07_JjKyriZTQxAXRiKQ&utm_campaign=yelp_api_v3&utm_medium=api_v3_business_lookup&utm_source=92p07_JjKyriZTQxAXRiKQ", "categories": [{"title": "Travel Services", "alias": "travelservices"}], "image_url": "", "is_closed": false, "phone": "+61883896200", "location": {"address3": null, "zip_code": "5241", "address1": "21 Adelaide to Lobethal Rd", "state": "SA", "city": "Lobethal", "address2": null, "country": "AU"}, "name": "Fairyland Village"}