{"price": "$$$", "rating": 4.0, "coordinates": {"longitude": -121.628526, "latitude": 37.005277}, "is_claimed": true, "photos": ["https://s3-media2.fl.yelpcdn.com/bphoto/dNqCh-6JaERidUB5IwXrNg/o.jpg", "https://s3-media3.fl.yelpcdn.com/bphoto/IavWJnby1TJtrEFWQiKDTQ/o.jpg", "https://s3-media4.fl.yelpcdn.com/bphoto/VFc9szBIvLLiGjgt-dz0Mg/o.jpg"], "review_count": 614, "id": "gilroy-gardens-family-theme-park-gilroy", "term": "attractions", "url": "https://www.yelp.com/biz/gilroy-gardens-family-theme-park-gilroy?adjust_creative=92p07_JjKyriZTQxAXRiKQ&utm_campaign=yelp_api_v3&utm_medium=api_v3_business_lookup&utm_source=92p07_JjKyriZTQxAXRiKQ", "categories": [{"title": "Amusement Parks", "alias": "amusementparks"}], "image_url": "https://s3-media4.fl.yelpcdn.com/bphoto/dNqCh-6JaERidUB5IwXrNg/o.jpg", "is_closed": false, "phone": "+14088407100", "location": {"address3": "", "zip_code": "95020", "address1": "3050 Hecker Pass Hwy", "address2": "", "city": "Gilroy", "state": "CA", "country": "US"}, "name": "Gilroy Gardens Family Theme Park"}