{"id": "fourtwographs-horwich", "rating": 0.0, "coordinates": {"longitude": -2.5524589, "latitude": 53.6014929}, "is_claimed": true, "hours": [{"is_open_now": false, "open": [{"is_overnight": false, "end": "1800", "start": "1300", "day": 2}, {"is_overnight": false, "end": "2000", "start": "1100", "day": 4}, {"is_overnight": false, "end": "1800", "start": "1100", "day": 5}], "hours_type": "REGULAR"}], "photos": ["https://s3-media3.fl.yelpcdn.com/bphoto/N92k04zp4Y-6pAWMmquMQg/o.jpg", "https://s3-media3.fl.yelpcdn.com/bphoto/QSAWEqjSZWVUWYQSfhhQyw/o.jpg", "https://s3-media1.fl.yelpcdn.com/bphoto/RApL4MF4Inn0Fzq-7IRllg/o.jpg"], "review_count": 0, "term": "attractions", "url": "https://www.yelp.com/biz/fourtwographs-horwich?adjust_creative=92p07_JjKyriZTQxAXRiKQ&utm_campaign=yelp_api_v3&utm_medium=api_v3_business_lookup&utm_source=92p07_JjKyriZTQxAXRiKQ", "categories": [{"title": "Session Photography", "alias": "sessionphotography"}], "image_url": "https://s3-media4.fl.yelpcdn.com/bphoto/N92k04zp4Y-6pAWMmquMQg/o.jpg", "is_closed": false, "phone": "+441204775320", "location": {"address3": "", "zip_code": "BL6 7JH", "address1": "The Pump House", "address2": "Unit 13 Hampson Street", "city": "Horwich", "state": "XGM", "country": "GB"}, "name": "Fourtwographs"}