{"id": "dial4-services-macclesfield-2", "rating": 0.0, "coordinates": {"longitude": 138.8364042, "latitude": -35.174364}, "is_claimed": true, "hours": [{"is_open_now": false, "open": [{"is_overnight": false, "day": 0, "end": "1700", "start": "0900"}, {"is_overnight": false, "day": 1, "end": "1700", "start": "0900"}, {"is_overnight": false, "day": 2, "end": "1700", "start": "0900"}, {"is_overnight": false, "day": 3, "end": "1700", "start": "0900"}, {"is_overnight": false, "day": 4, "end": "1700", "start": "0900"}, {"is_overnight": false, "day": 5, "end": "1300", "start": "0900"}], "hours_type": "REGULAR"}], "photos": ["https://s3-media3.fl.yelpcdn.com/bphoto/ebMAcpCjspKv33cxitcXug/o.jpg"], "review_count": 0, "term": "attractions", "url": "https://www.yelp.com/biz/dial4-services-macclesfield-2?adjust_creative=92p07_JjKyriZTQxAXRiKQ&utm_campaign=yelp_api_v3&utm_medium=api_v3_business_lookup&utm_source=92p07_JjKyriZTQxAXRiKQ", "categories": [{"alias": "partyequipmentrentals", "title": "Party Equipment Rentals"}], "location": {"address3": null, "zip_code": "5153", "address1": null, "state": "SA", "city": "Macclesfield", "address2": null, "country": "AU"}, "is_closed": false, "phone": "+61883889408", "image_url": "https://s3-media3.fl.yelpcdn.com/bphoto/ebMAcpCjspKv33cxitcXug/o.jpg", "name": "Dial4 Services"}