{"id": "chinamans-beach-mosman", "rating": 4.5, "coordinates": {"longitude": 151.2468719, "latitude": -33.8098717}, "is_claimed": false, "hours": [{"is_open_now": true, "open": [{"is_overnight": false, "end": "0000", "start": "0000", "day": 0}, {"is_overnight": false, "end": "0000", "start": "0000", "day": 1}, {"is_overnight": false, "end": "0000", "start": "0000", "day": 2}, {"is_overnight": false, "end": "0000", "start": "0000", "day": 3}, {"is_overnight": false, "end": "0000", "start": "0000", "day": 4}, {"is_overnight": false, "end": "0000", "start": "0000", "day": 5}, {"is_overnight": false, "end": "0000", "start": "0000", "day": 6}], "hours_type": "REGULAR"}], "photos": ["https://s3-media4.fl.yelpcdn.com/bphoto/6WK1brM44Y0-sIOl88ORmg/o.jpg", "https://s3-media4.fl.yelpcdn.com/bphoto/ZOASvHuyT8Xwxrbihg1CZw/o.jpg", "https://s3-media2.fl.yelpcdn.com/bphoto/KbfUQ9J-HCxOGeLZ3GhDuQ/o.jpg"], "review_count": 3, "term": "attractions", "url": "https://www.yelp.com/biz/chinamans-beach-mosman?adjust_creative=92p07_JjKyriZTQxAXRiKQ&utm_campaign=yelp_api_v3&utm_medium=api_v3_business_lookup&utm_source=92p07_JjKyriZTQxAXRiKQ", "categories": [{"title": "Beaches", "alias": "beaches"}], "image_url": "https://s3-media1.fl.yelpcdn.com/bphoto/6WK1brM44Y0-sIOl88ORmg/o.jpg", "is_closed": false, "phone": "", "location": {"address3": "", "zip_code": "2088", "address1": "Parriwi Road", "address2": "", "city": "Mosman", "state": "NSW", "country": "AU"}, "name": "Chinaman's Beach"}