{"id": "ayur-clinic-braybrook-3", "rating": 0.0, "coordinates": {"longitude": 144.8611745, "latitude": -37.7922944}, "is_claimed": true, "hours": [{"is_open_now": false, "open": [{"is_overnight": false, "day": 0, "end": "1800", "start": "0930"}, {"is_overnight": false, "day": 1, "end": "1800", "start": "0930"}, {"is_overnight": false, "day": 2, "end": "1800", "start": "0930"}, {"is_overnight": false, "day": 3, "end": "1800", "start": "0930"}, {"is_overnight": false, "day": 4, "end": "1800", "start": "0930"}, {"is_overnight": false, "day": 5, "end": "1700", "start": "0930"}], "hours_type": "REGULAR"}], "photos": ["https://s3-media3.fl.yelpcdn.com/bphoto/tqU-gidHyGmnGhbB3zShhg/o.jpg", "https://s3-media2.fl.yelpcdn.com/bphoto/3wzYnKgFBNW1OiKz1kYKYQ/o.jpg", "https://s3-media3.fl.yelpcdn.com/bphoto/6edhr7tNGTskwv3oqkOHnQ/o.jpg"], "review_count": 0, "term": "attractions", "url": "https://www.yelp.com/biz/ayur-clinic-braybrook-3?adjust_creative=92p07_JjKyriZTQxAXRiKQ&utm_campaign=yelp_api_v3&utm_medium=api_v3_business_lookup&utm_source=92p07_JjKyriZTQxAXRiKQ", "categories": [{"alias": "ayurveda", "title": "Ayurveda"}, {"alias": "yoga", "title": "Yoga"}, {"alias": "meditationcenters", "title": "Meditation Centers"}], "location": {"address3": null, "zip_code": "3019", "address1": "Level 1", "state": "VIC", "city": "Braybrook", "address2": "6 South Rd", "country": "AU"}, "is_closed": false, "phone": "+61396874029", "image_url": "https://s3-media1.fl.yelpcdn.com/bphoto/tqU-gidHyGmnGhbB3zShhg/o.jpg", "name": "Ayur Clinic"}