{"id": "haydock-park-racecourse-st-helens", "rating": 4.0, "coordinates": {"longitude": -2.5994799, "latitude": 53.4581299}, "is_claimed": false, "hours": [{"is_open_now": false, "open": [{"is_overnight": false, "day": 0, "start": "0900", "end": "1700"}, {"is_overnight": false, "day": 1, "start": "0900", "end": "1700"}, {"is_overnight": false, "day": 2, "start": "0900", "end": "1700"}, {"is_overnight": false, "day": 3, "start": "0900", "end": "1700"}, {"is_overnight": false, "day": 4, "start": "0900", "end": "1700"}, {"is_overnight": false, "day": 5, "start": "0900", "end": "1700"}, {"is_overnight": false, "day": 6, "start": "0900", "end": "1700"}], "hours_type": "REGULAR"}], "photos": ["https://s3-media3.fl.yelpcdn.com/bphoto/0BIshHg57cnYioiElxVFig/o.jpg", "https://s3-media3.fl.yelpcdn.com/bphoto/y_112LK5JmS3BPY9Repo_g/o.jpg", "https://s3-media2.fl.yelpcdn.com/bphoto/iLjfaxhLQ_xNleukWSijFQ/o.jpg"], "review_count": 5, "term": "attractions", "url": "https://www.yelp.com/biz/haydock-park-racecourse-st-helens?adjust_creative=92p07_JjKyriZTQxAXRiKQ&utm_campaign=yelp_api_v3&utm_medium=api_v3_business_lookup&utm_source=92p07_JjKyriZTQxAXRiKQ", "categories": [{"alias": "horsebackriding", "title": "Horseback Riding"}, {"alias": "venues", "title": "Venues & Event Spaces"}, {"alias": "stadiumsarenas", "title": "Stadiums & Arenas"}], "location": {"address3": "", "zip_code": "WA12 0HQ", "address1": "Newton-Le-Willows", "address2": "", "city": "St. Helens", "state": "XGM", "country": "GB"}, "is_closed": false, "phone": "+441942725963", "image_url": "https://s3-media2.fl.yelpcdn.com/bphoto/0BIshHg57cnYioiElxVFig/o.jpg", "name": "Haydock Park Racecourse"}