{"id": "ayurclinic-taylors-lakes-3", "rating": 0.0, "coordinates": {"longitude": 144.7819, "latitude": -37.70932}, "is_claimed": true, "hours": [{"is_open_now": false, "open": [{"is_overnight": false, "day": 0, "start": "0930", "end": "1800"}, {"is_overnight": false, "day": 1, "start": "0930", "end": "1800"}, {"is_overnight": false, "day": 2, "start": "0930", "end": "1800"}, {"is_overnight": false, "day": 3, "start": "0930", "end": "1800"}, {"is_overnight": false, "day": 4, "start": "0930", "end": "1800"}, {"is_overnight": false, "day": 5, "start": "0930", "end": "1700"}], "hours_type": "REGULAR"}], "photos": ["https://s3-media2.fl.yelpcdn.com/bphoto/AONtoDvxk-yJMP5Btj-fiw/o.jpg"], "review_count": 0, "term": "attractions", "url": "https://www.yelp.com/biz/ayurclinic-taylors-lakes-3?adjust_creative=92p07_JjKyriZTQxAXRiKQ&utm_campaign=yelp_api_v3&utm_medium=api_v3_business_lookup&utm_source=92p07_JjKyriZTQxAXRiKQ", "categories": [{"alias": "yoga", "title": "Yoga"}, {"alias": "ayurveda", "title": "Ayurveda"}, {"alias": "meditationcenters", "title": "Meditation Centers"}], "location": {"address3": "", "zip_code": "3038", "address1": "1 Fastnet Dr", "address2": null, "city": "Taylors Lakes", "state": "VIC", "country": "AU"}, "is_closed": false, "phone": "+61390782940", "image_url": "https://s3-media4.fl.yelpcdn.com/bphoto/AONtoDvxk-yJMP5Btj-fiw/o.jpg", "name": "Ayurclinic"}