{"id": "pzazz-photography-luton", "rating": 0.0, "coordinates": {"longitude": -0.53551, "latitude": 51.9417305}, "is_claimed": true, "hours": [{"is_open_now": false, "open": [{"is_overnight": false, "end": "1700", "start": "0900", "day": 0}, {"is_overnight": false, "end": "1700", "start": "0900", "day": 1}, {"is_overnight": false, "end": "1700", "start": "0900", "day": 2}, {"is_overnight": false, "end": "1700", "start": "0900", "day": 3}, {"is_overnight": false, "end": "1700", "start": "0900", "day": 4}, {"is_overnight": false, "end": "1700", "start": "0900", "day": 5}], "hours_type": "REGULAR"}], "photos": ["https://s3-media4.fl.yelpcdn.com/bphoto/sGMV8nLFhIVBdzFKv-ZZrw/o.jpg"], "review_count": 0, "term": "attractions", "url": "https://www.yelp.com/biz/pzazz-photography-luton?adjust_creative=92p07_JjKyriZTQxAXRiKQ&utm_campaign=yelp_api_v3&utm_medium=api_v3_business_lookup&utm_source=92p07_JjKyriZTQxAXRiKQ", "categories": [{"title": "Photographers", "alias": "photographers"}], "image_url": "https://s3-media2.fl.yelpcdn.com/bphoto/sGMV8nLFhIVBdzFKv-ZZrw/o.jpg", "is_closed": false, "phone": "+447917190258", "location": {"address3": "Bedfordshire", "zip_code": "LU5 6FE", "address1": "45 Randall Drive", "address2": "Toddington", "city": "Luton", "state": "BDF", "country": "GB"}, "name": "Pzazz Photography"}