{"id": "capital-bicycle-evatt", "rating": 0.0, "coordinates": {"longitude": 149.0794373, "latitude": -35.2126007}, "is_claimed": false, "photos": ["https://s3-media3.fl.yelpcdn.com/bphoto/VZdiHP71kKO-6yMUaHvZ4Q/o.jpg"], "review_count": 0, "term": "hotels", "url": "https://www.yelp.com/biz/capital-bicycle-evatt?adjust_creative=92p07_JjKyriZTQxAXRiKQ&utm_campaign=yelp_api_v3&utm_medium=api_v3_business_lookup&utm_source=92p07_JjKyriZTQxAXRiKQ", "categories": [{"title": "Tours", "alias": "tours"}], "image_url": "https://s3-media3.fl.yelpcdn.com/bphoto/VZdiHP71kKO-6yMUaHvZ4Q/o.jpg", "is_closed": false, "phone": "+61412547387", "location": {"address3": null, "zip_code": "2617", "address1": "6 Starling Pl", "state": "ACT", "city": "Evatt", "address2": null, "country": "AU"}, "name": "Capital Bicycle"}