{"id": "la-photo-party-glendale-2", "rating": 5.0, "coordinates": {"longitude": -118.2575712, "latitude": 34.1330514}, "is_claimed": true, "hours": [{"is_open_now": false, "open": [{"is_overnight": false, "day": 0, "end": "1700", "start": "1000"}, {"is_overnight": false, "day": 1, "end": "1700", "start": "1000"}, {"is_overnight": false, "day": 2, "end": "1700", "start": "1000"}, {"is_overnight": false, "day": 3, "end": "1700", "start": "1000"}, {"is_overnight": false, "day": 4, "end": "1700", "start": "1000"}, {"is_overnight": false, "day": 5, "end": "1800", "start": "1400"}, {"is_overnight": false, "day": 6, "end": "1800", "start": "1400"}], "hours_type": "REGULAR"}], "photos": ["https://s3-media4.fl.yelpcdn.com/bphoto/1OJ-bJ6fwwJiF_I2iAgW8Q/o.jpg", "https://s3-media4.fl.yelpcdn.com/bphoto/W6Kcm7P_8p3CZzPRduUxPg/o.jpg", "https://s3-media1.fl.yelpcdn.com/bphoto/KgMk4SZCnOFTBka-fGjWhg/o.jpg"], "review_count": 47, "term": "attractions", "url": "https://www.yelp.com/biz/la-photo-party-glendale-2?adjust_creative=92p07_JjKyriZTQxAXRiKQ&utm_campaign=yelp_api_v3&utm_medium=api_v3_business_lookup&utm_source=92p07_JjKyriZTQxAXRiKQ", "categories": [{"alias": "eventplanning", "title": "Party & Event Planning"}, {"alias": "photoboothrentals", "title": "Photo Booth Rentals"}], "location": {"address3": "", "zip_code": "91204", "address1": "1110 S Central Ave", "state": "CA", "city": "Glendale", "address2": "", "country": "US"}, "is_closed": false, "phone": "+13107305277", "image_url": "https://s3-media2.fl.yelpcdn.com/bphoto/1OJ-bJ6fwwJiF_I2iAgW8Q/o.jpg", "name": "LA Photo Party"}