{"id": "silliman-activity-and-family-aquatic-center-newark", "rating": 3.5, "coordinates": {"longitude": -122.010627482103, "latitude": 37.5175629193101}, "is_claimed": true, "hours": [{"is_open_now": false, "open": [{"is_overnight": false, "day": 4, "start": "1700", "end": "2000"}, {"is_overnight": false, "day": 5, "start": "1230", "end": "1830"}, {"is_overnight": false, "day": 6, "start": "1230", "end": "1730"}], "hours_type": "REGULAR"}], "photos": ["https://s3-media2.fl.yelpcdn.com/bphoto/LICmGx1kqvXfgmFEGcntsw/o.jpg", "https://s3-media1.fl.yelpcdn.com/bphoto/D9Bq_mt1ZpSPJbazTObskQ/o.jpg", "https://s3-media2.fl.yelpcdn.com/bphoto/bl7M0iOuDhzpuN8w2W5MMw/o.jpg"], "review_count": 199, "term": "attractions", "url": "https://www.yelp.com/biz/silliman-activity-and-family-aquatic-center-newark?adjust_creative=92p07_JjKyriZTQxAXRiKQ&utm_campaign=yelp_api_v3&utm_medium=api_v3_business_lookup&utm_source=92p07_JjKyriZTQxAXRiKQ", "categories": [{"title": "Water Parks", "alias": "waterparks"}], "image_url": "https://s3-media3.fl.yelpcdn.com/bphoto/LICmGx1kqvXfgmFEGcntsw/o.jpg", "is_closed": false, "phone": "+15105784620", "location": {"address3": "", "zip_code": "94560", "address1": "6800 Mowry Ave", "state": "CA", "city": "Newark", "address2": null, "country": "US"}, "name": "Silliman Activity and Family Aquatic Center"}