{"price": "$$", "rating": 4.5, "coordinates": {"longitude": 151.2422638, "latitude": -33.9135513}, "is_claimed": false, "hours": [{"is_open_now": true, "open": [{"is_overnight": false, "end": "2200", "start": "1100", "day": 0}, {"is_overnight": false, "end": "2200", "start": "1100", "day": 2}, {"is_overnight": false, "end": "2200", "start": "1100", "day": 3}, {"is_overnight": false, "end": "2200", "start": "1100", "day": 4}, {"is_overnight": false, "end": "2200", "start": "1100", "day": 5}, {"is_overnight": false, "end": "2200", "start": "1100", "day": 6}], "hours_type": "REGULAR"}], "photos": ["https://s3-media4.fl.yelpcdn.com/bphoto/M-4a7RxUb9Wq6rvIaokRGA/o.jpg", "https://s3-media3.fl.yelpcdn.com/bphoto/WewgmuFOiwSU_5yALkGacw/o.jpg", "https://s3-media4.fl.yelpcdn.com/bphoto/XCFP_T47sdiUPkVaeOO24Q/o.jpg"], "review_count": 14, "id": "java-restaurant-randwick", "term": "restaurants", "url": "https://www.yelp.com/biz/java-restaurant-randwick?adjust_creative=92p07_JjKyriZTQxAXRiKQ&utm_campaign=yelp_api_v3&utm_medium=api_v3_business_lookup&utm_source=92p07_JjKyriZTQxAXRiKQ", "categories": [{"title": "Indonesian", "alias": "indonesian"}], "image_url": "https://s3-media1.fl.yelpcdn.com/bphoto/M-4a7RxUb9Wq6rvIaokRGA/o.jpg", "is_closed": false, "phone": "+61293986990", "location": {"address3": null, "zip_code": "2031", "address1": "151 Avoca St", "address2": null, "city": "Randwick", "state": "NSW", "country": "AU"}, "name": "Java Restaurant"}