{"id": "queensland-maritime-museum-south-brisbane", "rating": 3.0, "coordinates": {"longitude": 153.025807142258, "latitude": -27.4817665011266}, "is_claimed": false, "hours": [{"is_open_now": true, "open": [{"is_overnight": false, "day": 0, "start": "0930", "end": "1630"}, {"is_overnight": false, "day": 1, "start": "0930", "end": "1630"}, {"is_overnight": false, "day": 2, "start": "0930", "end": "1630"}, {"is_overnight": false, "day": 3, "start": "0930", "end": "1630"}, {"is_overnight": false, "day": 4, "start": "0930", "end": "1630"}, {"is_overnight": false, "day": 5, "start": "0930", "end": "1630"}, {"is_overnight": false, "day": 6, "start": "0930", "end": "1630"}], "hours_type": "REGULAR"}], "photos": ["https://s3-media2.fl.yelpcdn.com/bphoto/virMX14SeADvZfn2HznYDQ/o.jpg", "https://s3-media1.fl.yelpcdn.com/bphoto/BtrwHmfBDjC4nphQzzKJPw/o.jpg", "https://s3-media2.fl.yelpcdn.com/bphoto/yDWacpwRk47Y3BGjecNE5A/o.jpg"], "review_count": 1, "term": "attractions", "url": "https://www.yelp.com/biz/queensland-maritime-museum-south-brisbane?adjust_creative=92p07_JjKyriZTQxAXRiKQ&utm_campaign=yelp_api_v3&utm_medium=api_v3_business_lookup&utm_source=92p07_JjKyriZTQxAXRiKQ", "categories": [{"alias": "museums", "title": "Museums"}], "location": {"address3": "", "zip_code": "4101", "address1": "412 Stanley St", "address2": "", "city": "South Brisbane", "state": "QLD", "country": "AU"}, "is_closed": false, "phone": "+61738445361", "image_url": "https://s3-media1.fl.yelpcdn.com/bphoto/virMX14SeADvZfn2HznYDQ/o.jpg", "name": "Queensland Maritime Museum"}