{"id": "comfort-inn-scottys-motel-medindie", "rating": 0.0, "coordinates": {"longitude": 138.6035919, "latitude": -34.8939285}, "is_claimed": false, "photos": [], "review_count": 0, "term": "hotels", "url": "https://www.yelp.com/biz/comfort-inn-scottys-motel-medindie?adjust_creative=92p07_JjKyriZTQxAXRiKQ&utm_campaign=yelp_api_v3&utm_medium=api_v3_business_lookup&utm_source=92p07_JjKyriZTQxAXRiKQ", "categories": [{"alias": "hotels", "title": "Hotels"}], "location": {"address3": null, "zip_code": "5081", "address1": "1 Nottage Tce", "state": "SA", "city": "Medindie", "address2": null, "country": "AU"}, "is_closed": false, "phone": "+61883447941", "image_url": "", "name": "Comfort Inn Scotty's Motel"}