{"price": "$", "rating": 4.5, "coordinates": {"longitude": 151.2001648, "latitude": -33.8800697}, "is_claimed": false, "photos": ["https://s3-media2.fl.yelpcdn.com/bphoto/sMj2jzrADv2OVz_dBgpTVg/o.jpg", "https://s3-media2.fl.yelpcdn.com/bphoto/BEkuk1WUuHbbS7fwXz4DXg/o.jpg", "https://s3-media3.fl.yelpcdn.com/bphoto/xWE98uH1YQo9TNU5dS259Q/o.jpg"], "review_count": 11, "id": "kopitiam-restaurant-ultimo", "term": "restaurants", "url": "https://www.yelp.com/biz/kopitiam-restaurant-ultimo?adjust_creative=92p07_JjKyriZTQxAXRiKQ&utm_campaign=yelp_api_v3&utm_medium=api_v3_business_lookup&utm_source=92p07_JjKyriZTQxAXRiKQ", "categories": [{"alias": "cafes", "title": "Cafes"}, {"alias": "malaysian", "title": "Malaysian"}], "location": {"address3": null, "zip_code": "2007", "address1": "594 Harris St", "state": "NSW", "city": "Ultimo", "address2": null, "country": "AU"}, "is_closed": false, "phone": "+61292829883", "image_url": "https://s3-media4.fl.yelpcdn.com/bphoto/sMj2jzrADv2OVz_dBgpTVg/o.jpg", "name": "Kopitiam Restaurant"}