{"id": "caversham-wildlife-park-whiteman", "rating": 4.0, "coordinates": {"longitude": 115.949886, "latitude": -31.83392}, "is_claimed": false, "hours": [{"is_open_now": true, "open": [{"is_overnight": false, "day": 0, "start": "0900", "end": "1730"}, {"is_overnight": false, "day": 1, "start": "0900", "end": "1730"}, {"is_overnight": false, "day": 2, "start": "0900", "end": "1730"}, {"is_overnight": false, "day": 3, "start": "0900", "end": "1730"}, {"is_overnight": false, "day": 4, "start": "0900", "end": "1730"}, {"is_overnight": false, "day": 5, "start": "0900", "end": "1730"}, {"is_overnight": false, "day": 6, "start": "0900", "end": "1730"}], "hours_type": "REGULAR"}], "photos": ["https://s3-media1.fl.yelpcdn.com/bphoto/NjnVHDq7fWmi3AOBmWt9og/o.jpg", "https://s3-media3.fl.yelpcdn.com/bphoto/SUBCUy0YetKf6eE2JXloQQ/o.jpg", "https://s3-media3.fl.yelpcdn.com/bphoto/fBObhKbCtS5FQXCxF3asfA/o.jpg"], "review_count": 19, "term": "attractions", "url": "https://www.yelp.com/biz/caversham-wildlife-park-whiteman?adjust_creative=92p07_JjKyriZTQxAXRiKQ&utm_campaign=yelp_api_v3&utm_medium=api_v3_business_lookup&utm_source=92p07_JjKyriZTQxAXRiKQ", "categories": [{"title": "Zoos", "alias": "zoos"}, {"title": "Dog Parks", "alias": "dog_parks"}], "image_url": "https://s3-media4.fl.yelpcdn.com/bphoto/NjnVHDq7fWmi3AOBmWt9og/o.jpg", "is_closed": false, "phone": "+61892481984", "location": {"address3": null, "zip_code": "6068", "address1": "Lord St", "state": "WA", "city": "Whiteman", "address2": null, "country": "AU"}, "name": "Caversham Wildlife Park"}