{"id": "protege-photography-pleasant-hill-3", "rating": 5.0, "coordinates": {"longitude": -122.0934376, "latitude": 37.9480178}, "is_claimed": true, "hours": [{"is_open_now": false, "open": [{"is_overnight": false, "end": "1500", "start": "1000", "day": 0}, {"is_overnight": false, "end": "1500", "start": "1000", "day": 1}, {"is_overnight": false, "end": "1500", "start": "1000", "day": 2}, {"is_overnight": false, "end": "1500", "start": "1000", "day": 3}, {"is_overnight": false, "end": "1500", "start": "1000", "day": 4}, {"is_overnight": false, "end": "1700", "start": "0900", "day": 5}, {"is_overnight": false, "end": "1700", "start": "0900", "day": 6}], "hours_type": "REGULAR"}], "photos": ["https://s3-media2.fl.yelpcdn.com/bphoto/ehrpSDuMnOGDE83Jqbv7Fg/o.jpg", "https://s3-media3.fl.yelpcdn.com/bphoto/8LM_hpBdogMQjEhd4iA7TQ/o.jpg", "https://s3-media1.fl.yelpcdn.com/bphoto/yMSiYx7OHaC-bL7eD00e9w/o.jpg"], "review_count": 364, "term": "attractions", "url": "https://www.yelp.com/biz/protege-photography-pleasant-hill-3?adjust_creative=92p07_JjKyriZTQxAXRiKQ&utm_campaign=yelp_api_v3&utm_medium=api_v3_business_lookup&utm_source=92p07_JjKyriZTQxAXRiKQ", "categories": [{"title": "Video/Film Production", "alias": "videofilmproductions"}, {"title": "Photographers", "alias": "photographers"}], "image_url": "https://s3-media4.fl.yelpcdn.com/bphoto/ehrpSDuMnOGDE83Jqbv7Fg/o.jpg", "is_closed": false, "phone": "+19259889876", "location": {"address3": "", "zip_code": "94523", "address1": "1002 Grayson Rd", "address2": null, "city": "Pleasant Hill", "state": "CA", "country": "US"}, "name": "PROTEGE Photography"}