{"id": "capital-stretch-limos-chapman", "rating": 0.0, "coordinates": {"longitude": 149.0409393, "latitude": -35.3615189}, "is_claimed": false, "photos": [], "review_count": 0, "term": "hotels", "url": "https://www.yelp.com/biz/capital-stretch-limos-chapman?adjust_creative=92p07_JjKyriZTQxAXRiKQ&utm_campaign=yelp_api_v3&utm_medium=api_v3_business_lookup&utm_source=92p07_JjKyriZTQxAXRiKQ", "categories": [{"alias": "limos", "title": "Limos"}], "location": {"address3": null, "zip_code": "2611", "address1": "4 Hertz Pl", "state": "ACT", "city": "Chapman", "address2": null, "country": "AU"}, "is_closed": false, "phone": "+61412233148", "image_url": "", "name": "Capital Stretch Limos"}