{"id": "sun-theatre-yarraville-2", "rating": 4.5, "coordinates": {"longitude": 144.8909035, "latitude": -37.8159563}, "is_claimed": false, "hours": [{"is_open_now": true, "open": [{"is_overnight": false, "day": 0, "start": "0930", "end": "0000"}, {"is_overnight": false, "day": 1, "start": "0930", "end": "0000"}, {"is_overnight": false, "day": 2, "start": "0930", "end": "0000"}, {"is_overnight": false, "day": 3, "start": "0930", "end": "0000"}, {"is_overnight": false, "day": 4, "start": "0930", "end": "0000"}, {"is_overnight": false, "day": 5, "start": "0930", "end": "0000"}, {"is_overnight": false, "day": 6, "start": "0930", "end": "0000"}], "hours_type": "REGULAR"}], "photos": ["https://s3-media1.fl.yelpcdn.com/bphoto/0xHFPOWNApWw7qh3z6qrVg/o.jpg", "https://s3-media1.fl.yelpcdn.com/bphoto/0cel216tjqG3MesPQzNAbQ/o.jpg", "https://s3-media2.fl.yelpcdn.com/bphoto/4MMjt47BIYyVDP_rHwuCSw/o.jpg"], "review_count": 20, "term": "attractions", "url": "https://www.yelp.com/biz/sun-theatre-yarraville-2?adjust_creative=92p07_JjKyriZTQxAXRiKQ&utm_campaign=yelp_api_v3&utm_medium=api_v3_business_lookup&utm_source=92p07_JjKyriZTQxAXRiKQ", "categories": [{"alias": "movietheaters", "title": "Cinema"}], "location": {"address3": null, "zip_code": "3013", "address1": "8 Ballarat St", "address2": null, "city": "Yarraville", "state": "VIC", "country": "AU"}, "is_closed": false, "phone": "+61393620999", "image_url": "https://s3-media1.fl.yelpcdn.com/bphoto/0xHFPOWNApWw7qh3z6qrVg/o.jpg", "name": "Sun Theatre"}