{"id": "bruny-island-ferry-glenorchy", "rating": 4.0, "coordinates": {"longitude": 147.326552945874, "latitude": -42.8810662434116}, "is_claimed": false, "hours": [{"is_open_now": false, "open": [{"is_overnight": false, "day": 0, "start": "0800", "end": "1900"}, {"is_overnight": false, "day": 1, "start": "0800", "end": "1900"}, {"is_overnight": false, "day": 2, "start": "0800", "end": "1900"}, {"is_overnight": false, "day": 3, "start": "0800", "end": "1900"}, {"is_overnight": false, "day": 4, "start": "0800", "end": "1930"}, {"is_overnight": false, "day": 5, "start": "0800", "end": "1900"}, {"is_overnight": false, "day": 6, "start": "0800", "end": "1900"}], "hours_type": "REGULAR"}], "photos": ["https://s3-media1.fl.yelpcdn.com/bphoto/ZvplY9713J_6kqKFQkIwpA/o.jpg", "https://s3-media3.fl.yelpcdn.com/bphoto/QhSoNH7dZM0RTt_YE_hqcA/o.jpg", "https://s3-media2.fl.yelpcdn.com/bphoto/ZaxrYMbFbUDmgK2RAgAKlQ/o.jpg"], "review_count": 2, "term": "hotels", "url": "https://www.yelp.com/biz/bruny-island-ferry-glenorchy?adjust_creative=92p07_JjKyriZTQxAXRiKQ&utm_campaign=yelp_api_v3&utm_medium=api_v3_business_lookup&utm_source=92p07_JjKyriZTQxAXRiKQ", "categories": [{"title": "Tours", "alias": "tours"}, {"title": "Water Taxis", "alias": "watertaxis"}], "image_url": "https://s3-media3.fl.yelpcdn.com/bphoto/ZvplY9713J_6kqKFQkIwpA/o.jpg", "is_closed": false, "phone": "+61362722322", "location": {"address3": null, "zip_code": "7010", "address1": "4 Hornsby Rd", "state": "TAS", "city": "Glenorchy", "address2": null, "country": "AU"}, "name": "Bruny Island Ferry"}