{"price": "$$$", "rating": 4.0, "coordinates": {"longitude": 151.2354736, "latitude": -33.8786583}, "is_claimed": false, "hours": [{"is_open_now": false, "open": [{"is_overnight": false, "day": 0, "start": "0900", "end": "1700"}, {"is_overnight": false, "day": 1, "start": "0900", "end": "1700"}, {"is_overnight": false, "day": 2, "start": "0900", "end": "1700"}, {"is_overnight": false, "day": 3, "start": "0900", "end": "1700"}, {"is_overnight": false, "day": 4, "start": "0900", "end": "1700"}, {"is_overnight": false, "day": 5, "start": "0900", "end": "1500"}], "hours_type": "REGULAR"}], "photos": [], "review_count": 1, "id": "michael-commerford-gallery-edgecliff", "term": "attractions", "url": "https://www.yelp.com/biz/michael-commerford-gallery-edgecliff?adjust_creative=92p07_JjKyriZTQxAXRiKQ&utm_campaign=yelp_api_v3&utm_medium=api_v3_business_lookup&utm_source=92p07_JjKyriZTQxAXRiKQ", "categories": [{"alias": "galleries", "title": "Art Galleries"}], "location": {"address3": null, "zip_code": "2027", "address1": "16 McLachlan St", "address2": null, "city": "Edgecliff", "state": "NSW", "country": "AU"}, "is_closed": false, "phone": "+61293313338", "image_url": "", "name": "Michael Commerford Gallery"}