{"id": "iga-perth-royal-show-claremont", "rating": 4.0, "coordinates": {"longitude": 115.787471131584, "latitude": -31.9735722974875}, "is_claimed": false, "photos": ["https://s3-media2.fl.yelpcdn.com/bphoto/hUkvWuUzBkJO9iFq-s7FOQ/o.jpg", "https://s3-media1.fl.yelpcdn.com/bphoto/lR9Dtg36LoeXMYrNguRzPg/o.jpg", "https://s3-media2.fl.yelpcdn.com/bphoto/pPpXtY_1xRANzpXDMT1Xqw/o.jpg"], "review_count": 1, "term": "attractions", "url": "https://www.yelp.com/biz/iga-perth-royal-show-claremont?adjust_creative=92p07_JjKyriZTQxAXRiKQ&utm_campaign=yelp_api_v3&utm_medium=api_v3_business_lookup&utm_source=92p07_JjKyriZTQxAXRiKQ", "categories": [{"alias": "localflavor", "title": "Local Flavor"}], "location": {"address3": "", "zip_code": "6010", "address1": "Hardwick Ave", "address2": "", "city": "Claremont", "state": "WA", "country": "AU"}, "is_closed": false, "phone": "", "image_url": "https://s3-media2.fl.yelpcdn.com/bphoto/hUkvWuUzBkJO9iFq-s7FOQ/o.jpg", "name": "IGA Perth Royal Show"}