{"price": "$$", "rating": 3.0, "coordinates": {"longitude": 144.9811249, "latitude": -37.8685265}, "is_claimed": false, "photos": ["https://s3-media2.fl.yelpcdn.com/bphoto/B7zE_aAczh3vMBwr0jj9fQ/o.jpg"], "review_count": 1, "id": "barkly-apartments-st-kilda", "term": "attractions", "url": "https://www.yelp.com/biz/barkly-apartments-st-kilda?adjust_creative=92p07_JjKyriZTQxAXRiKQ&utm_campaign=yelp_api_v3&utm_medium=api_v3_business_lookup&utm_source=92p07_JjKyriZTQxAXRiKQ", "categories": [{"title": "Hotels", "alias": "hotels"}], "image_url": "https://s3-media4.fl.yelpcdn.com/bphoto/B7zE_aAczh3vMBwr0jj9fQ/o.jpg", "is_closed": false, "phone": "+61395255000", "location": {"address3": null, "zip_code": "3182", "address1": "180 Barkly St", "address2": null, "city": "St Kilda", "state": "VIC", "country": "AU"}, "name": "Barkly Apartments"}