{"id": "broncos-leagues-club-qld", "rating": 3.0, "coordinates": {"longitude": 152.9958801, "latitude": -27.4484901}, "is_claimed": false, "hours": [{"is_open_now": true, "open": [{"is_overnight": false, "end": "2200", "start": "0930", "day": 0}, {"is_overnight": false, "end": "2200", "start": "0930", "day": 1}, {"is_overnight": false, "end": "2200", "start": "0930", "day": 2}, {"is_overnight": false, "end": "2200", "start": "0930", "day": 3}, {"is_overnight": false, "end": "2200", "start": "0930", "day": 4}, {"is_overnight": false, "end": "2200", "start": "0930", "day": 5}, {"is_overnight": false, "end": "2200", "start": "0930", "day": 6}], "hours_type": "REGULAR"}], "photos": ["https://s3-media1.fl.yelpcdn.com/bphoto/V4OZVylh0EYERTikjrprHg/o.jpg", "https://s3-media2.fl.yelpcdn.com/bphoto/VwBqojGjCMvOHXFr3oiuMg/o.jpg", "https://s3-media1.fl.yelpcdn.com/bphoto/5S5Zfhsa-_JuuiMhTpIuCg/o.jpg"], "review_count": 9, "term": "attractions", "url": "https://www.yelp.com/biz/broncos-leagues-club-qld?adjust_creative=92p07_JjKyriZTQxAXRiKQ&utm_campaign=yelp_api_v3&utm_medium=api_v3_business_lookup&utm_source=92p07_JjKyriZTQxAXRiKQ", "categories": [{"title": "Social Clubs", "alias": "social_clubs"}], "image_url": "https://s3-media1.fl.yelpcdn.com/bphoto/V4OZVylh0EYERTikjrprHg/o.jpg", "is_closed": false, "phone": "+61738589000", "location": {"address3": null, "zip_code": "4059", "address1": "Fulcher Rd", "address2": null, "city": "QLD", "state": "QLD", "country": "AU"}, "name": "Broncos Leagues Club"}