{"id": "canberra-guided-tours-spence", "rating": 0.0, "coordinates": {"longitude": 149.0661774, "latitude": -35.2012901}, "is_claimed": false, "photos": [], "review_count": 0, "term": "hotels", "url": "https://www.yelp.com/biz/canberra-guided-tours-spence?adjust_creative=92p07_JjKyriZTQxAXRiKQ&utm_campaign=yelp_api_v3&utm_medium=api_v3_business_lookup&utm_source=92p07_JjKyriZTQxAXRiKQ", "categories": [{"alias": "travelservices", "title": "Travel Services"}], "location": {"address3": null, "zip_code": "2615", "address1": "Baddeley Crs", "address2": null, "city": "Spence", "state": "ACT", "country": "AU"}, "is_closed": false, "phone": "+61262589293", "image_url": "", "name": "Canberra Guided Tours"}