{"id": "attractive-cheltenham", "rating": 0.0, "coordinates": {"longitude": 151.0761414, "latitude": -33.7616005}, "is_claimed": false, "photos": [], "review_count": 0, "term": "attractions", "url": "https://www.yelp.com/biz/attractive-cheltenham?adjust_creative=92p07_JjKyriZTQxAXRiKQ&utm_campaign=yelp_api_v3&utm_medium=api_v3_business_lookup&utm_source=92p07_JjKyriZTQxAXRiKQ", "categories": [], "location": {"address3": null, "zip_code": "2119", "address1": "8 Castle Howard Rd", "address2": null, "city": "Cheltenham", "state": "NSW", "country": "AU"}, "is_closed": false, "phone": "+61411502514", "image_url": "", "name": "Attractive"}