{"location": {"city": "Paris", "address2": null, "zip_code": "75116", "address3": "", "address1": "78 avenue Raymond Poincar\u00e9", "country": "FR", "state": "92"}, "hours": [{"is_open_now": false, "hours_type": "REGULAR", "open": [{"end": "0100", "day": 0, "start": "0500", "is_overnight": true}, {"end": "0100", "day": 1, "start": "0500", "is_overnight": true}, {"end": "0100", "day": 2, "start": "0500", "is_overnight": true}, {"end": "0100", "day": 3, "start": "0500", "is_overnight": true}, {"end": "0100", "day": 4, "start": "0500", "is_overnight": true}, {"end": "0100", "day": 5, "start": "0500", "is_overnight": true}, {"end": "0100", "day": 6, "start": "0500", "is_overnight": true}]}], "is_closed": false, "term": "attractions", "url": "https://www.yelp.com/biz/kiss-me-in-paris-paris?adjust_creative=92p07_JjKyriZTQxAXRiKQ&utm_campaign=yelp_api_v3&utm_medium=api_v3_business_lookup&utm_source=92p07_JjKyriZTQxAXRiKQ", "id": "kiss-me-in-paris-paris", "categories": [{"alias": "eventphotography", "title": "Event Photography"}, {"alias": "sessionphotography", "title": "Session Photography"}], "phone": "+33662439595", "photos": ["https://s3-media4.fl.yelpcdn.com/bphoto/MuwEUv6l7-CoD_7dnekGmQ/o.jpg", "https://s3-media3.fl.yelpcdn.com/bphoto/IHDT297bXuwLnVo7bJSdeg/o.jpg", "https://s3-media4.fl.yelpcdn.com/bphoto/6b9T4rtaNGJfPuamGY8qvQ/o.jpg"], "is_claimed": true, "rating": 5.0, "review_count": 63, "image_url": "https://s3-media3.fl.yelpcdn.com/bphoto/MuwEUv6l7-CoD_7dnekGmQ/o.jpg", "coordinates": {"latitude": 48.869005, "longitude": 2.285668}, "name": "Kiss Me in Paris"}