{"id": "john-smiths-stadium-huddersfield", "rating": 4.0, "coordinates": {"longitude": -1.76742191534424, "latitude": 53.6550746016412}, "is_claimed": false, "photos": ["https://s3-media1.fl.yelpcdn.com/bphoto/He1-azyth27XxPlURTa_oA/o.jpg", "https://s3-media4.fl.yelpcdn.com/bphoto/beUD-KeqF8Pymo-GoY3yow/o.jpg", "https://s3-media2.fl.yelpcdn.com/bphoto/UKHRO8V_jfCyy0jsh4srYw/o.jpg"], "review_count": 8, "term": "attractions", "url": "https://www.yelp.com/biz/john-smiths-stadium-huddersfield?adjust_creative=92p07_JjKyriZTQxAXRiKQ&utm_campaign=yelp_api_v3&utm_medium=api_v3_business_lookup&utm_source=92p07_JjKyriZTQxAXRiKQ", "categories": [{"title": "Stadiums & Arenas", "alias": "stadiumsarenas"}], "location": {"address3": "", "zip_code": "HD1 6PG", "address1": "Stadium Way", "address2": "", "city": "Huddersfield", "state": "XWY", "country": "GB"}, "is_closed": false, "phone": "+441484234110", "image_url": "https://s3-media4.fl.yelpcdn.com/bphoto/He1-azyth27XxPlURTa_oA/o.jpg", "name": "John Smith's Stadium"}