{"id": "blackpool-pleasure-beach-blackpool-2", "rating": 4.0, "coordinates": {"longitude": -3.09394187484474, "latitude": 53.7778670866391}, "is_claimed": false, "photos": ["https://s3-media1.fl.yelpcdn.com/bphoto/aHHWuT7btLCP0TQ4LRL9jA/o.jpg", "https://s3-media4.fl.yelpcdn.com/bphoto/aP1-51KiFb_WpK5Ws4LXHw/o.jpg", "https://s3-media2.fl.yelpcdn.com/bphoto/loHRLIrdKC7mDLTyC3snNw/o.jpg"], "review_count": 72, "price": "\u00a3", "term": "attractions", "url": "https://www.yelp.com/biz/blackpool-pleasure-beach-blackpool-2?adjust_creative=92p07_JjKyriZTQxAXRiKQ&utm_campaign=yelp_api_v3&utm_medium=api_v3_business_lookup&utm_source=92p07_JjKyriZTQxAXRiKQ", "categories": [{"title": "Amusement Parks", "alias": "amusementparks"}], "image_url": "https://s3-media1.fl.yelpcdn.com/bphoto/aHHWuT7btLCP0TQ4LRL9jA/o.jpg", "is_closed": false, "phone": "+448704445577", "location": {"address3": "", "zip_code": "FY4 1EZ", "address1": "525 Ocean Boulevard", "state": "LAN", "city": "Blackpool", "address2": "", "country": "GB"}, "name": "Blackpool Pleasure Beach"}