{"price": "$$", "rating": 3.5, "coordinates": {"longitude": 138.6136169, "latitude": -34.9102097}, "is_claimed": true, "hours": [{"is_open_now": true, "open": [{"is_overnight": false, "day": 0, "end": "0000", "start": "0900"}, {"is_overnight": true, "day": 1, "end": "0300", "start": "0900"}, {"is_overnight": true, "day": 2, "end": "0300", "start": "0900"}, {"is_overnight": true, "day": 3, "end": "0300", "start": "0900"}, {"is_overnight": true, "day": 4, "end": "0300", "start": "0900"}, {"is_overnight": true, "day": 5, "end": "0300", "start": "0900"}, {"is_overnight": true, "day": 6, "end": "0300", "start": "0900"}], "hours_type": "REGULAR"}], "photos": ["https://s3-media4.fl.yelpcdn.com/bphoto/cuphe-xKnaZmYvPTWj0aiw/o.jpg", "https://s3-media3.fl.yelpcdn.com/bphoto/ngZhqw_8RssDlc6KSSRdaA/o.jpg", "https://s3-media4.fl.yelpcdn.com/bphoto/7o_B5wfokN-4k1AOCA_VZA/o.jpg"], "review_count": 13, "id": "hackney-hotel-hackney", "term": "hotels", "url": "https://www.yelp.com/biz/hackney-hotel-hackney?adjust_creative=92p07_JjKyriZTQxAXRiKQ&utm_campaign=yelp_api_v3&utm_medium=api_v3_business_lookup&utm_source=92p07_JjKyriZTQxAXRiKQ", "categories": [{"alias": "venues", "title": "Venues & Event Spaces"}, {"alias": "bars", "title": "Bars"}, {"alias": "hotels", "title": "Hotels"}], "location": {"address3": null, "zip_code": "5069", "address1": "95 Hackney Rd", "state": "SA", "city": "Hackney", "address2": null, "country": "AU"}, "is_closed": false, "phone": "+61883629282", "image_url": "https://s3-media1.fl.yelpcdn.com/bphoto/cuphe-xKnaZmYvPTWj0aiw/o.jpg", "name": "Hackney Hotel"}