{"id": "celestial-medicine-burbank", "rating": 5.0, "coordinates": {"longitude": -118.32346, "latitude": 34.17064}, "is_claimed": true, "photos": ["https://s3-media3.fl.yelpcdn.com/bphoto/FalfRlZXsxGWSzKcyA61jg/o.jpg", "https://s3-media1.fl.yelpcdn.com/bphoto/FOvf97mfOozv48cW3fQfLA/o.jpg", "https://s3-media4.fl.yelpcdn.com/bphoto/PTupBo_1F5LW3xmBekWkHw/o.jpg"], "review_count": 2, "term": "attractions", "url": "https://www.yelp.com/biz/celestial-medicine-burbank?adjust_creative=92p07_JjKyriZTQxAXRiKQ&utm_campaign=yelp_api_v3&utm_medium=api_v3_business_lookup&utm_source=92p07_JjKyriZTQxAXRiKQ", "categories": [{"alias": "reiki", "title": "Reiki"}, {"alias": "psychic_astrology", "title": "Psychics & Astrologers"}, {"alias": "lifecoach", "title": "Life Coach"}], "location": {"address3": "", "zip_code": "91506", "address1": "", "state": "CA", "city": "Burbank", "address2": null, "country": "US"}, "is_closed": false, "phone": "+13103105190", "image_url": "https://s3-media4.fl.yelpcdn.com/bphoto/FalfRlZXsxGWSzKcyA61jg/o.jpg", "name": "Celestial Medicine"}