{"price": "$$", "rating": 2.5, "coordinates": {"longitude": 151.225470390872, "latitude": -33.8708195961761}, "is_claimed": false, "hours": [{"is_open_now": true, "open": [{"is_overnight": false, "day": 0, "end": "0000", "start": "0000"}, {"is_overnight": false, "day": 1, "end": "0000", "start": "0000"}, {"is_overnight": false, "day": 2, "end": "0000", "start": "0000"}, {"is_overnight": false, "day": 3, "end": "0000", "start": "0000"}, {"is_overnight": false, "day": 4, "end": "0000", "start": "0000"}, {"is_overnight": false, "day": 5, "end": "0000", "start": "0000"}, {"is_overnight": false, "day": 6, "end": "0000", "start": "0000"}], "hours_type": "REGULAR"}], "photos": ["https://s3-media2.fl.yelpcdn.com/bphoto/ksGFA04nmXSH3GDbxGn5fA/o.jpg", "https://s3-media1.fl.yelpcdn.com/bphoto/OMpiE0Iqs-sIgqh4T6xdTg/o.jpg", "https://s3-media4.fl.yelpcdn.com/bphoto/CTiIT576x2sx-EvIGIf1HQ/o.jpg"], "review_count": 3, "id": "devere-hotel-potts-point", "term": "attractions", "url": "https://www.yelp.com/biz/devere-hotel-potts-point?adjust_creative=92p07_JjKyriZTQxAXRiKQ&utm_campaign=yelp_api_v3&utm_medium=api_v3_business_lookup&utm_source=92p07_JjKyriZTQxAXRiKQ", "categories": [{"alias": "hotels", "title": "Hotels"}, {"alias": "bedbreakfast", "title": "Bed & Breakfast"}], "location": {"address3": null, "zip_code": "2011", "address1": "46 MacLeay St", "state": "NSW", "city": "Potts Point", "address2": null, "country": "AU"}, "is_closed": false, "phone": "+61293581211", "image_url": "https://s3-media4.fl.yelpcdn.com/bphoto/ksGFA04nmXSH3GDbxGn5fA/o.jpg", "name": "Devere Hotel"}