{"id": "christmas-in-menai-menai", "rating": 5.0, "coordinates": {"longitude": 151.013855, "latitude": -34.0198898}, "is_claimed": false, "photos": ["https://s3-media2.fl.yelpcdn.com/bphoto/aJlU3WUepekvJajTmD6m6w/o.jpg", "https://s3-media3.fl.yelpcdn.com/bphoto/tzlwhc5NYawvhULNXb_R9w/o.jpg", "https://s3-media1.fl.yelpcdn.com/bphoto/M6Miu0gWymI-vPmPOjBKJw/o.jpg"], "review_count": 1, "term": "attractions", "url": "https://www.yelp.com/biz/christmas-in-menai-menai?adjust_creative=92p07_JjKyriZTQxAXRiKQ&utm_campaign=yelp_api_v3&utm_medium=api_v3_business_lookup&utm_source=92p07_JjKyriZTQxAXRiKQ", "categories": [{"alias": "localflavor", "title": "Local Flavor"}], "location": {"address3": "", "zip_code": "2234", "address1": "Forest Glen Way, including Harper Way", "address2": "", "city": "Menai", "state": "NSW", "country": "AU"}, "is_closed": false, "phone": "+61290000000", "image_url": "https://s3-media1.fl.yelpcdn.com/bphoto/aJlU3WUepekvJajTmD6m6w/o.jpg", "name": "Christmas in Menai"}