{"id": "best-ever-production-ilford", "rating": 0.0, "coordinates": {"longitude": 0.0947567448019981, "latitude": 51.5760746017848}, "is_claimed": true, "hours": [{"is_open_now": false, "open": [{"is_overnight": false, "day": 0, "end": "2000", "start": "0900"}, {"is_overnight": false, "day": 1, "end": "2000", "start": "0900"}, {"is_overnight": false, "day": 2, "end": "2000", "start": "0900"}, {"is_overnight": false, "day": 3, "end": "2000", "start": "0900"}, {"is_overnight": false, "day": 4, "end": "2000", "start": "0900"}, {"is_overnight": false, "day": 5, "end": "1400", "start": "0900"}], "hours_type": "REGULAR"}], "photos": ["https://s3-media1.fl.yelpcdn.com/bphoto/tzjjI1qgB3AvwK1rYMoj4A/o.jpg", "https://s3-media1.fl.yelpcdn.com/bphoto/BaC1OmergTO7O__cQIuynw/o.jpg", "https://s3-media4.fl.yelpcdn.com/bphoto/n4f2r5qnHf6IhfEyGEOrPQ/o.jpg"], "review_count": 0, "term": "attractions", "url": "https://www.yelp.com/biz/best-ever-production-ilford?adjust_creative=92p07_JjKyriZTQxAXRiKQ&utm_campaign=yelp_api_v3&utm_medium=api_v3_business_lookup&utm_source=92p07_JjKyriZTQxAXRiKQ", "categories": [{"alias": "videofilmproductions", "title": "Video/Film Production"}, {"alias": "videographers", "title": "Videographers"}], "location": {"address3": null, "zip_code": "IG2 7RT", "address1": "747 Eastern Avenue", "state": "XGL", "city": "Ilford", "address2": "Newbury Park", "country": "GB"}, "is_closed": false, "phone": "+442036171912", "image_url": "https://s3-media2.fl.yelpcdn.com/bphoto/tzjjI1qgB3AvwK1rYMoj4A/o.jpg", "name": "Best Ever Production"}