{"id": "flight-centre-tuggeranong-tuggeranong", "rating": 0.0, "coordinates": {"longitude": 149.0665283, "latitude": -35.4144478}, "is_claimed": false, "photos": [], "review_count": 0, "term": "hotels", "url": "https://www.yelp.com/biz/flight-centre-tuggeranong-tuggeranong?adjust_creative=92p07_JjKyriZTQxAXRiKQ&utm_campaign=yelp_api_v3&utm_medium=api_v3_business_lookup&utm_source=92p07_JjKyriZTQxAXRiKQ", "categories": [{"alias": "travelservices", "title": "Travel Services"}], "location": {"address3": null, "zip_code": "2900", "address1": "Shop 127, Tuggeranong Hyperdome 148 Anketell St", "address2": null, "city": "Tuggeranong", "state": "ACT", "country": "AU"}, "is_closed": false, "phone": "+1300755332", "image_url": "", "name": "Flight Centre Tuggeranong"}