{"id": "haigh-country-park-wigan", "rating": 4.5, "coordinates": {"longitude": -2.61266939342022, "latitude": 53.5652481055325}, "is_claimed": false, "photos": ["https://s3-media1.fl.yelpcdn.com/bphoto/aPSPC0hsDf5O8I_8A1s_aw/o.jpg", "https://s3-media2.fl.yelpcdn.com/bphoto/_tqBu76W59C-42zbbrYEoA/o.jpg", "https://s3-media3.fl.yelpcdn.com/bphoto/nZzRd7uDkuvhTuHjVWYNGQ/o.jpg"], "review_count": 11, "term": "attractions", "url": "https://www.yelp.com/biz/haigh-country-park-wigan?adjust_creative=92p07_JjKyriZTQxAXRiKQ&utm_campaign=yelp_api_v3&utm_medium=api_v3_business_lookup&utm_source=92p07_JjKyriZTQxAXRiKQ", "categories": [{"alias": "parks", "title": "Parks"}], "location": {"address3": null, "zip_code": "WN2 1PE", "address1": "Wigan Lane", "address2": null, "city": "Wigan", "state": "WGN", "country": "GB"}, "is_closed": false, "phone": "+441942832895", "image_url": "https://s3-media1.fl.yelpcdn.com/bphoto/aPSPC0hsDf5O8I_8A1s_aw/o.jpg", "name": "Haigh Country Park"}