{"id": "mcdonnell-reserve-west-hindmarsh", "rating": 4.0, "coordinates": {"longitude": 138.5625916, "latitude": -34.909359}, "is_claimed": false, "photos": ["https://s3-media3.fl.yelpcdn.com/bphoto/Mrusa2bxHAzQgg9vQNbsQw/o.jpg", "https://s3-media4.fl.yelpcdn.com/bphoto/sZXhVHbTN-2zs5O_6oAxYg/o.jpg", "https://s3-media4.fl.yelpcdn.com/bphoto/3_Shd7lbodgY7wozSxjNAA/o.jpg"], "review_count": 1, "term": "attractions", "url": "https://www.yelp.com/biz/mcdonnell-reserve-west-hindmarsh?adjust_creative=92p07_JjKyriZTQxAXRiKQ&utm_campaign=yelp_api_v3&utm_medium=api_v3_business_lookup&utm_source=92p07_JjKyriZTQxAXRiKQ", "categories": [{"title": "Parks", "alias": "parks"}], "image_url": "https://s3-media2.fl.yelpcdn.com/bphoto/Mrusa2bxHAzQgg9vQNbsQw/o.jpg", "is_closed": false, "phone": "", "location": {"address3": "", "zip_code": "5007", "address1": "McDonnell Ave", "address2": "", "city": "West Hindmarsh", "state": "SA", "country": "AU"}, "name": "McDonnell Reserve"}