{"id": "national-media-museum-queensbury", "rating": 4.0, "coordinates": {"longitude": -1.85076, "latitude": 53.7791405}, "is_claimed": false, "hours": [{"is_open_now": false, "open": [{"is_overnight": false, "end": "1800", "day": 1, "start": "1000"}, {"is_overnight": false, "end": "1800", "day": 2, "start": "1000"}, {"is_overnight": false, "end": "1800", "day": 3, "start": "1000"}, {"is_overnight": false, "end": "1800", "day": 4, "start": "1000"}, {"is_overnight": false, "end": "1800", "day": 5, "start": "1000"}, {"is_overnight": false, "end": "1800", "day": 6, "start": "1000"}], "hours_type": "REGULAR"}], "photos": ["https://s3-media2.fl.yelpcdn.com/bphoto/r0-kXoSIiwcu6plD4ybwFw/o.jpg", "https://s3-media2.fl.yelpcdn.com/bphoto/SSsoKFdBjHSrlW936tdMog/o.jpg", "https://s3-media2.fl.yelpcdn.com/bphoto/V7S7FktI0MpwpDZBBxGQVw/o.jpg"], "review_count": 5, "term": "attractions", "url": "https://www.yelp.com/biz/national-media-museum-queensbury?adjust_creative=92p07_JjKyriZTQxAXRiKQ&utm_campaign=yelp_api_v3&utm_medium=api_v3_business_lookup&utm_source=92p07_JjKyriZTQxAXRiKQ", "categories": [{"title": "Museums", "alias": "museums"}], "location": {"address3": "", "zip_code": "BD1 1NQ", "address1": "", "address2": "", "city": "Queensbury", "state": "XWY", "country": "GB"}, "is_closed": false, "phone": "+448707010200", "image_url": "https://s3-media3.fl.yelpcdn.com/bphoto/r0-kXoSIiwcu6plD4ybwFw/o.jpg", "name": "National Media Museum"}