{"id": "lola-the-junk-collector-east-fremantle", "rating": 4.0, "coordinates": {"longitude": 115.7605362, "latitude": -32.0470085}, "is_claimed": false, "photos": ["https://s3-media4.fl.yelpcdn.com/bphoto/wMtqSCo6T7bC5mhDwirS1w/o.jpg", "https://s3-media2.fl.yelpcdn.com/bphoto/O1F_ja3lE84l6catlAzFPw/o.jpg", "https://s3-media2.fl.yelpcdn.com/bphoto/iYlo5D0gCCoBLqx5O0c1oQ/o.jpg"], "review_count": 1, "term": "attractions", "url": "https://www.yelp.com/biz/lola-the-junk-collector-east-fremantle?adjust_creative=92p07_JjKyriZTQxAXRiKQ&utm_campaign=yelp_api_v3&utm_medium=api_v3_business_lookup&utm_source=92p07_JjKyriZTQxAXRiKQ", "categories": [{"title": "Local Flavor", "alias": "localflavor"}], "image_url": "https://s3-media4.fl.yelpcdn.com/bphoto/wMtqSCo6T7bC5mhDwirS1w/o.jpg", "is_closed": false, "phone": "", "location": {"address3": "", "zip_code": "6158", "address1": "100 Hubble Street", "address2": "", "city": "East Fremantle", "state": "WA", "country": "AU"}, "name": "Lola the Junk Collector"}