{"location": {"address2": "", "country": "NZ", "zip_code": "2102", "state": "AUK", "address3": "", "address1": "2/72 Weymouth Rd", "city": "Manurewa"}, "term": "attractions", "url": "https://www.yelp.com/biz/auckland-limo-service-manurewa?adjust_creative=92p07_JjKyriZTQxAXRiKQ&utm_campaign=yelp_api_v3&utm_medium=api_v3_business_lookup&utm_source=92p07_JjKyriZTQxAXRiKQ", "coordinates": {"latitude": -37.0237808, "longitude": 174.898407}, "id": "auckland-limo-service-manurewa", "name": "Auckland Limo Service", "photos": ["https://s3-media3.fl.yelpcdn.com/bphoto/zRC9nctnJtjaimzIiqEUYg/o.jpg", "https://s3-media3.fl.yelpcdn.com/bphoto/n4jvKbHRpAVUgn8DU_5PaQ/o.jpg", "https://s3-media2.fl.yelpcdn.com/bphoto/NEiXzoyOqJNqt4GbHJjthw/o.jpg"], "rating": 0.0, "is_claimed": true, "categories": [{"alias": "limos", "title": "Limos"}], "is_closed": false, "image_url": "https://s3-media2.fl.yelpcdn.com/bphoto/zRC9nctnJtjaimzIiqEUYg/o.jpg", "hours": [{"hours_type": "REGULAR", "open": [{"end": "0000", "start": "0000", "day": 0, "is_overnight": false}, {"end": "0000", "start": "0000", "day": 1, "is_overnight": false}, {"end": "0000", "start": "0000", "day": 2, "is_overnight": false}, {"end": "0000", "start": "0000", "day": 3, "is_overnight": false}, {"end": "0000", "start": "0000", "day": 4, "is_overnight": false}, {"end": "0000", "start": "0000", "day": 5, "is_overnight": false}, {"end": "0000", "start": "0000", "day": 6, "is_overnight": false}], "is_open_now": true}], "review_count": 0, "phone": "+6498874195"}