{"id": "bondi-to-coogee-walk-coogee-beach", "rating": 5.0, "coordinates": {"longitude": 151.274785995483, "latitude": -33.8906524779488}, "is_claimed": true, "hours": [{"is_open_now": true, "open": [{"is_overnight": false, "day": 0, "start": "0000", "end": "0000"}, {"is_overnight": false, "day": 1, "start": "0000", "end": "0000"}, {"is_overnight": false, "day": 2, "start": "0000", "end": "0000"}, {"is_overnight": false, "day": 3, "start": "0000", "end": "0000"}, {"is_overnight": false, "day": 4, "start": "0000", "end": "0000"}, {"is_overnight": false, "day": 5, "start": "0000", "end": "0000"}, {"is_overnight": false, "day": 6, "start": "0000", "end": "0000"}], "hours_type": "REGULAR"}], "photos": ["https://s3-media2.fl.yelpcdn.com/bphoto/pqZ_fmj0_114Cw0dvxCS1A/o.jpg", "https://s3-media4.fl.yelpcdn.com/bphoto/QN9Yr6-Zxh2Bs4CeIxqzQA/o.jpg", "https://s3-media2.fl.yelpcdn.com/bphoto/p0tP7GbFREIzPPENoQCWXw/o.jpg"], "review_count": 61, "term": "attractions", "url": "https://www.yelp.com/biz/bondi-to-coogee-walk-coogee-beach?adjust_creative=92p07_JjKyriZTQxAXRiKQ&utm_campaign=yelp_api_v3&utm_medium=api_v3_business_lookup&utm_source=92p07_JjKyriZTQxAXRiKQ", "categories": [{"alias": "beaches", "title": "Beaches"}, {"alias": "hiking", "title": "Hiking"}], "location": {"address3": "", "zip_code": "2030", "address1": "Arden St", "address2": "", "city": "Coogee Beach", "state": "NSW", "country": "AU"}, "is_closed": false, "phone": "+61406333665", "image_url": "https://s3-media1.fl.yelpcdn.com/bphoto/pqZ_fmj0_114Cw0dvxCS1A/o.jpg", "name": "Bondi to Coogee Walk"}