{"id": "gordon-library-gordon", "rating": 3.0, "coordinates": {"longitude": 151.1522369, "latitude": -33.7537918}, "is_claimed": false, "hours": [{"is_open_now": false, "open": [{"is_overnight": false, "day": 0, "start": "0900", "end": "1900"}, {"is_overnight": false, "day": 1, "start": "0900", "end": "2000"}, {"is_overnight": false, "day": 2, "start": "0900", "end": "2000"}, {"is_overnight": false, "day": 3, "start": "0900", "end": "2000"}, {"is_overnight": false, "day": 4, "start": "0900", "end": "1800"}, {"is_overnight": false, "day": 5, "start": "1000", "end": "1700"}, {"is_overnight": false, "day": 6, "start": "1400", "end": "1700"}], "hours_type": "REGULAR"}], "photos": ["https://s3-media3.fl.yelpcdn.com/bphoto/ybqIqbX5UCvdoDjxS0msLQ/o.jpg"], "review_count": 2, "term": "attractions", "url": "https://www.yelp.com/biz/gordon-library-gordon?adjust_creative=92p07_JjKyriZTQxAXRiKQ&utm_campaign=yelp_api_v3&utm_medium=api_v3_business_lookup&utm_source=92p07_JjKyriZTQxAXRiKQ", "categories": [{"alias": "libraries", "title": "Libraries"}], "location": {"address3": "", "zip_code": "2072", "address1": "799 Pacific Highway", "address2": "", "city": "Gordon", "state": "NSW", "country": "AU"}, "is_closed": false, "phone": "+6194240909", "image_url": "https://s3-media1.fl.yelpcdn.com/bphoto/ybqIqbX5UCvdoDjxS0msLQ/o.jpg", "name": "Gordon Library"}