{"rating": 0.0, "url": "https://www.yelp.com/biz/kaikoura-top-10-holiday-park-kaikoura?adjust_creative=92p07_JjKyriZTQxAXRiKQ&utm_campaign=yelp_api_v3&utm_medium=api_v3_business_lookup&utm_source=92p07_JjKyriZTQxAXRiKQ", "image_url": "", "coordinates": {"latitude": -42.4086113, "longitude": 173.6786194}, "review_count": 0, "phone": "+6433195053", "is_claimed": false, "term": "hotels", "location": {"city": "Kaikoura", "address3": null, "address1": "Kaikoura TOP 10 Holiday Park", "address2": null, "state": "AUK", "country": "NZ", "zip_code": "2010"}, "categories": [{"title": "Hotels", "alias": "hotels"}], "photos": [], "name": "Kaikoura Top 10 Holiday Park", "is_closed": false, "id": "kaikoura-top-10-holiday-park-kaikoura"}