{"id": "railway-road-post-office-leigh-2", "rating": 5.0, "coordinates": {"longitude": -2.5227132, "latitude": 53.497509}, "is_claimed": false, "photos": [], "review_count": 1, "term": "attractions", "url": "https://www.yelp.com/biz/railway-road-post-office-leigh-2?adjust_creative=92p07_JjKyriZTQxAXRiKQ&utm_campaign=yelp_api_v3&utm_medium=api_v3_business_lookup&utm_source=92p07_JjKyriZTQxAXRiKQ", "categories": [{"alias": "postoffices", "title": "Post Offices"}], "location": {"address3": "", "zip_code": "WN7 4AT", "address1": "40 railway road", "state": "XGM", "city": "Leigh", "address2": "leigh", "country": "GB"}, "is_closed": false, "phone": "", "image_url": "", "name": "railway road post office"}