{"id": "luna-park-sydney-milsons-point-3", "rating": 3.0, "coordinates": {"longitude": 151.2114868, "latitude": -33.8470192}, "is_claimed": true, "hours": [{"is_open_now": true, "open": [{"is_overnight": false, "day": 0, "start": "1100", "end": "1600"}, {"is_overnight": false, "day": 1, "start": "1100", "end": "1600"}, {"is_overnight": false, "day": 2, "start": "1100", "end": "1600"}, {"is_overnight": false, "day": 3, "start": "1100", "end": "1600"}, {"is_overnight": false, "day": 4, "start": "1100", "end": "2300"}, {"is_overnight": false, "day": 5, "start": "1000", "end": "2300"}, {"is_overnight": false, "day": 6, "start": "1000", "end": "1800"}], "hours_type": "REGULAR"}], "photos": ["https://s3-media3.fl.yelpcdn.com/bphoto/S2gicm6wax8kZIujNwRTjw/o.jpg", "https://s3-media4.fl.yelpcdn.com/bphoto/ogbMlJFg4E6QpNvrrqa34g/o.jpg", "https://s3-media1.fl.yelpcdn.com/bphoto/TEnhSyw3AltLK46CAVSKDw/o.jpg"], "review_count": 30, "term": "attractions", "url": "https://www.yelp.com/biz/luna-park-sydney-milsons-point-3?adjust_creative=92p07_JjKyriZTQxAXRiKQ&utm_campaign=yelp_api_v3&utm_medium=api_v3_business_lookup&utm_source=92p07_JjKyriZTQxAXRiKQ", "categories": [{"alias": "amusementparks", "title": "Amusement Parks"}, {"alias": "venues", "title": "Venues & Event Spaces"}], "location": {"address3": null, "zip_code": "2061", "address1": "1 Olympic Drv", "address2": null, "city": "Milsons Point", "state": "NSW", "country": "AU"}, "is_closed": false, "phone": "+61299226644", "image_url": "https://s3-media1.fl.yelpcdn.com/bphoto/S2gicm6wax8kZIujNwRTjw/o.jpg", "name": "Luna Park Sydney"}