{"id": "k-s-c-110-club-burnley", "rating": 3.0, "coordinates": {"longitude": -2.2348088, "latitude": 53.7890489}, "is_claimed": false, "photos": ["https://s3-media2.fl.yelpcdn.com/bphoto/T5vmmSAKLdLnDi28gsUasQ/o.jpg", "https://s3-media2.fl.yelpcdn.com/bphoto/ryi7TH6BBKMZtKdACqHCuQ/o.jpg"], "review_count": 2, "term": "attractions", "url": "https://www.yelp.com/biz/k-s-c-110-club-burnley?adjust_creative=92p07_JjKyriZTQxAXRiKQ&utm_campaign=yelp_api_v3&utm_medium=api_v3_business_lookup&utm_source=92p07_JjKyriZTQxAXRiKQ", "categories": [{"alias": "social_clubs", "title": "Social Clubs"}], "location": {"address3": null, "zip_code": "BB11 3BY", "address1": "1 Albert Street", "address2": null, "city": "Burnley", "state": "LAN", "country": "GB"}, "is_closed": false, "phone": "+441282422571", "image_url": "https://s3-media2.fl.yelpcdn.com/bphoto/T5vmmSAKLdLnDi28gsUasQ/o.jpg", "name": "K.S.C. 110 Club"}