{"id": "drayton-and-ninths-streets-rest-stop-bowden", "rating": 2.0, "coordinates": {"longitude": 138.5788574, "latitude": -34.9020119}, "is_claimed": false, "photos": ["https://s3-media1.fl.yelpcdn.com/bphoto/kFehFfrBDtO5ZuMH7aqo6Q/o.jpg", "https://s3-media4.fl.yelpcdn.com/bphoto/G-AFU0_61Ou5xllDYzGxMw/o.jpg"], "review_count": 1, "term": "hotels", "url": "https://www.yelp.com/biz/drayton-and-ninths-streets-rest-stop-bowden?adjust_creative=92p07_JjKyriZTQxAXRiKQ&utm_campaign=yelp_api_v3&utm_medium=api_v3_business_lookup&utm_source=92p07_JjKyriZTQxAXRiKQ", "categories": [{"title": "Rest Stops", "alias": "reststops"}], "image_url": "https://s3-media2.fl.yelpcdn.com/bphoto/kFehFfrBDtO5ZuMH7aqo6Q/o.jpg", "is_closed": false, "phone": "", "location": {"address3": "", "zip_code": "5007", "address1": "Drayton St & 9th St", "address2": "", "city": "Bowden", "state": "SA", "country": "AU"}, "name": "Drayton and Ninths Streets Rest Stop"}