{"id": "social-brew-cafe-pyrmont", "rating": 4.5, "coordinates": {"longitude": 151.1952972, "latitude": -33.8715897}, "is_claimed": true, "hours": [{"is_open_now": true, "open": [{"is_overnight": false, "day": 0, "start": "0700", "end": "1700"}, {"is_overnight": false, "day": 1, "start": "0700", "end": "1700"}, {"is_overnight": false, "day": 2, "start": "0700", "end": "1700"}, {"is_overnight": false, "day": 3, "start": "0700", "end": "1700"}, {"is_overnight": false, "day": 4, "start": "0700", "end": "1700"}, {"is_overnight": false, "day": 5, "start": "0700", "end": "1700"}, {"is_overnight": false, "day": 6, "start": "0700", "end": "1700"}], "hours_type": "REGULAR"}], "photos": ["https://s3-media2.fl.yelpcdn.com/bphoto/lTiu-08azNPWdcyBZMboKg/o.jpg", "https://s3-media4.fl.yelpcdn.com/bphoto/Q7Wb_hv_9RQ9nzpRZxhvMw/o.jpg", "https://s3-media3.fl.yelpcdn.com/bphoto/XLaWtfcQuwbUf_EAFFHwkw/o.jpg"], "review_count": 60, "price": "$$", "term": "restaurants", "url": "https://www.yelp.com/biz/social-brew-cafe-pyrmont?adjust_creative=92p07_JjKyriZTQxAXRiKQ&utm_campaign=yelp_api_v3&utm_medium=api_v3_business_lookup&utm_source=92p07_JjKyriZTQxAXRiKQ", "categories": [{"alias": "cafes", "title": "Cafes"}, {"alias": "breakfast_brunch", "title": "Breakfast & Brunch"}, {"alias": "coffee", "title": "Coffee & Tea"}], "location": {"address3": "", "zip_code": "2009", "address1": "224 Harris St", "address2": "", "city": "Pyrmont", "state": "NSW", "country": "AU"}, "is_closed": false, "phone": "+61295718792", "image_url": "https://s3-media4.fl.yelpcdn.com/bphoto/lTiu-08azNPWdcyBZMboKg/o.jpg", "name": "Social Brew Cafe"}