{"location": {"city": "Boulogne-Billancourt", "address2": null, "zip_code": "92100", "address3": "", "address1": "47 rue Marcel Dassault", "country": "FR", "state": "92"}, "categories": [{"title": "Photo Booth Rentals", "alias": "photoboothrentals"}], "is_closed": false, "term": "attractions", "url": "https://www.yelp.com/biz/myphoto-live-boulogne-billancourt?adjust_creative=92p07_JjKyriZTQxAXRiKQ&utm_campaign=yelp_api_v3&utm_medium=api_v3_business_lookup&utm_source=92p07_JjKyriZTQxAXRiKQ", "id": "myphoto-live-boulogne-billancourt", "phone": "+33662287912", "photos": ["https://s3-media1.fl.yelpcdn.com/bphoto/yM9JhlSSL8uHvLdk7LgNwQ/o.jpg", "https://s3-media2.fl.yelpcdn.com/bphoto/2u_0FgG1HXGAUpd_GkJIww/o.jpg", "https://s3-media1.fl.yelpcdn.com/bphoto/UUnO2XOYCrXtqoZfJBc0iw/o.jpg"], "is_claimed": true, "rating": 0.0, "coordinates": {"latitude": 48.83516, "longitude": 2.25225}, "review_count": 0, "image_url": "https://s3-media2.fl.yelpcdn.com/bphoto/yM9JhlSSL8uHvLdk7LgNwQ/o.jpg", "hours": [{"hours_type": "REGULAR", "open": [{"end": "2300", "day": 0, "start": "0900", "is_overnight": false}, {"end": "2300", "day": 1, "start": "0900", "is_overnight": false}, {"end": "2300", "day": 2, "start": "0900", "is_overnight": false}, {"end": "2300", "day": 3, "start": "0900", "is_overnight": false}, {"end": "2300", "day": 4, "start": "0900", "is_overnight": false}, {"end": "2300", "day": 5, "start": "0900", "is_overnight": false}, {"end": "2300", "day": 6, "start": "0900", "is_overnight": false}], "is_open_now": false}], "name": "Myphoto Live"}