{"id": "the-getty-villa-pacific-palisades", "rating": 4.5, "coordinates": {"longitude": -118.565128849282, "latitude": 34.0449221218845}, "is_claimed": true, "hours": [{"is_open_now": false, "open": [{"is_overnight": false, "day": 0, "end": "1700", "start": "1000"}, {"is_overnight": false, "day": 2, "end": "1700", "start": "1000"}, {"is_overnight": false, "day": 3, "end": "1700", "start": "1000"}, {"is_overnight": false, "day": 4, "end": "1700", "start": "1000"}, {"is_overnight": false, "day": 5, "end": "1700", "start": "1000"}, {"is_overnight": false, "day": 6, "end": "1700", "start": "1000"}], "hours_type": "REGULAR"}], "photos": ["https://s3-media2.fl.yelpcdn.com/bphoto/gAYiWbl07Tdl6hg62ZV8zA/o.jpg", "https://s3-media3.fl.yelpcdn.com/bphoto/3TMfjmeymjJH0GxKWofJuw/o.jpg", "https://s3-media3.fl.yelpcdn.com/bphoto/qlK0K60rKayLrQri9YVIHQ/o.jpg"], "review_count": 1011, "term": "attractions", "url": "https://www.yelp.com/biz/the-getty-villa-pacific-palisades?adjust_creative=92p07_JjKyriZTQxAXRiKQ&utm_campaign=yelp_api_v3&utm_medium=api_v3_business_lookup&utm_source=92p07_JjKyriZTQxAXRiKQ", "categories": [{"alias": "gardens", "title": "Botanical Gardens"}, {"alias": "artmuseums", "title": "Art Museums"}], "location": {"address3": "", "zip_code": "90272", "address1": "17985 Pacific Coast Hwy", "state": "CA", "city": "Pacific Palisades", "address2": "", "country": "US"}, "is_closed": false, "phone": "+13104407300", "image_url": "https://s3-media3.fl.yelpcdn.com/bphoto/gAYiWbl07Tdl6hg62ZV8zA/o.jpg", "name": "The Getty Villa"}