{"id": "manchester-city-football-club-etihad-stadium-manchester", "rating": 4.0, "coordinates": {"longitude": -2.20149649549487, "latitude": 53.4830024714937}, "is_claimed": false, "photos": ["https://s3-media2.fl.yelpcdn.com/bphoto/ISD3L5JQT559OpOj5sFhpQ/o.jpg", "https://s3-media2.fl.yelpcdn.com/bphoto/zrse4_QGa7SPMbBHy9hr5Q/o.jpg", "https://s3-media1.fl.yelpcdn.com/bphoto/fF62ekANLUx9euUCpVMO0A/o.jpg"], "review_count": 53, "price": "\u00a3", "term": "attractions", "url": "https://www.yelp.com/biz/manchester-city-football-club-etihad-stadium-manchester?adjust_creative=92p07_JjKyriZTQxAXRiKQ&utm_campaign=yelp_api_v3&utm_medium=api_v3_business_lookup&utm_source=92p07_JjKyriZTQxAXRiKQ", "categories": [{"alias": "stadiumsarenas", "title": "Stadiums & Arenas"}, {"alias": "sports_clubs", "title": "Sports Clubs"}], "location": {"address3": "", "zip_code": "M11 3FF", "address1": "Ashton New Road", "address2": "", "city": "Manchester", "state": "ABE", "country": "GB"}, "is_closed": false, "phone": "+441614441894", "image_url": "https://s3-media2.fl.yelpcdn.com/bphoto/ISD3L5JQT559OpOj5sFhpQ/o.jpg", "name": "Manchester City Football Club - Etihad Stadium"}