{"id": "dundonald-international-ice-bowl-dundonald", "rating": 3.5, "coordinates": {"longitude": -5.81824, "latitude": 54.58712}, "is_claimed": false, "hours": [{"is_open_now": false, "open": [{"is_overnight": false, "day": 0, "end": "2330", "start": "1000"}, {"is_overnight": false, "day": 1, "end": "2330", "start": "1000"}, {"is_overnight": false, "day": 2, "end": "2330", "start": "1000"}, {"is_overnight": false, "day": 3, "end": "2330", "start": "1000"}, {"is_overnight": false, "day": 4, "end": "2330", "start": "1000"}, {"is_overnight": false, "day": 5, "end": "2330", "start": "1000"}, {"is_overnight": false, "day": 6, "end": "2330", "start": "1000"}], "hours_type": "REGULAR"}], "photos": ["https://s3-media3.fl.yelpcdn.com/bphoto/ZmQr8ngKPZT6rCdOn0qtWA/o.jpg", "https://s3-media3.fl.yelpcdn.com/bphoto/OicvE10Kf7yZukrcKEJIBQ/o.jpg", "https://s3-media3.fl.yelpcdn.com/bphoto/LLEJ2hzEGJyD2ZZ-BbQBTA/o.jpg"], "review_count": 23, "term": "attractions", "url": "https://www.yelp.com/biz/dundonald-international-ice-bowl-dundonald?adjust_creative=92p07_JjKyriZTQxAXRiKQ&utm_campaign=yelp_api_v3&utm_medium=api_v3_business_lookup&utm_source=92p07_JjKyriZTQxAXRiKQ", "categories": [{"alias": "leisure_centers", "title": "Leisure Centers"}, {"alias": "skatingrinks", "title": "Skating Rinks"}, {"alias": "bowling", "title": "Bowling"}], "location": {"address3": "", "zip_code": "BT16 1XT", "address1": "111 Old Dundonald Road", "state": "BFS", "city": "Dundonald", "address2": "", "country": "GB"}, "is_closed": false, "phone": "+442890809100", "image_url": "https://s3-media2.fl.yelpcdn.com/bphoto/ZmQr8ngKPZT6rCdOn0qtWA/o.jpg", "name": "Dundonald International Ice Bowl"}