{"price": "$$", "rating": 4.0, "coordinates": {"longitude": 144.96507, "latitude": -37.85004}, "is_claimed": false, "hours": [{"is_open_now": true, "open": [{"is_overnight": true, "day": 0, "start": "0700", "end": "0100"}, {"is_overnight": true, "day": 1, "start": "0700", "end": "0100"}, {"is_overnight": true, "day": 2, "start": "0700", "end": "0100"}, {"is_overnight": true, "day": 3, "start": "0700", "end": "0100"}, {"is_overnight": true, "day": 4, "start": "0700", "end": "0100"}, {"is_overnight": true, "day": 5, "start": "0700", "end": "0100"}, {"is_overnight": false, "day": 6, "start": "0700", "end": "2300"}], "hours_type": "REGULAR"}], "photos": ["https://s3-media1.fl.yelpcdn.com/bphoto/Z1X8lVkO-cRX9-1dTV5Eow/o.jpg", "https://s3-media4.fl.yelpcdn.com/bphoto/fqJqFIq1UesdRvaTPQwVJQ/o.jpg", "https://s3-media4.fl.yelpcdn.com/bphoto/me-7PSUswZ1P8GxktP83uA/o.jpg"], "review_count": 11, "id": "middle-park-hotel-middle-park", "term": "attractions", "url": "https://www.yelp.com/biz/middle-park-hotel-middle-park?adjust_creative=92p07_JjKyriZTQxAXRiKQ&utm_campaign=yelp_api_v3&utm_medium=api_v3_business_lookup&utm_source=92p07_JjKyriZTQxAXRiKQ", "categories": [{"alias": "hotels", "title": "Hotels"}], "location": {"address3": "", "zip_code": "3206", "address1": "102 Canterbury Rd", "address2": "", "city": "Middle Park", "state": "VIC", "country": "AU"}, "is_closed": false, "phone": "+61398100079", "image_url": "https://s3-media3.fl.yelpcdn.com/bphoto/Z1X8lVkO-cRX9-1dTV5Eow/o.jpg", "name": "Middle Park Hotel"}