{"photos": ["https://s3-media3.fl.yelpcdn.com/bphoto/7GmQm4MLOqbnMitVi2WGow/o.jpg", "https://s3-media2.fl.yelpcdn.com/bphoto/ZafEzb35VvofEeSzRX4gWA/o.jpg", "https://s3-media3.fl.yelpcdn.com/bphoto/m-6aZzmAGZaaj5lCc_obNg/o.jpg"], "is_closed": false, "price": "$$", "location": {"zip_code": "6016", "address1": "Shop 4 / 401 Oxford St", "address3": "", "country": "AU", "state": "WA", "city": "Mount Hawthorn", "address2": ""}, "image_url": "https://s3-media2.fl.yelpcdn.com/bphoto/7GmQm4MLOqbnMitVi2WGow/o.jpg", "term": "restaurants", "is_claimed": false, "review_count": 31, "id": "ha-lu-mount-hawthorn", "hours": [{"is_open_now": false, "hours_type": "REGULAR", "open": [{"is_overnight": false, "day": 2, "end": "2300", "start": "1800"}, {"is_overnight": false, "day": 3, "end": "2300", "start": "1800"}, {"is_overnight": false, "day": 4, "end": "2300", "start": "1800"}, {"is_overnight": false, "day": 5, "end": "2300", "start": "1800"}, {"is_overnight": false, "day": 6, "end": "2300", "start": "1800"}]}], "categories": [{"title": "Japanese", "alias": "japanese"}, {"title": "Fast Food", "alias": "hotdogs"}], "phone": "+61894440577", "rating": 4.5, "name": "Ha-Lu", "url": "https://www.yelp.com/biz/ha-lu-mount-hawthorn?adjust_creative=92p07_JjKyriZTQxAXRiKQ&utm_campaign=yelp_api_v3&utm_medium=api_v3_business_lookup&utm_source=92p07_JjKyriZTQxAXRiKQ", "coordinates": {"latitude": -31.9236202, "longitude": 115.841095}}