{"id": "auburn-botanic-garden-auburn", "rating": 4.5, "coordinates": {"longitude": 151.017185736352, "latitude": -33.8581096242994}, "is_claimed": false, "photos": ["https://s3-media3.fl.yelpcdn.com/bphoto/XbbLo0sk5XEmS3UZZxkO7A/o.jpg", "https://s3-media2.fl.yelpcdn.com/bphoto/lKMbslFs4bbwaRCfBEqCKA/o.jpg", "https://s3-media4.fl.yelpcdn.com/bphoto/SJbim3oIkRa3AuOG0-ftvQ/o.jpg"], "review_count": 2, "term": "attractions", "url": "https://www.yelp.com/biz/auburn-botanic-garden-auburn?adjust_creative=92p07_JjKyriZTQxAXRiKQ&utm_campaign=yelp_api_v3&utm_medium=api_v3_business_lookup&utm_source=92p07_JjKyriZTQxAXRiKQ", "categories": [{"title": "Parks", "alias": "parks"}, {"title": "Botanical Gardens", "alias": "gardens"}], "image_url": "https://s3-media2.fl.yelpcdn.com/bphoto/XbbLo0sk5XEmS3UZZxkO7A/o.jpg", "is_closed": false, "phone": "", "location": {"address3": "", "zip_code": "2144", "address1": "96 Chiswick Road", "address2": "", "city": "Auburn", "state": "NSW", "country": "AU"}, "name": "Auburn Botanic Garden"}