{"id": "tamasha-restaurant-bromley", "rating": 4.0, "coordinates": {"longitude": 0.026911100006131, "latitude": 51.407033699541}, "is_claimed": true, "hours": [{"is_open_now": false, "open": [{"is_overnight": false, "day": 0, "start": "1200", "end": "2230"}, {"is_overnight": false, "day": 1, "start": "1200", "end": "2230"}, {"is_overnight": false, "day": 2, "start": "1200", "end": "2230"}, {"is_overnight": false, "day": 3, "start": "1200", "end": "2230"}, {"is_overnight": false, "day": 4, "start": "1200", "end": "2230"}, {"is_overnight": false, "day": 5, "start": "1200", "end": "2230"}, {"is_overnight": false, "day": 6, "start": "1200", "end": "2230"}], "hours_type": "REGULAR"}], "photos": ["https://s3-media2.fl.yelpcdn.com/bphoto/RQ4408J4T5qm0v03DAvhMg/o.jpg"], "review_count": 8, "price": "\u00a3\u00a3\u00a3", "term": "attractions", "url": "https://www.yelp.com/biz/tamasha-restaurant-bromley?adjust_creative=92p07_JjKyriZTQxAXRiKQ&utm_campaign=yelp_api_v3&utm_medium=api_v3_business_lookup&utm_source=92p07_JjKyriZTQxAXRiKQ", "categories": [{"alias": "indpak", "title": "Indian"}, {"alias": "bedbreakfast", "title": "Bed & Breakfast"}], "location": {"address3": "", "zip_code": "BR1 3AX", "address1": "131 Widmore Road", "address2": "", "city": "Bromley", "state": "XGL", "country": "GB"}, "is_closed": false, "phone": "+442084603240", "image_url": "https://s3-media1.fl.yelpcdn.com/bphoto/RQ4408J4T5qm0v03DAvhMg/o.jpg", "name": "Tamasha Restaurant"}