{"price": "$$", "rating": 4.0, "coordinates": {"longitude": 149.101762510836, "latitude": -35.3756190525081}, "is_claimed": false, "hours": [{"is_open_now": false, "open": [{"is_overnight": false, "day": 0, "start": "0700", "end": "1600"}, {"is_overnight": false, "day": 1, "start": "0700", "end": "1600"}, {"is_overnight": false, "day": 2, "start": "0700", "end": "1600"}, {"is_overnight": false, "day": 3, "start": "0700", "end": "1600"}, {"is_overnight": false, "day": 4, "start": "0700", "end": "1600"}, {"is_overnight": false, "day": 5, "start": "0800", "end": "1530"}, {"is_overnight": false, "day": 6, "start": "0800", "end": "1530"}], "hours_type": "REGULAR"}], "photos": ["https://s3-media3.fl.yelpcdn.com/bphoto/LK7jvW0DuMs5bvy7MVZRLA/o.jpg", "https://s3-media3.fl.yelpcdn.com/bphoto/88nVHdLIiquYn0na8Pe8bw/o.jpg", "https://s3-media1.fl.yelpcdn.com/bphoto/Sn_T53gBz7_kgJO2LjXRiA/o.jpg"], "review_count": 3, "id": "fox-and-bow-caf\u00e9-farrer", "term": "restaurants", "url": "https://www.yelp.com/biz/fox-and-bow-caf%C3%A9-farrer?adjust_creative=92p07_JjKyriZTQxAXRiKQ&utm_campaign=yelp_api_v3&utm_medium=api_v3_business_lookup&utm_source=92p07_JjKyriZTQxAXRiKQ", "categories": [{"alias": "cafes", "title": "Cafes"}, {"alias": "breakfast_brunch", "title": "Breakfast & Brunch"}, {"alias": "australian", "title": "Australian"}], "location": {"address3": "", "zip_code": "2607", "address1": "4B Farrer Pl", "state": "ACT", "city": "Farrer", "address2": "", "country": "AU"}, "is_closed": false, "phone": "+61412537587", "image_url": "https://s3-media4.fl.yelpcdn.com/bphoto/LK7jvW0DuMs5bvy7MVZRLA/o.jpg", "name": "Fox And Bow Caf\u00e9"}