{"id": "parc-ast\u00e9rix-plailly-4", "categories": [{"title": "Amusement Parks", "alias": "amusementparks"}], "is_closed": false, "price": "\u20ac\u20ac\u20ac", "url": "https://www.yelp.com/biz/parc-ast%C3%A9rix-plailly-4?adjust_creative=92p07_JjKyriZTQxAXRiKQ&utm_campaign=yelp_api_v3&utm_medium=api_v3_business_lookup&utm_source=92p07_JjKyriZTQxAXRiKQ", "location": {"state": "60", "address2": "", "zip_code": "60128", "country": "FR", "address1": "Parc Ast\u00e9rix", "address3": null, "city": "Plailly"}, "phone": "+33826466626", "photos": ["https://s3-media1.fl.yelpcdn.com/bphoto/wknOOMeQVqZ8U9IuV16q0w/o.jpg", "https://s3-media3.fl.yelpcdn.com/bphoto/jbvrL8wwb1M1CUNHiYa-MQ/o.jpg", "https://s3-media2.fl.yelpcdn.com/bphoto/GSM61D9GEqTiZwJ3CvDg6A/o.jpg"], "hours": [{"is_open_now": false, "open": [{"start": "1000", "day": 0, "end": "1800", "is_overnight": false}, {"start": "1000", "day": 1, "end": "1800", "is_overnight": false}, {"start": "1000", "day": 2, "end": "1800", "is_overnight": false}, {"start": "1000", "day": 3, "end": "1800", "is_overnight": false}, {"start": "1000", "day": 4, "end": "1800", "is_overnight": false}, {"start": "1000", "day": 5, "end": "1800", "is_overnight": false}, {"start": "1000", "day": 6, "end": "1800", "is_overnight": false}], "hours_type": "REGULAR"}], "term": "attractions", "is_claimed": true, "rating": 4.0, "review_count": 161, "image_url": "https://s3-media4.fl.yelpcdn.com/bphoto/wknOOMeQVqZ8U9IuV16q0w/o.jpg", "coordinates": {"latitude": 49.1236689, "longitude": 2.5827665}, "name": "Parc Ast\u00e9rix"}