{"id": "tempe-reserve-tempe", "rating": 4.0, "coordinates": {"longitude": 151.1608, "latitude": -33.92045}, "is_claimed": false, "photos": ["https://s3-media2.fl.yelpcdn.com/bphoto/1_zI4CL7x9Y8_jIV5Htrqg/o.jpg", "https://s3-media4.fl.yelpcdn.com/bphoto/nNtTNs5lSxy96P_ZWMVZ3A/o.jpg", "https://s3-media2.fl.yelpcdn.com/bphoto/OrAbZVBpSjv7qg0_zWqSrQ/o.jpg"], "review_count": 1, "term": "attractions", "url": "https://www.yelp.com/biz/tempe-reserve-tempe?adjust_creative=92p07_JjKyriZTQxAXRiKQ&utm_campaign=yelp_api_v3&utm_medium=api_v3_business_lookup&utm_source=92p07_JjKyriZTQxAXRiKQ", "categories": [{"alias": "playgrounds", "title": "Playgrounds"}], "location": {"address3": "", "zip_code": "", "address1": "", "address2": "", "city": "Tempe", "state": "NSW", "country": "AU"}, "is_closed": false, "phone": "", "image_url": "https://s3-media3.fl.yelpcdn.com/bphoto/1_zI4CL7x9Y8_jIV5Htrqg/o.jpg", "name": "Tempe Reserve"}