{"id": "grange-thistle-soccer-club-grange", "rating": 4.0, "coordinates": {"longitude": 153.0183563, "latitude": -27.4214401}, "is_claimed": false, "hours": [{"is_open_now": true, "open": [{"is_overnight": false, "day": 0, "end": "1700", "start": "0900"}, {"is_overnight": false, "day": 1, "end": "1700", "start": "0900"}, {"is_overnight": false, "day": 4, "end": "2100", "start": "1700"}, {"is_overnight": false, "day": 5, "end": "2100", "start": "1700"}, {"is_overnight": false, "day": 6, "end": "0000", "start": "0000"}], "hours_type": "REGULAR"}], "photos": [], "review_count": 1, "term": "attractions", "url": "https://www.yelp.com/biz/grange-thistle-soccer-club-grange?adjust_creative=92p07_JjKyriZTQxAXRiKQ&utm_campaign=yelp_api_v3&utm_medium=api_v3_business_lookup&utm_source=92p07_JjKyriZTQxAXRiKQ", "categories": [{"alias": "football", "title": "Soccer"}], "location": {"address3": null, "zip_code": "4051", "address1": "1 Prince St", "state": "QLD", "city": "Grange", "address2": null, "country": "AU"}, "is_closed": false, "phone": "+61733568553", "image_url": "", "name": "Grange Thistle Soccer Club"}