{"id": "mamas-trattoria-city-2", "rating": 0.0, "coordinates": {"longitude": 149.127912, "latitude": -35.278742}, "is_claimed": false, "photos": ["https://s3-media3.fl.yelpcdn.com/bphoto/sO2zWOmXpnIMGxAiJS9b7A/o.jpg"], "review_count": 0, "term": "restaurants", "url": "https://www.yelp.com/biz/mamas-trattoria-city-2?adjust_creative=92p07_JjKyriZTQxAXRiKQ&utm_campaign=yelp_api_v3&utm_medium=api_v3_business_lookup&utm_source=92p07_JjKyriZTQxAXRiKQ", "categories": [{"alias": "italian", "title": "Italian"}], "location": {"address3": null, "zip_code": "2601", "address1": "Shop 4, Melbourne Building", "address2": "45 West Row", "city": "City", "state": "ACT", "country": "AU"}, "is_closed": false, "phone": "+61262480936", "image_url": "https://s3-media3.fl.yelpcdn.com/bphoto/sO2zWOmXpnIMGxAiJS9b7A/o.jpg", "name": "Mama's Trattoria"}