{"id": "fitness-first-lutwyche", "rating": 3.0, "coordinates": {"longitude": 153.0339661, "latitude": -27.4238091}, "is_claimed": false, "hours": [{"is_open_now": true, "open": [{"is_overnight": false, "end": "2100", "start": "0600", "day": 0}, {"is_overnight": false, "end": "2100", "start": "0600", "day": 1}, {"is_overnight": false, "end": "2100", "start": "0600", "day": 2}, {"is_overnight": false, "end": "2100", "start": "0600", "day": 3}, {"is_overnight": false, "end": "2000", "start": "0600", "day": 4}, {"is_overnight": false, "end": "1800", "start": "0700", "day": 5}, {"is_overnight": false, "end": "1700", "start": "0800", "day": 6}], "hours_type": "REGULAR"}], "photos": [], "review_count": 4, "term": "attractions", "url": "https://www.yelp.com/biz/fitness-first-lutwyche?adjust_creative=92p07_JjKyriZTQxAXRiKQ&utm_campaign=yelp_api_v3&utm_medium=api_v3_business_lookup&utm_source=92p07_JjKyriZTQxAXRiKQ", "categories": [{"alias": "fitness", "title": "Fitness & Instruction"}], "location": {"address3": null, "zip_code": "4030", "address1": "473 Lutwyche Rd", "state": "QLD", "city": "Lutwyche", "address2": null, "country": "AU"}, "is_closed": false, "phone": "+61736307101", "image_url": "", "name": "Fitness First"}