{"price": "$$", "rating": 3.5, "coordinates": {"longitude": 138.6004028, "latitude": -34.9555893}, "is_claimed": false, "hours": [{"is_open_now": true, "open": [{"is_overnight": true, "end": "0030", "start": "1100", "day": 0}, {"is_overnight": true, "end": "0030", "start": "1100", "day": 1}, {"is_overnight": true, "end": "0030", "start": "1100", "day": 2}, {"is_overnight": true, "end": "0030", "start": "1100", "day": 3}, {"is_overnight": true, "end": "0130", "start": "1100", "day": 4}, {"is_overnight": true, "end": "0130", "start": "1100", "day": 5}, {"is_overnight": false, "end": "2300", "start": "1100", "day": 6}], "hours_type": "REGULAR"}], "photos": ["https://s3-media2.fl.yelpcdn.com/bphoto/jEfvWfPKFA_R58N2D2hSIg/o.jpg", "https://s3-media1.fl.yelpcdn.com/bphoto/AEPvziXWj1MqbTI3LKGWag/o.jpg", "https://s3-media2.fl.yelpcdn.com/bphoto/MU1kP59coLWKGhdh7W2t3g/o.jpg"], "review_count": 7, "id": "hyde-park-tavern-hyde-park-2", "term": "hotels", "url": "https://www.yelp.com/biz/hyde-park-tavern-hyde-park-2?adjust_creative=92p07_JjKyriZTQxAXRiKQ&utm_campaign=yelp_api_v3&utm_medium=api_v3_business_lookup&utm_source=92p07_JjKyriZTQxAXRiKQ", "categories": [{"title": "Hotels", "alias": "hotels"}], "image_url": "https://s3-media2.fl.yelpcdn.com/bphoto/jEfvWfPKFA_R58N2D2hSIg/o.jpg", "is_closed": false, "phone": "+61882720800", "location": {"address3": null, "zip_code": "5061", "address1": "187 King William Rd", "address2": null, "city": "Hyde Park", "state": "SA", "country": "AU"}, "name": "Hyde Park Tavern"}