{"id": "australian-institute-of-sport-tours-bruce", "rating": 0.0, "coordinates": {"longitude": 149.1017303, "latitude": -35.2456589}, "is_claimed": false, "photos": [], "review_count": 0, "term": "hotels", "url": "https://www.yelp.com/biz/australian-institute-of-sport-tours-bruce?adjust_creative=92p07_JjKyriZTQxAXRiKQ&utm_campaign=yelp_api_v3&utm_medium=api_v3_business_lookup&utm_source=92p07_JjKyriZTQxAXRiKQ", "categories": [{"alias": "travelservices", "title": "Travel Services"}], "location": {"address3": null, "zip_code": "2617", "address1": "Leverrier St", "address2": null, "city": "Bruce", "state": "ACT", "country": "AU"}, "is_closed": false, "phone": "+61262141010", "image_url": "", "name": "Australian Institute Of Sport - Tours"}