{"price": "$$", "rating": 4.0, "coordinates": {"longitude": 151.1555023, "latitude": -33.7631912}, "is_claimed": true, "hours": [{"is_open_now": true, "open": [{"is_overnight": false, "end": "2300", "start": "1000", "day": 0}, {"is_overnight": false, "end": "2300", "start": "1000", "day": 1}, {"is_overnight": false, "end": "0000", "start": "1000", "day": 2}, {"is_overnight": false, "end": "0000", "start": "1000", "day": 3}, {"is_overnight": false, "end": "0000", "start": "1000", "day": 4}, {"is_overnight": false, "end": "0000", "start": "1000", "day": 5}, {"is_overnight": false, "end": "2200", "start": "1000", "day": 6}], "hours_type": "REGULAR"}], "photos": ["https://s3-media3.fl.yelpcdn.com/bphoto/OGZ2eHrfNuNCHu-EkmRXeQ/o.jpg", "https://s3-media1.fl.yelpcdn.com/bphoto/21Hcx1-AvgGJ9_oRlXwiFw/o.jpg", "https://s3-media4.fl.yelpcdn.com/bphoto/Tp1wGcBW61NcXc2LlPInDQ/o.jpg"], "review_count": 5, "id": "greengate-hotel-killara-2", "term": "attractions", "url": "https://www.yelp.com/biz/greengate-hotel-killara-2?adjust_creative=92p07_JjKyriZTQxAXRiKQ&utm_campaign=yelp_api_v3&utm_medium=api_v3_business_lookup&utm_source=92p07_JjKyriZTQxAXRiKQ", "categories": [{"title": "Hotels", "alias": "hotels"}], "image_url": "https://s3-media3.fl.yelpcdn.com/bphoto/OGZ2eHrfNuNCHu-EkmRXeQ/o.jpg", "is_closed": false, "phone": "+61294983577", "location": {"address3": null, "zip_code": "2071", "address1": "Cnr Pacific Hwy & Greengate Rd", "address2": null, "city": "Killara", "state": "NSW", "country": "AU"}, "name": "Greengate Hotel"}