{"id": "cargo-docklands", "rating": 4.5, "coordinates": {"longitude": 144.94133, "latitude": -37.8152885}, "is_claimed": false, "photos": ["https://s3-media1.fl.yelpcdn.com/bphoto/WWVOdRW2KFrYKFfRIbQlyQ/o.jpg", "https://s3-media2.fl.yelpcdn.com/bphoto/GNgYf3721lN13e8gAGVG_w/o.jpg", "https://s3-media1.fl.yelpcdn.com/bphoto/I8bpVcIfFwaYf-m5b_eSQA/o.jpg"], "review_count": 12, "price": "$$", "term": "restaurants", "url": "https://www.yelp.com/biz/cargo-docklands?adjust_creative=92p07_JjKyriZTQxAXRiKQ&utm_campaign=yelp_api_v3&utm_medium=api_v3_business_lookup&utm_source=92p07_JjKyriZTQxAXRiKQ", "categories": [{"alias": "australian", "title": "Australian"}], "location": {"address3": "", "zip_code": "", "address1": "55 New Quay Promenade", "address2": "", "city": "Docklands", "state": "VIC", "country": "AU"}, "is_closed": false, "phone": "", "image_url": "https://s3-media2.fl.yelpcdn.com/bphoto/WWVOdRW2KFrYKFfRIbQlyQ/o.jpg", "name": "Cargo"}