{"location": {"city": "Montreuil", "address2": null, "zip_code": "93100", "country": "FR", "address1": "50 Rue du sergent Bobillot", "address3": null, "state": "93"}, "categories": [{"title": "Amusement Parks", "alias": "amusementparks"}], "is_closed": false, "price": "\u20ac\u20ac\u20ac", "hours": [{"is_open_now": false, "hours_type": "REGULAR", "open": [{"day": 2, "end": "1900", "start": "1000", "is_overnight": false}, {"day": 5, "end": "1900", "start": "1000", "is_overnight": false}, {"day": 6, "end": "1900", "start": "1000", "is_overnight": false}]}], "id": "l-\u00eele-de-robinson-montreuil", "phone": "+33148515690", "photos": [], "term": "attractions", "url": "https://www.yelp.com/biz/l-%C3%AEle-de-robinson-montreuil?adjust_creative=92p07_JjKyriZTQxAXRiKQ&utm_campaign=yelp_api_v3&utm_medium=api_v3_business_lookup&utm_source=92p07_JjKyriZTQxAXRiKQ", "is_claimed": false, "review_count": 0, "rating": 0.0, "image_url": "", "coordinates": {"latitude": 48.8544155, "longitude": 2.433496}, "name": "L'\u00eele de Robinson"}