{"id": "bolton-food-and-drink-festival-bolton", "rating": 4.5, "coordinates": {"longitude": -2.4298699, "latitude": 53.5783806}, "is_claimed": false, "photos": ["https://s3-media1.fl.yelpcdn.com/bphoto/edfbzU6hK9HjwkgT3kWnQg/o.jpg", "https://s3-media4.fl.yelpcdn.com/bphoto/_S62RgkdlTKCN4pRZ6gwvA/o.jpg", "https://s3-media1.fl.yelpcdn.com/bphoto/P8Tu-GDdf4Gwq9UsDgwDTA/o.jpg"], "review_count": 5, "term": "attractions", "url": "https://www.yelp.com/biz/bolton-food-and-drink-festival-bolton?adjust_creative=92p07_JjKyriZTQxAXRiKQ&utm_campaign=yelp_api_v3&utm_medium=api_v3_business_lookup&utm_source=92p07_JjKyriZTQxAXRiKQ", "categories": [{"alias": "festivals", "title": "Festivals"}], "location": {"address3": "", "zip_code": "BL1 5", "address1": "Victoria Sq", "address2": "", "city": "Bolton", "state": "XGM", "country": "GB"}, "is_closed": false, "phone": "", "image_url": "https://s3-media1.fl.yelpcdn.com/bphoto/edfbzU6hK9HjwkgT3kWnQg/o.jpg", "name": "Bolton Food and Drink Festival"}