{"id": "royal-melbourne-show-ascot-vale-2", "rating": 3.5, "coordinates": {"longitude": 144.912310787311, "latitude": -37.7826504219534}, "is_claimed": true, "photos": ["https://s3-media1.fl.yelpcdn.com/bphoto/NGA5HkLzteiovsZUrbNItQ/o.jpg", "https://s3-media2.fl.yelpcdn.com/bphoto/q16DZhqYDzc517HquNnIUQ/o.jpg", "https://s3-media3.fl.yelpcdn.com/bphoto/HqP9IbUJvdqJzCihk6SOgg/o.jpg"], "review_count": 2, "term": "attractions", "url": "https://www.yelp.com/biz/royal-melbourne-show-ascot-vale-2?adjust_creative=92p07_JjKyriZTQxAXRiKQ&utm_campaign=yelp_api_v3&utm_medium=api_v3_business_lookup&utm_source=92p07_JjKyriZTQxAXRiKQ", "categories": [{"alias": "festivals", "title": "Festivals"}], "location": {"address3": null, "zip_code": "3032", "address1": "Epsom Rd", "state": "VIC", "city": "Ascot Vale", "address2": null, "country": "AU"}, "is_closed": false, "phone": "+61392817444", "image_url": "https://s3-media2.fl.yelpcdn.com/bphoto/NGA5HkLzteiovsZUrbNItQ/o.jpg", "name": "Royal Melbourne Show"}