{"id": "onpoint-training-hertford", "rating": 0.0, "coordinates": {"longitude": -0.0726099, "latitude": 51.8013657}, "is_claimed": true, "hours": [{"is_open_now": false, "open": [{"is_overnight": false, "day": 0, "start": "0630", "end": "2100"}, {"is_overnight": false, "day": 1, "start": "0630", "end": "2100"}, {"is_overnight": false, "day": 2, "start": "0630", "end": "2100"}, {"is_overnight": false, "day": 3, "start": "0630", "end": "2100"}, {"is_overnight": false, "day": 4, "start": "0630", "end": "2100"}, {"is_overnight": false, "day": 5, "start": "0630", "end": "2100"}], "hours_type": "REGULAR"}], "photos": ["https://s3-media3.fl.yelpcdn.com/bphoto/1riLGxu70eubKy5soxmtoA/o.jpg", "https://s3-media2.fl.yelpcdn.com/bphoto/rHNiJ81qrtiWogKF2v7WHQ/o.jpg", "https://s3-media1.fl.yelpcdn.com/bphoto/baoL9kn5BAZ9K_E72FvPAA/o.jpg"], "review_count": 0, "term": "attractions", "url": "https://www.yelp.com/biz/onpoint-training-hertford?adjust_creative=92p07_JjKyriZTQxAXRiKQ&utm_campaign=yelp_api_v3&utm_medium=api_v3_business_lookup&utm_source=92p07_JjKyriZTQxAXRiKQ", "categories": [{"alias": "healthtrainers", "title": "Trainers"}], "location": {"address3": "", "zip_code": "SG13 7AE", "address1": "14 Dicker Mill", "address2": null, "city": "Hertford", "state": "XGL", "country": "GB"}, "is_closed": false, "phone": "+441992505721", "image_url": "https://s3-media4.fl.yelpcdn.com/bphoto/1riLGxu70eubKy5soxmtoA/o.jpg", "name": "Onpoint Training"}