{"location": {"city": "Joinville-le-Pont", "address2": null, "zip_code": "94340", "address3": null, "address1": "12 rue Aristide Briand", "country": "FR", "state": "94"}, "categories": [{"title": "Guest Houses", "alias": "guesthouses"}, {"title": "Life Coach", "alias": "lifecoach"}], "is_closed": false, "term": "attractions", "url": "https://www.yelp.com/biz/la-r%C3%A9sidence-d-art-joinville-le-pont?adjust_creative=92p07_JjKyriZTQxAXRiKQ&utm_campaign=yelp_api_v3&utm_medium=api_v3_business_lookup&utm_source=92p07_JjKyriZTQxAXRiKQ", "id": "la-r\u00e9sidence-d-art-joinville-le-pont", "phone": "+33148898803", "photos": ["https://s3-media2.fl.yelpcdn.com/bphoto/IPAOhfqB9YUdAEDoKOQX3g/o.jpg", "https://s3-media3.fl.yelpcdn.com/bphoto/FSAM5uvppp2TEFfhCPrxdQ/o.jpg", "https://s3-media3.fl.yelpcdn.com/bphoto/LBsZi-e81VgMKzQNMwr8Gw/o.jpg"], "is_claimed": true, "rating": 0.0, "coordinates": {"latitude": 48.8211949, "longitude": 2.4652389}, "review_count": 0, "image_url": "https://s3-media4.fl.yelpcdn.com/bphoto/IPAOhfqB9YUdAEDoKOQX3g/o.jpg", "hours": [{"hours_type": "REGULAR", "open": [{"end": "2345", "day": 0, "start": "0700", "is_overnight": false}, {"end": "2345", "day": 1, "start": "0700", "is_overnight": false}, {"end": "2345", "day": 2, "start": "0700", "is_overnight": false}, {"end": "2345", "day": 3, "start": "0700", "is_overnight": false}, {"end": "2345", "day": 4, "start": "0700", "is_overnight": false}, {"end": "2345", "day": 5, "start": "0700", "is_overnight": false}, {"end": "2345", "day": 6, "start": "0700", "is_overnight": false}], "is_open_now": false}], "name": "La R\u00e9sidence d'Art"}