{"id": "independent-aviation-pialligo", "rating": 0.0, "coordinates": {"longitude": 149.1798553, "latitude": -35.3027306}, "is_claimed": false, "photos": [], "review_count": 0, "term": "hotels", "url": "https://www.yelp.com/biz/independent-aviation-pialligo?adjust_creative=92p07_JjKyriZTQxAXRiKQ&utm_campaign=yelp_api_v3&utm_medium=api_v3_business_lookup&utm_source=92p07_JjKyriZTQxAXRiKQ", "categories": [{"alias": "transport", "title": "Transportation"}], "location": {"address3": null, "zip_code": "2609", "address1": "Canberra Airport", "state": "ACT", "city": "Pialligo", "address2": null, "country": "AU"}, "is_closed": false, "phone": "+1300307747", "image_url": "", "name": "Independent Aviation"}