{"price": "$$$$", "rating": 4.5, "coordinates": {"longitude": 149.141861, "latitude": -35.327961}, "is_claimed": false, "hours": [{"is_open_now": false, "open": [{"is_overnight": false, "day": 0, "end": "2330", "start": "1800"}, {"is_overnight": false, "day": 1, "end": "2330", "start": "1800"}, {"is_overnight": false, "day": 2, "end": "2330", "start": "1800"}, {"is_overnight": false, "day": 3, "end": "2330", "start": "1800"}, {"is_overnight": false, "day": 4, "end": "2330", "start": "1800"}, {"is_overnight": false, "day": 5, "end": "2330", "start": "1800"}], "hours_type": "REGULAR"}], "photos": ["https://s3-media2.fl.yelpcdn.com/bphoto/Yw3dtEhWAGqzEBPQxn5SzA/o.jpg", "https://s3-media3.fl.yelpcdn.com/bphoto/dpz4GUtHB_rkvf7akTi2ug/o.jpg", "https://s3-media4.fl.yelpcdn.com/bphoto/p9TUuDG8OqzkG-VRucbUnw/o.jpg"], "review_count": 4, "id": "aubergine-griffith", "term": "restaurants", "url": "https://www.yelp.com/biz/aubergine-griffith?adjust_creative=92p07_JjKyriZTQxAXRiKQ&utm_campaign=yelp_api_v3&utm_medium=api_v3_business_lookup&utm_source=92p07_JjKyriZTQxAXRiKQ", "categories": [{"alias": "australian", "title": "Australian"}], "location": {"address3": null, "zip_code": "2603", "address1": "18 Barker St", "state": "ACT", "city": "Griffith", "address2": null, "country": "AU"}, "is_closed": false, "phone": "+61262608666", "image_url": "https://s3-media4.fl.yelpcdn.com/bphoto/Yw3dtEhWAGqzEBPQxn5SzA/o.jpg", "name": "Aubergine"}