{"id": "rikki-bailey-park-oxley", "rating": 3.0, "coordinates": {"longitude": 152.9673767, "latitude": -27.5615406}, "is_claimed": false, "photos": ["https://s3-media2.fl.yelpcdn.com/bphoto/qSgaKjEy75YAr68U6JKpfA/o.jpg"], "review_count": 1, "term": "attractions", "url": "https://www.yelp.com/biz/rikki-bailey-park-oxley?adjust_creative=92p07_JjKyriZTQxAXRiKQ&utm_campaign=yelp_api_v3&utm_medium=api_v3_business_lookup&utm_source=92p07_JjKyriZTQxAXRiKQ", "categories": [{"alias": "parks", "title": "Parks"}], "location": {"address3": "", "zip_code": "4075", "address1": "Avalon St", "state": "QLD", "city": "Oxley", "address2": "", "country": "AU"}, "is_closed": false, "phone": "", "image_url": "https://s3-media1.fl.yelpcdn.com/bphoto/qSgaKjEy75YAr68U6JKpfA/o.jpg", "name": "Rikki Bailey Park"}