{"id": "farmer-ted-farm-ormskirk", "rating": 4.5, "coordinates": {"longitude": -2.97548, "latitude": 53.54834}, "is_claimed": false, "photos": ["https://s3-media4.fl.yelpcdn.com/bphoto/loyk21gtdEsXmSRetz6wAw/o.jpg"], "review_count": 2, "term": "attractions", "url": "https://www.yelp.com/biz/farmer-ted-farm-ormskirk?adjust_creative=92p07_JjKyriZTQxAXRiKQ&utm_campaign=yelp_api_v3&utm_medium=api_v3_business_lookup&utm_source=92p07_JjKyriZTQxAXRiKQ", "categories": [{"alias": "arts", "title": "Arts & Entertainment"}], "location": {"address3": "Downholland", "zip_code": "L39 7HW", "address1": "Flatmans Lane", "address2": "", "city": "Ormskirk", "state": "LAN", "country": "GB"}, "is_closed": false, "phone": "+441515260002", "image_url": "https://s3-media4.fl.yelpcdn.com/bphoto/loyk21gtdEsXmSRetz6wAw/o.jpg", "name": "Farmer Ted Farm"}