{"photos": ["https://s3-media1.fl.yelpcdn.com/bphoto/0w2JlevzUZUj7m2DTOTfwQ/o.jpg", "https://s3-media2.fl.yelpcdn.com/bphoto/R6xC1yyetdmPT59a3GkN7Q/o.jpg", "https://s3-media2.fl.yelpcdn.com/bphoto/zGEUqiDGH6KE2Df9kKXkZw/o.jpg"], "is_closed": false, "price": "$$", "location": {"zip_code": "6007", "address1": "229 Oxford St", "address3": null, "country": "AU", "state": "WA", "city": "Leederville", "address2": null}, "image_url": "https://s3-media2.fl.yelpcdn.com/bphoto/0w2JlevzUZUj7m2DTOTfwQ/o.jpg", "term": "restaurants", "is_claimed": true, "review_count": 48, "id": "kitsch-bar-leederville", "hours": [{"is_open_now": false, "hours_type": "REGULAR", "open": [{"is_overnight": false, "day": 0, "end": "2230", "start": "1700"}, {"is_overnight": false, "day": 1, "end": "2230", "start": "1700"}, {"is_overnight": false, "day": 2, "end": "2230", "start": "1700"}, {"is_overnight": false, "day": 3, "end": "2230", "start": "1700"}, {"is_overnight": false, "day": 4, "end": "0000", "start": "1700"}, {"is_overnight": false, "day": 5, "end": "0000", "start": "1700"}, {"is_overnight": false, "day": 6, "end": "2200", "start": "1200"}]}], "categories": [{"title": "Asian Fusion", "alias": "asianfusion"}, {"title": "Bars", "alias": "bars"}], "phone": "+61892421229", "rating": 4.0, "name": "Kitsch Bar", "url": "https://www.yelp.com/biz/kitsch-bar-leederville?adjust_creative=92p07_JjKyriZTQxAXRiKQ&utm_campaign=yelp_api_v3&utm_medium=api_v3_business_lookup&utm_source=92p07_JjKyriZTQxAXRiKQ", "coordinates": {"latitude": -31.9331703, "longitude": 115.8409271}}