{"id": "beverly-gardens-park-beverly-hills", "rating": 4.5, "coordinates": {"longitude": -118.40367, "latitude": 34.07167}, "is_claimed": false, "photos": ["https://s3-media2.fl.yelpcdn.com/bphoto/Di3yXJiVxwpFNi8A_nd-8w/o.jpg", "https://s3-media3.fl.yelpcdn.com/bphoto/SqcNGAKQbv3uLHbw5LXM2w/o.jpg", "https://s3-media3.fl.yelpcdn.com/bphoto/jQkkofVdHWIiXK7a9RAaJw/o.jpg"], "review_count": 38, "term": "attractions", "url": "https://www.yelp.com/biz/beverly-gardens-park-beverly-hills?adjust_creative=92p07_JjKyriZTQxAXRiKQ&utm_campaign=yelp_api_v3&utm_medium=api_v3_business_lookup&utm_source=92p07_JjKyriZTQxAXRiKQ", "categories": [{"alias": "parks", "title": "Parks"}], "location": {"address3": "", "zip_code": "90210", "address1": "North Santa Monica Blvd and North Beverly Drive", "state": "CA", "city": "Beverly Hills", "address2": "", "country": "US"}, "is_closed": false, "phone": "+13102852536", "image_url": "https://s3-media1.fl.yelpcdn.com/bphoto/Di3yXJiVxwpFNi8A_nd-8w/o.jpg", "name": "Beverly Gardens Park"}