{"id": "bywong-town-bywong", "rating": 0.0, "coordinates": {"longitude": 149.3322144, "latitude": -35.1697998}, "is_claimed": false, "photos": [], "review_count": 0, "term": "hotels", "url": "https://www.yelp.com/biz/bywong-town-bywong?adjust_creative=92p07_JjKyriZTQxAXRiKQ&utm_campaign=yelp_api_v3&utm_medium=api_v3_business_lookup&utm_source=92p07_JjKyriZTQxAXRiKQ", "categories": [{"alias": "travelservices", "title": "Travel Services"}], "location": {"address3": null, "zip_code": "2621", "address1": "35 Bywong Town Rd", "address2": null, "city": "Bywong", "state": "ACT", "country": "AU"}, "is_closed": false, "phone": "+61262369183", "image_url": "", "name": "Bywong Town"}