{"id": "australian-tourism-publishing-narrabundah", "rating": 0.0, "coordinates": {"longitude": 149.1432953, "latitude": -35.3407898}, "is_claimed": false, "photos": [], "review_count": 0, "term": "hotels", "url": "https://www.yelp.com/biz/australian-tourism-publishing-narrabundah?adjust_creative=92p07_JjKyriZTQxAXRiKQ&utm_campaign=yelp_api_v3&utm_medium=api_v3_business_lookup&utm_source=92p07_JjKyriZTQxAXRiKQ", "categories": [{"title": "Travel Services", "alias": "travelservices"}], "image_url": "", "is_closed": false, "phone": "+61262955991", "location": {"address3": null, "zip_code": "2604", "address1": "281 Goyder St", "address2": null, "city": "Narrabundah", "state": "ACT", "country": "AU"}, "name": "Australian Tourism Publishing"}