{"id": "oracle-attractions-altona-north", "rating": 0.0, "coordinates": {"longitude": 144.8571014, "latitude": -37.8264694}, "is_claimed": false, "photos": [], "review_count": 0, "term": "attractions", "url": "https://www.yelp.com/biz/oracle-attractions-altona-north?adjust_creative=92p07_JjKyriZTQxAXRiKQ&utm_campaign=yelp_api_v3&utm_medium=api_v3_business_lookup&utm_source=92p07_JjKyriZTQxAXRiKQ", "categories": [], "image_url": "", "is_closed": false, "phone": "+61393915482", "location": {"address3": null, "zip_code": "3025", "address1": "67-69 Kyle Rd", "state": "VIC", "city": "Altona North", "address2": null, "country": "AU"}, "name": "Oracle Attractions"}