{"id": "gambado-renfrew", "rating": 4.0, "coordinates": {"longitude": -4.37176465988159, "latitude": 55.8787534547077}, "is_claimed": false, "hours": [{"is_open_now": false, "open": [{"is_overnight": false, "day": 0, "start": "0930", "end": "1800"}, {"is_overnight": false, "day": 1, "start": "0930", "end": "1800"}, {"is_overnight": false, "day": 2, "start": "0930", "end": "1800"}, {"is_overnight": false, "day": 3, "start": "0930", "end": "1800"}, {"is_overnight": false, "day": 4, "start": "0930", "end": "1930"}, {"is_overnight": false, "day": 5, "start": "0930", "end": "1800"}, {"is_overnight": false, "day": 6, "start": "0930", "end": "1800"}], "hours_type": "REGULAR"}], "photos": ["https://s3-media2.fl.yelpcdn.com/bphoto/iCbpROeUcL399WgPLEtUcA/o.jpg", "https://s3-media1.fl.yelpcdn.com/bphoto/gTeP2UGP3OaCnjW_yMV08Q/o.jpg"], "review_count": 2, "term": "attractions", "url": "https://www.yelp.com/biz/gambado-renfrew?adjust_creative=92p07_JjKyriZTQxAXRiKQ&utm_campaign=yelp_api_v3&utm_medium=api_v3_business_lookup&utm_source=92p07_JjKyriZTQxAXRiKQ", "categories": [{"alias": "venues", "title": "Venues & Event Spaces"}, {"alias": "leisure_centers", "title": "Leisure Centers"}], "location": {"address3": "", "zip_code": "PA4 8XQ", "address1": "Xscape King's Inch Road", "address2": "", "city": "Renfrew", "state": "RFW", "country": "GB"}, "is_closed": false, "phone": "+441412184572", "image_url": "https://s3-media2.fl.yelpcdn.com/bphoto/iCbpROeUcL399WgPLEtUcA/o.jpg", "name": "Gambado"}