{"id": "hollywood-walk-of-fame-hollywood", "rating": 3.0, "coordinates": {"longitude": -118.32673, "latitude": 34.10738}, "is_claimed": false, "photos": ["https://s3-media2.fl.yelpcdn.com/bphoto/ZrzcmX-0HYqHWqdsMLldtQ/o.jpg", "https://s3-media2.fl.yelpcdn.com/bphoto/mvhNA2w6gBBi8mJny4Gj3g/o.jpg", "https://s3-media2.fl.yelpcdn.com/bphoto/iKIjAAbQvXP_i8ILOAPnXA/o.jpg"], "review_count": 495, "term": "attractions", "url": "https://www.yelp.com/biz/hollywood-walk-of-fame-hollywood?adjust_creative=92p07_JjKyriZTQxAXRiKQ&utm_campaign=yelp_api_v3&utm_medium=api_v3_business_lookup&utm_source=92p07_JjKyriZTQxAXRiKQ", "categories": [{"alias": "landmarks", "title": "Landmarks & Historical Buildings"}], "location": {"address3": "", "zip_code": "90068", "address1": "Hollywood Blvd & Vine St", "state": "CA", "city": "Hollywood", "address2": "", "country": "US"}, "is_closed": false, "phone": "+13234698311", "image_url": "https://s3-media3.fl.yelpcdn.com/bphoto/ZrzcmX-0HYqHWqdsMLldtQ/o.jpg", "name": "Hollywood Walk of Fame"}