{"id": "gods-cafe-and-bar-australian-national-university", "rating": 4.0, "coordinates": {"longitude": null, "latitude": null}, "is_claimed": false, "photos": ["https://s3-media1.fl.yelpcdn.com/bphoto/r2J9CilZHJaJ7awlxZXBqQ/o.jpg", "https://s3-media2.fl.yelpcdn.com/bphoto/PtVX4eYh_p-5pD1J3d5pPg/o.jpg", "https://s3-media4.fl.yelpcdn.com/bphoto/Jgf8Y1lJ9Io3mRPdQDorXg/o.jpg"], "review_count": 1, "term": "restaurants", "url": "https://www.yelp.com/biz/gods-cafe-and-bar-australian-national-university?adjust_creative=92p07_JjKyriZTQxAXRiKQ&utm_campaign=yelp_api_v3&utm_medium=api_v3_business_lookup&utm_source=92p07_JjKyriZTQxAXRiKQ", "categories": [{"alias": "cafes", "title": "Cafes"}], "location": {"address3": null, "zip_code": "0200", "address1": "Union Crt", "state": "ACT", "city": "Australian National University", "address2": null, "country": "AU"}, "is_closed": false, "phone": "+61262485538", "image_url": "https://s3-media4.fl.yelpcdn.com/bphoto/r2J9CilZHJaJ7awlxZXBqQ/o.jpg", "name": "Gods Cafe & Bar"}