{"id": "coats-observatory-paisley", "rating": 4.0, "coordinates": {"longitude": -4.432537, "latitude": 55.8457335}, "is_claimed": false, "photos": ["https://s3-media2.fl.yelpcdn.com/bphoto/fLye4H0RqbakpJgR1ipJ_A/o.jpg", "https://s3-media2.fl.yelpcdn.com/bphoto/MUR0ivfDCQ0khEPJQ1aR5A/o.jpg"], "review_count": 1, "term": "attractions", "url": "https://www.yelp.com/biz/coats-observatory-paisley?adjust_creative=92p07_JjKyriZTQxAXRiKQ&utm_campaign=yelp_api_v3&utm_medium=api_v3_business_lookup&utm_source=92p07_JjKyriZTQxAXRiKQ", "categories": [{"alias": "observatories", "title": "Observatories"}], "location": {"address3": null, "zip_code": "PA1 2DE", "address1": "49 Oakshaw Street", "state": "RFW", "city": "Paisley", "address2": null, "country": "GB"}, "is_closed": false, "phone": "+441418892013", "image_url": "https://s3-media1.fl.yelpcdn.com/bphoto/fLye4H0RqbakpJgR1ipJ_A/o.jpg", "name": "Coats Observatory"}