{"price": "\u00a3\u00a3\u00a3", "rating": 4.0, "coordinates": {"longitude": -1.85617, "latitude": 53.71826}, "is_claimed": true, "hours": [{"is_open_now": false, "open": [{"is_overnight": false, "end": "1600", "start": "1000", "day": 1}, {"is_overnight": false, "end": "1600", "start": "1000", "day": 2}, {"is_overnight": false, "end": "1600", "start": "1000", "day": 3}, {"is_overnight": false, "end": "1600", "start": "1000", "day": 4}, {"is_overnight": false, "end": "1700", "start": "1000", "day": 5}, {"is_overnight": false, "end": "1700", "start": "1000", "day": 6}], "hours_type": "REGULAR"}], "photos": ["https://s3-media1.fl.yelpcdn.com/bphoto/Aib5hLQf4YYYcx3UDOXscQ/o.jpg", "https://s3-media2.fl.yelpcdn.com/bphoto/lBqyACPNwmjexz7vBKbfCQ/o.jpg", "https://s3-media3.fl.yelpcdn.com/bphoto/08XW6A4tmkBopNTBtQ9uUA/o.jpg"], "review_count": 14, "id": "eureka-halifax", "term": "attractions", "url": "https://www.yelp.com/biz/eureka-halifax?adjust_creative=92p07_JjKyriZTQxAXRiKQ&utm_campaign=yelp_api_v3&utm_medium=api_v3_business_lookup&utm_source=92p07_JjKyriZTQxAXRiKQ", "categories": [{"title": "Museums", "alias": "museums"}], "image_url": "https://s3-media1.fl.yelpcdn.com/bphoto/Aib5hLQf4YYYcx3UDOXscQ/o.jpg", "is_closed": false, "phone": "+441422330069", "location": {"address3": "", "zip_code": "HX1 2NE", "address1": "Discovery Road", "address2": "", "city": "Halifax", "state": "XWY", "country": "GB"}, "name": "Eureka"}