{"id": "st-davids-park-hotel-ewloe", "rating": 4.0, "coordinates": {"longitude": -3.0527655, "latitude": 53.1903628}, "is_claimed": false, "photos": ["https://s3-media2.fl.yelpcdn.com/bphoto/hVNZLarW6CBghUb8JzE3Zw/o.jpg", "https://s3-media1.fl.yelpcdn.com/bphoto/Wq-DdEb3IgoLqsHzd8JBrQ/o.jpg", "https://s3-media1.fl.yelpcdn.com/bphoto/jI9HfD37sa697z-olsqAPA/o.jpg"], "review_count": 7, "price": "\u00a3\u00a3\u00a3", "term": "attractions", "url": "https://www.yelp.com/biz/st-davids-park-hotel-ewloe?adjust_creative=92p07_JjKyriZTQxAXRiKQ&utm_campaign=yelp_api_v3&utm_medium=api_v3_business_lookup&utm_source=92p07_JjKyriZTQxAXRiKQ", "categories": [{"title": "Hotels", "alias": "hotels"}], "image_url": "https://s3-media3.fl.yelpcdn.com/bphoto/hVNZLarW6CBghUb8JzE3Zw/o.jpg", "is_closed": false, "phone": "+448449802361", "location": {"address3": null, "zip_code": "CH5 3YB", "address1": "St David's Park", "state": "FLN", "city": "Ewloe", "address2": "", "country": "GB"}, "name": "St. David's Park Hotel"}