{"location": {"city": "Foissy-sur-Vanne", "address2": null, "zip_code": "89190", "address3": "", "address1": "6 rue de la Poste", "country": "FR", "state": "89"}, "categories": [{"title": "Limos", "alias": "limos"}, {"title": "Taxis", "alias": "taxis"}, {"title": "Airport Shuttles", "alias": "airport_shuttles"}], "is_closed": false, "term": "attractions", "url": "https://www.yelp.com/biz/drive-and-go-foissy-sur-vanne?adjust_creative=92p07_JjKyriZTQxAXRiKQ&utm_campaign=yelp_api_v3&utm_medium=api_v3_business_lookup&utm_source=92p07_JjKyriZTQxAXRiKQ", "id": "drive-and-go-foissy-sur-vanne", "phone": "+33601071439", "photos": ["https://s3-media4.fl.yelpcdn.com/bphoto/LwuC3f5_x39NzNlwFa10HQ/o.jpg", "https://s3-media1.fl.yelpcdn.com/bphoto/-iETcNFKIel_M_i_zYVlZw/o.jpg", "https://s3-media1.fl.yelpcdn.com/bphoto/vAmA2d7dllV4If8Qi3qzgA/o.jpg"], "is_claimed": true, "rating": 0.0, "coordinates": {"latitude": 48.22474, "longitude": 3.5038}, "review_count": 0, "image_url": "https://s3-media3.fl.yelpcdn.com/bphoto/LwuC3f5_x39NzNlwFa10HQ/o.jpg", "hours": [{"hours_type": "REGULAR", "open": [{"end": "0000", "day": 0, "start": "0000", "is_overnight": false}, {"end": "0000", "day": 1, "start": "0000", "is_overnight": false}, {"end": "0000", "day": 2, "start": "0000", "is_overnight": false}, {"end": "0000", "day": 3, "start": "0000", "is_overnight": false}, {"end": "0000", "day": 4, "start": "0000", "is_overnight": false}, {"end": "0000", "day": 5, "start": "0000", "is_overnight": false}, {"end": "0000", "day": 6, "start": "0000", "is_overnight": false}], "is_open_now": true}], "name": "Drive and Go"}