{"location": {"city": "Paris La Defense Cedex", "address2": "GPS address: Rue Jules Ferry 92800 Puteaux / 48 892591 2 234057", "zip_code": "92918", "address3": "", "address1": "60 Jardin de Valmy", "country": "FR", "state": "92"}, "categories": [{"title": "Hotels", "alias": "hotels"}, {"title": "Venues & Event Spaces", "alias": "venues"}], "is_closed": false, "price": "\u20ac\u20ac\u20ac", "url": "https://www.yelp.com/biz/renaissance-paris-la-defense-hotel-paris-la-defense-cedex?adjust_creative=92p07_JjKyriZTQxAXRiKQ&utm_campaign=yelp_api_v3&utm_medium=api_v3_business_lookup&utm_source=92p07_JjKyriZTQxAXRiKQ", "id": "renaissance-paris-la-defense-hotel-paris-la-defense-cedex", "phone": "+33141975050", "photos": ["https://s3-media1.fl.yelpcdn.com/bphoto/bh0qGC8Wr2bDAOsesf_S4w/o.jpg", "https://s3-media3.fl.yelpcdn.com/bphoto/E5FW8d8BXHF7xghX874Tug/o.jpg", "https://s3-media4.fl.yelpcdn.com/bphoto/CP-cUHawf28zzr81Ca2NLA/o.jpg"], "term": "attractions", "is_claimed": true, "rating": 3.5, "coordinates": {"latitude": 48.892614, "longitude": 2.23286}, "review_count": 17, "image_url": "https://s3-media1.fl.yelpcdn.com/bphoto/bh0qGC8Wr2bDAOsesf_S4w/o.jpg", "hours": [{"hours_type": "REGULAR", "open": [{"end": "0000", "day": 0, "start": "0000", "is_overnight": false}, {"end": "0000", "day": 1, "start": "0000", "is_overnight": false}, {"end": "0000", "day": 2, "start": "0000", "is_overnight": false}, {"end": "0000", "day": 3, "start": "0000", "is_overnight": false}, {"end": "0000", "day": 4, "start": "0000", "is_overnight": false}, {"end": "0000", "day": 5, "start": "0000", "is_overnight": false}, {"end": "0000", "day": 6, "start": "0000", "is_overnight": false}], "is_open_now": true}], "name": "Renaissance Paris La Defense Hotel"}