{"id": "royal-observatory-greenwich", "rating": 4.5, "coordinates": {"longitude": -0.000582821179250459, "latitude": 51.4768491206502}, "is_claimed": false, "hours": [{"is_open_now": false, "open": [{"is_overnight": false, "day": 0, "start": "1000", "end": "1700"}, {"is_overnight": false, "day": 1, "start": "1000", "end": "1700"}, {"is_overnight": false, "day": 2, "start": "1000", "end": "1700"}, {"is_overnight": false, "day": 3, "start": "1000", "end": "1700"}, {"is_overnight": false, "day": 4, "start": "1000", "end": "1700"}, {"is_overnight": false, "day": 5, "start": "1000", "end": "1700"}, {"is_overnight": false, "day": 6, "start": "1000", "end": "1700"}], "hours_type": "REGULAR"}], "photos": ["https://s3-media2.fl.yelpcdn.com/bphoto/6Mx-NX-vZCEDqz3M0KG24w/o.jpg", "https://s3-media3.fl.yelpcdn.com/bphoto/LB1pVnd-mTuJb58GIFDC6g/o.jpg", "https://s3-media3.fl.yelpcdn.com/bphoto/Hjoa910mozrgteu8gbK57Q/o.jpg"], "review_count": 91, "price": "\u00a3", "term": "attractions", "url": "https://www.yelp.com/biz/royal-observatory-greenwich?adjust_creative=92p07_JjKyriZTQxAXRiKQ&utm_campaign=yelp_api_v3&utm_medium=api_v3_business_lookup&utm_source=92p07_JjKyriZTQxAXRiKQ", "categories": [{"alias": "observatories", "title": "Observatories"}], "location": {"address3": "", "zip_code": "SE10 8XJ", "address1": "Blackheath Avenue", "address2": "", "city": "Greenwich", "state": "XGL", "country": "GB"}, "is_closed": false, "phone": "+442088584422", "image_url": "https://s3-media2.fl.yelpcdn.com/bphoto/6Mx-NX-vZCEDqz3M0KG24w/o.jpg", "name": "Royal Observatory"}