{"id": "baby-belly-unley", "rating": 3.0, "coordinates": {"longitude": 138.6077576, "latitude": -34.9490089}, "is_claimed": false, "photos": ["https://s3-media2.fl.yelpcdn.com/bphoto/NmVmim25ST_CTFoeyfxHDQ/o.jpg", "https://s3-media2.fl.yelpcdn.com/bphoto/yPIv4vXiK90bGjegVNu7dA/o.jpg"], "review_count": 1, "term": "attractions", "url": "https://www.yelp.com/biz/baby-belly-unley?adjust_creative=92p07_JjKyriZTQxAXRiKQ&utm_campaign=yelp_api_v3&utm_medium=api_v3_business_lookup&utm_source=92p07_JjKyriZTQxAXRiKQ", "categories": [], "image_url": "https://s3-media3.fl.yelpcdn.com/bphoto/NmVmim25ST_CTFoeyfxHDQ/o.jpg", "is_closed": false, "phone": "+61882723719", "location": {"address3": null, "zip_code": "5061", "address1": "143 Unley Rd", "state": "SA", "city": "Unley", "address2": null, "country": "AU"}, "name": "Baby Belly"}