{"id": "oakleigh-municipal-golf-course-oakleigh", "rating": 3.5, "coordinates": {"longitude": 145.0961151, "latitude": -37.8931198}, "is_claimed": false, "photos": ["https://s3-media1.fl.yelpcdn.com/bphoto/ebDL_p7wc6_8qpXztaNZUg/o.jpg"], "review_count": 2, "term": "attractions", "url": "https://www.yelp.com/biz/oakleigh-municipal-golf-course-oakleigh?adjust_creative=92p07_JjKyriZTQxAXRiKQ&utm_campaign=yelp_api_v3&utm_medium=api_v3_business_lookup&utm_source=92p07_JjKyriZTQxAXRiKQ", "categories": [], "location": {"address3": null, "zip_code": "3166", "address1": "Park Rd", "address2": null, "city": "Oakleigh", "state": "VIC", "country": "AU"}, "is_closed": false, "phone": "+61395683307", "image_url": "https://s3-media1.fl.yelpcdn.com/bphoto/ebDL_p7wc6_8qpXztaNZUg/o.jpg", "name": "Oakleigh Municipal Golf Course"}