{"id": "kingston-hotel-griffith", "rating": 0.0, "coordinates": {"longitude": 149.1567818, "latitude": -35.3275133}, "is_claimed": false, "photos": [], "review_count": 0, "term": "hotels", "url": "https://www.yelp.com/biz/kingston-hotel-griffith?adjust_creative=92p07_JjKyriZTQxAXRiKQ&utm_campaign=yelp_api_v3&utm_medium=api_v3_business_lookup&utm_source=92p07_JjKyriZTQxAXRiKQ", "categories": [{"title": "Hotels", "alias": "hotels"}], "location": {"address3": null, "zip_code": "2603", "address1": "73 Canberra Ave", "address2": "", "city": "Griffith", "state": "NSW", "country": "AU"}, "is_closed": false, "phone": "+61262950123", "image_url": "", "name": "Kingston Hotel"}