{"id": "mitchell-rent-a-ute-mitchell-3", "rating": 0.0, "coordinates": {"longitude": 149.141571, "latitude": -35.2203178}, "is_claimed": false, "photos": ["https://s3-media1.fl.yelpcdn.com/bphoto/ZrNXzyfo67uggrbMssv-RA/o.jpg", "https://s3-media4.fl.yelpcdn.com/bphoto/8PfEYd8DvYDpMz7TlJvveA/o.jpg"], "review_count": 0, "term": "hotels", "url": "https://www.yelp.com/biz/mitchell-rent-a-ute-mitchell-3?adjust_creative=92p07_JjKyriZTQxAXRiKQ&utm_campaign=yelp_api_v3&utm_medium=api_v3_business_lookup&utm_source=92p07_JjKyriZTQxAXRiKQ", "categories": [{"alias": "carrental", "title": "Car Rental"}], "location": {"address3": null, "zip_code": "2911", "address1": "5 Winchcombe Crt", "state": "ACT", "city": "Mitchell", "address2": null, "country": "AU"}, "is_closed": false, "phone": "+61262428442", "image_url": "https://s3-media4.fl.yelpcdn.com/bphoto/ZrNXzyfo67uggrbMssv-RA/o.jpg", "name": "Mitchell Rent A Ute"}