{"id": "botanic-gardens-southport", "rating": 4.5, "coordinates": {"longitude": -2.9537001, "latitude": 53.6645508}, "is_claimed": false, "hours": [{"is_open_now": false, "open": [{"is_overnight": false, "day": 0, "start": "0700", "end": "2000"}, {"is_overnight": false, "day": 1, "start": "0730", "end": "2000"}, {"is_overnight": false, "day": 2, "start": "0730", "end": "2000"}, {"is_overnight": false, "day": 3, "start": "0730", "end": "2000"}, {"is_overnight": false, "day": 4, "start": "0730", "end": "2000"}, {"is_overnight": false, "day": 5, "start": "0730", "end": "2000"}, {"is_overnight": false, "day": 6, "start": "0730", "end": "2000"}], "hours_type": "REGULAR"}], "photos": ["https://s3-media2.fl.yelpcdn.com/bphoto/hQv37ZVCLW3b4OsPpLDFfQ/o.jpg", "https://s3-media4.fl.yelpcdn.com/bphoto/znG_kMIZsIKeMNDavz0rkw/o.jpg", "https://s3-media1.fl.yelpcdn.com/bphoto/b-sqIrOAahsOltOtMOr05w/o.jpg"], "review_count": 4, "term": "attractions", "url": "https://www.yelp.com/biz/botanic-gardens-southport?adjust_creative=92p07_JjKyriZTQxAXRiKQ&utm_campaign=yelp_api_v3&utm_medium=api_v3_business_lookup&utm_source=92p07_JjKyriZTQxAXRiKQ", "categories": [{"alias": "parks", "title": "Parks"}], "location": {"address3": "", "zip_code": "PR9 7NB", "address1": "Bankfield Ln", "address2": "Churchtown", "city": "Southport", "state": "XMS", "country": "GB"}, "is_closed": false, "phone": "+441704228535", "image_url": "https://s3-media4.fl.yelpcdn.com/bphoto/hQv37ZVCLW3b4OsPpLDFfQ/o.jpg", "name": "Botanic Gardens"}