{"location": {"city": "St Brice sous For\u00eat", "address2": "Zae les Perruches", "zip_code": "95350", "address3": null, "address1": "Rue Ren\u00e9 Cassin", "country": "FR", "state": "95"}, "categories": [{"title": "Amusement Parks", "alias": "amusementparks"}], "is_closed": false, "term": "attractions", "url": "https://www.yelp.com/biz/laser-league-st-brice-sous-for%C3%AAt?adjust_creative=92p07_JjKyriZTQxAXRiKQ&utm_campaign=yelp_api_v3&utm_medium=api_v3_business_lookup&utm_source=92p07_JjKyriZTQxAXRiKQ", "id": "laser-league-st-brice-sous-for\u00eat", "phone": "+33139948088", "photos": ["https://s3-media1.fl.yelpcdn.com/bphoto/0uiUNkeTXyP9aXPg17zF0A/o.jpg", "https://s3-media4.fl.yelpcdn.com/bphoto/VQfBjaSriSJdKYbiFFz97w/o.jpg", "https://s3-media2.fl.yelpcdn.com/bphoto/o2eYThoZEgMrZcYLiDCocw/o.jpg"], "is_claimed": true, "rating": 0.0, "coordinates": {"latitude": 48.999429, "longitude": 2.356007}, "review_count": 0, "image_url": "https://s3-media1.fl.yelpcdn.com/bphoto/0uiUNkeTXyP9aXPg17zF0A/o.jpg", "hours": [{"hours_type": "REGULAR", "open": [{"end": "2300", "day": 1, "start": "1600", "is_overnight": false}, {"end": "2300", "day": 2, "start": "1400", "is_overnight": false}, {"end": "2300", "day": 3, "start": "1600", "is_overnight": false}, {"end": "0100", "day": 4, "start": "1600", "is_overnight": true}, {"end": "0100", "day": 5, "start": "1400", "is_overnight": true}, {"end": "2000", "day": 6, "start": "1400", "is_overnight": false}], "is_open_now": false}], "name": "Laser League"}