{"id": "flint-castle-flint", "rating": 2.5, "coordinates": {"longitude": -3.1312309, "latitude": 53.2508795}, "is_claimed": false, "photos": ["https://s3-media3.fl.yelpcdn.com/bphoto/4l8Ds0rP6Q-P1qtjUDxQhQ/o.jpg", "https://s3-media2.fl.yelpcdn.com/bphoto/2_779M8bjCJ2iY4fW84d8Q/o.jpg"], "review_count": 2, "term": "attractions", "url": "https://www.yelp.com/biz/flint-castle-flint?adjust_creative=92p07_JjKyriZTQxAXRiKQ&utm_campaign=yelp_api_v3&utm_medium=api_v3_business_lookup&utm_source=92p07_JjKyriZTQxAXRiKQ", "categories": [{"title": "Landmarks & Historical Buildings", "alias": "landmarks"}], "image_url": "https://s3-media1.fl.yelpcdn.com/bphoto/4l8Ds0rP6Q-P1qtjUDxQhQ/o.jpg", "is_closed": false, "phone": "+441443336000", "location": {"address3": null, "zip_code": "CH6", "address1": "Flint Castle", "state": "FLN", "city": "Flint", "address2": null, "country": "GB"}, "name": "Flint Castle"}