{"id": "polly-woodside-promenade", "rating": 3.5, "coordinates": {"longitude": 144.953639379399, "latitude": -37.8244898126326}, "is_claimed": false, "hours": [{"is_open_now": true, "open": [{"is_overnight": false, "end": "1700", "day": 0, "start": "0930"}, {"is_overnight": false, "end": "1700", "day": 1, "start": "0930"}, {"is_overnight": false, "end": "1700", "day": 2, "start": "0930"}, {"is_overnight": false, "end": "1700", "day": 3, "start": "0930"}, {"is_overnight": false, "end": "1700", "day": 4, "start": "0930"}, {"is_overnight": false, "end": "1700", "day": 5, "start": "0930"}, {"is_overnight": false, "end": "1700", "day": 6, "start": "0930"}], "hours_type": "REGULAR"}], "photos": ["https://s3-media2.fl.yelpcdn.com/bphoto/Xnb8mvTEWNTbL2xG2HK30A/o.jpg", "https://s3-media3.fl.yelpcdn.com/bphoto/L5ck3GfnciBNB7jAFgJNww/o.jpg"], "review_count": 3, "term": "attractions", "url": "https://www.yelp.com/biz/polly-woodside-promenade?adjust_creative=92p07_JjKyriZTQxAXRiKQ&utm_campaign=yelp_api_v3&utm_medium=api_v3_business_lookup&utm_source=92p07_JjKyriZTQxAXRiKQ", "categories": [{"title": "Museums", "alias": "museums"}], "location": {"address3": null, "zip_code": "3006", "address1": "21 South Wharf", "address2": null, "city": "Promenade", "state": "VIC", "country": "AU"}, "is_closed": false, "phone": "+61396569804", "image_url": "https://s3-media2.fl.yelpcdn.com/bphoto/Xnb8mvTEWNTbL2xG2HK30A/o.jpg", "name": "Polly Woodside"}