{"price": "$$", "rating": 3.5, "coordinates": {"longitude": 151.264389, "latitude": -33.9131088}, "is_claimed": false, "photos": ["https://s3-media3.fl.yelpcdn.com/bphoto/8wZ4PsWafn81J9zK_HmD6w/o.jpg", "https://s3-media4.fl.yelpcdn.com/bphoto/-6tSAh0IE8P8VDWnfuUztQ/o.jpg", "https://s3-media1.fl.yelpcdn.com/bphoto/D-Qx31y1hf3rU0P3X3odgA/o.jpg"], "review_count": 16, "id": "clovelly-hotel-clovelly", "term": "attractions", "url": "https://www.yelp.com/biz/clovelly-hotel-clovelly?adjust_creative=92p07_JjKyriZTQxAXRiKQ&utm_campaign=yelp_api_v3&utm_medium=api_v3_business_lookup&utm_source=92p07_JjKyriZTQxAXRiKQ", "categories": [{"alias": "hotels", "title": "Hotels"}], "location": {"address3": null, "zip_code": "2031", "address1": "381 Clovelly Rd", "state": "NSW", "city": "Clovelly", "address2": null, "country": "AU"}, "is_closed": false, "phone": "+61296651214", "image_url": "https://s3-media3.fl.yelpcdn.com/bphoto/8wZ4PsWafn81J9zK_HmD6w/o.jpg", "name": "Clovelly Hotel"}