{"id": "cannon-hall-farm-barnsley", "rating": 4.5, "coordinates": {"longitude": -1.58836, "latitude": 53.5662499}, "is_claimed": false, "photos": ["https://s3-media2.fl.yelpcdn.com/bphoto/sLQNokJYh5mhVdH-qEu3tg/o.jpg", "https://s3-media4.fl.yelpcdn.com/bphoto/Bz7chZIQoRTpYSl3_kCz0Q/o.jpg", "https://s3-media3.fl.yelpcdn.com/bphoto/Vh5px0YTjY_YruNv2zCjqg/o.jpg"], "review_count": 11, "price": "\u00a3\u00a3", "term": "attractions", "url": "https://www.yelp.com/biz/cannon-hall-farm-barnsley?adjust_creative=92p07_JjKyriZTQxAXRiKQ&utm_campaign=yelp_api_v3&utm_medium=api_v3_business_lookup&utm_source=92p07_JjKyriZTQxAXRiKQ", "categories": [{"alias": "zoos", "title": "Zoos"}, {"alias": "farmersmarket", "title": "Farmers Market"}], "location": {"address3": "Cawthorne", "zip_code": "S75 4AT", "address1": "Bark House Lane", "address2": "", "city": "Barnsley", "state": "XSY", "country": "GB"}, "is_closed": false, "phone": "+441226790427", "image_url": "https://s3-media2.fl.yelpcdn.com/bphoto/sLQNokJYh5mhVdH-qEu3tg/o.jpg", "name": "Cannon Hall Farm"}