{"price": "$$", "rating": 3.5, "coordinates": {"longitude": 138.620285, "latitude": -34.9196663}, "is_claimed": true, "hours": [{"is_open_now": true, "open": [{"is_overnight": false, "end": "0000", "start": "0800", "day": 0}, {"is_overnight": false, "end": "0000", "start": "0800", "day": 1}, {"is_overnight": false, "end": "0000", "start": "0800", "day": 2}, {"is_overnight": false, "end": "0000", "start": "0800", "day": 3}, {"is_overnight": true, "end": "0200", "start": "0800", "day": 4}, {"is_overnight": true, "end": "0200", "start": "0800", "day": 5}, {"is_overnight": false, "end": "0000", "start": "0800", "day": 6}], "hours_type": "REGULAR"}], "photos": ["https://s3-media4.fl.yelpcdn.com/bphoto/wej7hC7-LhFOpYBeaGCNWg/o.jpg", "https://s3-media3.fl.yelpcdn.com/bphoto/2vpieg6siekMB9Uh5px4pA/o.jpg", "https://s3-media3.fl.yelpcdn.com/bphoto/kkroRnPBeMl3zMGxtt1BBg/o.jpg"], "review_count": 15, "id": "kent-town-hotel-kent-town", "term": "hotels", "url": "https://www.yelp.com/biz/kent-town-hotel-kent-town?adjust_creative=92p07_JjKyriZTQxAXRiKQ&utm_campaign=yelp_api_v3&utm_medium=api_v3_business_lookup&utm_source=92p07_JjKyriZTQxAXRiKQ", "categories": [{"title": "Beer Bar", "alias": "beerbar"}, {"title": "Venues & Event Spaces", "alias": "venues"}, {"title": "Brazilian", "alias": "brazilian"}], "image_url": "https://s3-media1.fl.yelpcdn.com/bphoto/wej7hC7-LhFOpYBeaGCNWg/o.jpg", "is_closed": false, "phone": "+61883622116", "location": {"address3": "", "zip_code": "5067", "address1": "76 Rundle St", "address2": "", "city": "Kent Town", "state": "SA", "country": "AU"}, "name": "Kent Town Hotel"}