{"price": "\u00a3\u00a3", "rating": 4.5, "coordinates": {"longitude": -0.117102253177384, "latitude": 51.5110614108427}, "is_claimed": false, "hours": [{"is_open_now": false, "open": [{"is_overnight": false, "day": 0, "end": "1800", "start": "1000"}, {"is_overnight": false, "day": 1, "end": "1800", "start": "1000"}, {"is_overnight": false, "day": 2, "end": "1800", "start": "1000"}, {"is_overnight": false, "day": 3, "end": "1800", "start": "1000"}, {"is_overnight": false, "day": 4, "end": "1800", "start": "1000"}, {"is_overnight": false, "day": 5, "end": "1800", "start": "1000"}, {"is_overnight": false, "day": 6, "end": "1800", "start": "1000"}], "hours_type": "REGULAR"}], "photos": ["https://s3-media3.fl.yelpcdn.com/bphoto/oY7rU6CdmvvnSDzawzWnqw/o.jpg", "https://s3-media1.fl.yelpcdn.com/bphoto/kfJ9JE2ryc0AKsjbBa92Zg/o.jpg", "https://s3-media2.fl.yelpcdn.com/bphoto/HTKOZxbSuHp7i3EFvO6fDw/o.jpg"], "review_count": 61, "id": "at-somerset-house-strand", "term": "attractions", "url": "https://www.yelp.com/biz/at-somerset-house-strand?adjust_creative=92p07_JjKyriZTQxAXRiKQ&utm_campaign=yelp_api_v3&utm_medium=api_v3_business_lookup&utm_source=92p07_JjKyriZTQxAXRiKQ", "categories": [{"alias": "museums", "title": "Museums"}, {"alias": "coffee", "title": "Coffee & Tea"}, {"alias": "galleries", "title": "Art Galleries"}], "location": {"address3": "", "zip_code": "WC2R 1LA", "address1": "South Building", "state": "XGL", "city": "Strand", "address2": "Somerset House", "country": "GB"}, "is_closed": false, "phone": "+442078454600", "image_url": "https://s3-media3.fl.yelpcdn.com/bphoto/oY7rU6CdmvvnSDzawzWnqw/o.jpg", "name": "At Somerset House"}