{"id": "cambridge-studio-gallery-collingwood", "rating": 3.0, "coordinates": {"longitude": 144.9852905, "latitude": -37.8073616}, "is_claimed": false, "hours": [{"is_open_now": false, "open": [{"is_overnight": false, "day": 2, "start": "1100", "end": "1700"}, {"is_overnight": false, "day": 3, "start": "1100", "end": "1700"}, {"is_overnight": false, "day": 4, "start": "1100", "end": "1700"}, {"is_overnight": false, "day": 5, "start": "1100", "end": "1700"}], "hours_type": "REGULAR"}], "photos": ["https://s3-media4.fl.yelpcdn.com/bphoto/egsk6PQxzBEC4ZPHw-TAoQ/o.jpg"], "review_count": 1, "term": "attractions", "url": "https://www.yelp.com/biz/cambridge-studio-gallery-collingwood?adjust_creative=92p07_JjKyriZTQxAXRiKQ&utm_campaign=yelp_api_v3&utm_medium=api_v3_business_lookup&utm_source=92p07_JjKyriZTQxAXRiKQ", "categories": [{"alias": "galleries", "title": "Art Galleries"}], "location": {"address3": "", "zip_code": "3066", "address1": "52 Cambridge St.", "state": "VIC", "city": "Collingwood", "address2": "", "country": "AU"}, "is_closed": false, "phone": "+6194860169", "image_url": "https://s3-media1.fl.yelpcdn.com/bphoto/egsk6PQxzBEC4ZPHw-TAoQ/o.jpg", "name": "Cambridge Studio Gallery"}