{"id": "flickerfest-short-film-bureau-bondi", "rating": 4.0, "coordinates": {"longitude": 151.2765961, "latitude": -33.8907394}, "is_claimed": false, "photos": [], "review_count": 1, "term": "attractions", "url": "https://www.yelp.com/biz/flickerfest-short-film-bureau-bondi?adjust_creative=92p07_JjKyriZTQxAXRiKQ&utm_campaign=yelp_api_v3&utm_medium=api_v3_business_lookup&utm_source=92p07_JjKyriZTQxAXRiKQ", "categories": [{"title": "Cinema", "alias": "movietheaters"}, {"title": "Festivals", "alias": "festivals"}], "location": {"address3": null, "zip_code": "2026", "address1": "Queen Elizabeth Drv", "address2": null, "city": "Bondi", "state": "NSW", "country": "AU"}, "is_closed": false, "phone": "+61293656877", "image_url": "", "name": "Flickerfest Short Film Bureau"}