{"id": "ozwest-aviation-jandakot", "rating": 4.0, "coordinates": {"longitude": 115.8828586, "latitude": -32.0908936}, "is_claimed": false, "photos": ["https://s3-media2.fl.yelpcdn.com/bphoto/b7phsrPWPDBQtRxZWbcmfw/o.jpg"], "review_count": 1, "term": "attractions", "url": "https://www.yelp.com/biz/ozwest-aviation-jandakot?adjust_creative=92p07_JjKyriZTQxAXRiKQ&utm_campaign=yelp_api_v3&utm_medium=api_v3_business_lookup&utm_source=92p07_JjKyriZTQxAXRiKQ", "categories": [{"alias": "transport", "title": "Transportation"}], "location": {"address3": null, "zip_code": "6164", "address1": "1 Mustang Rd", "address2": null, "city": "Jandakot", "state": "WA", "country": "AU"}, "is_closed": false, "phone": "+61894149095", "image_url": "https://s3-media3.fl.yelpcdn.com/bphoto/b7phsrPWPDBQtRxZWbcmfw/o.jpg", "name": "Ozwest Aviation"}