{"id": "houghtons-cafe-middle-swan", "rating": 3.5, "coordinates": {"longitude": 115.998440874125, "latitude": -31.8541782909165}, "is_claimed": false, "hours": [{"is_open_now": false, "open": [{"is_overnight": false, "day": 0, "start": "1000", "end": "1600"}, {"is_overnight": false, "day": 1, "start": "1000", "end": "1600"}, {"is_overnight": false, "day": 2, "start": "1000", "end": "1600"}, {"is_overnight": false, "day": 3, "start": "1000", "end": "1600"}, {"is_overnight": false, "day": 4, "start": "1000", "end": "1600"}, {"is_overnight": false, "day": 5, "start": "1000", "end": "1600"}, {"is_overnight": false, "day": 6, "start": "1000", "end": "1600"}], "hours_type": "REGULAR"}], "photos": ["https://s3-media1.fl.yelpcdn.com/bphoto/Q3LfJpUrf8djnzwnv-YAjg/o.jpg", "https://s3-media1.fl.yelpcdn.com/bphoto/quVRyRpbs6NtIig0PNo5Qw/o.jpg", "https://s3-media3.fl.yelpcdn.com/bphoto/UByJm3PU8MHANRXEJwOh2w/o.jpg"], "review_count": 5, "price": "$$$", "term": "attractions", "url": "https://www.yelp.com/biz/houghtons-cafe-middle-swan?adjust_creative=92p07_JjKyriZTQxAXRiKQ&utm_campaign=yelp_api_v3&utm_medium=api_v3_business_lookup&utm_source=92p07_JjKyriZTQxAXRiKQ", "categories": [{"alias": "cafes", "title": "Cafes"}, {"alias": "wineries", "title": "Wineries"}, {"alias": "coffee", "title": "Coffee & Tea"}], "location": {"address3": "", "zip_code": "6056", "address1": "118 Dale Rd", "address2": "", "city": "Middle Swan", "state": "WA", "country": "AU"}, "is_closed": false, "phone": "+61892749543", "image_url": "https://s3-media3.fl.yelpcdn.com/bphoto/Q3LfJpUrf8djnzwnv-YAjg/o.jpg", "name": "Houghton's Cafe"}