{"id": "federal-hotel-fremantle-western-australia", "rating": 3.5, "coordinates": {"longitude": 115.747967726378, "latitude": -32.0546493528503}, "is_claimed": true, "hours": [{"is_open_now": true, "open": [{"is_overnight": false, "day": 0, "start": "1200", "end": "0000"}, {"is_overnight": false, "day": 1, "start": "1200", "end": "0000"}, {"is_overnight": false, "day": 2, "start": "1200", "end": "0000"}, {"is_overnight": false, "day": 3, "start": "1200", "end": "0000"}, {"is_overnight": true, "day": 4, "start": "1200", "end": "0100"}, {"is_overnight": true, "day": 5, "start": "1200", "end": "0100"}, {"is_overnight": false, "day": 6, "start": "1200", "end": "0000"}], "hours_type": "REGULAR"}], "photos": ["https://s3-media2.fl.yelpcdn.com/bphoto/kBAR_ozZ1QhhMLbtcJ-3rQ/o.jpg", "https://s3-media4.fl.yelpcdn.com/bphoto/FDmp-rSX2lxrNJBovY24aQ/o.jpg", "https://s3-media3.fl.yelpcdn.com/bphoto/wWbK_qlS1ZhqN18MTMK65g/o.jpg"], "review_count": 2, "price": "$$", "term": "attractions", "url": "https://www.yelp.com/biz/federal-hotel-fremantle-western-australia?adjust_creative=92p07_JjKyriZTQxAXRiKQ&utm_campaign=yelp_api_v3&utm_medium=api_v3_business_lookup&utm_source=92p07_JjKyriZTQxAXRiKQ", "categories": [{"title": "Pub Food", "alias": "pubfood"}, {"title": "Gastropubs", "alias": "gastropubs"}, {"title": "Hotels", "alias": "hotels"}], "image_url": "https://s3-media4.fl.yelpcdn.com/bphoto/kBAR_ozZ1QhhMLbtcJ-3rQ/o.jpg", "is_closed": false, "phone": "+61893351645", "location": {"address3": "", "zip_code": "", "address1": "23 William Street", "state": "WA", "city": "Fremantle Western Australia", "address2": null, "country": "AU"}, "name": "Federal Hotel"}