{"price": "$$", "rating": 3.0, "coordinates": {"longitude": 115.78751, "latitude": -31.8451}, "is_claimed": true, "hours": [{"is_open_now": true, "open": [{"is_overnight": false, "day": 0, "end": "0000", "start": "1000"}, {"is_overnight": false, "day": 1, "end": "0000", "start": "1000"}, {"is_overnight": false, "day": 2, "end": "0000", "start": "1000"}, {"is_overnight": false, "day": 3, "end": "0000", "start": "1000"}, {"is_overnight": false, "day": 4, "end": "0000", "start": "1000"}, {"is_overnight": false, "day": 5, "end": "0000", "start": "1000"}, {"is_overnight": false, "day": 6, "end": "2200", "start": "1000"}], "hours_type": "REGULAR"}], "photos": ["https://s3-media1.fl.yelpcdn.com/bphoto/mQu_F2y1TCHkzUvsjD5Mpg/o.jpg", "https://s3-media2.fl.yelpcdn.com/bphoto/hFPkdCo7aWu4hhQgmnwi0Q/o.jpg", "https://s3-media1.fl.yelpcdn.com/bphoto/QWd9zhtMr4afCGBhO1HT4g/o.jpg"], "review_count": 12, "id": "carine-glades-tavern-duncraig", "term": "attractions", "url": "https://www.yelp.com/biz/carine-glades-tavern-duncraig?adjust_creative=92p07_JjKyriZTQxAXRiKQ&utm_campaign=yelp_api_v3&utm_medium=api_v3_business_lookup&utm_source=92p07_JjKyriZTQxAXRiKQ", "categories": [{"alias": "venues", "title": "Venues & Event Spaces"}, {"alias": "hotels", "title": "Hotels"}], "location": {"address3": null, "zip_code": "6023", "address1": "493 Beach Rd", "state": "WA", "city": "Duncraig", "address2": null, "country": "AU"}, "is_closed": false, "phone": "+61894477400", "image_url": "https://s3-media2.fl.yelpcdn.com/bphoto/mQu_F2y1TCHkzUvsjD5Mpg/o.jpg", "name": "Carine Glades Tavern"}