{"id": "hobart-bus-mall-hobart-tasmania", "rating": 3.0, "coordinates": {"longitude": 147.329645085848, "latitude": -42.8824050792428}, "is_claimed": false, "photos": ["https://s3-media4.fl.yelpcdn.com/bphoto/omyyN3HH-RYnC8ZTAz9l-w/o.jpg", "https://s3-media3.fl.yelpcdn.com/bphoto/nl-Gu-fQakHaMfPpxwgm5A/o.jpg"], "review_count": 1, "term": "hotels", "url": "https://www.yelp.com/biz/hobart-bus-mall-hobart-tasmania?adjust_creative=92p07_JjKyriZTQxAXRiKQ&utm_campaign=yelp_api_v3&utm_medium=api_v3_business_lookup&utm_source=92p07_JjKyriZTQxAXRiKQ", "categories": [{"title": "Public Transportation", "alias": "publictransport"}], "image_url": "https://s3-media3.fl.yelpcdn.com/bphoto/omyyN3HH-RYnC8ZTAz9l-w/o.jpg", "is_closed": false, "phone": "", "location": {"address3": "", "zip_code": "7000", "address1": "Elizabeth St", "address2": "", "city": "Hobart Tasmania", "state": "TAS", "country": "AU"}, "name": "Hobart Bus Mall"}