{"location": {"city": "\u00c9lancourt", "address2": null, "zip_code": "78990", "address3": null, "address1": "25 bd Andre Malraux", "country": "FR", "state": "78"}, "hours": [{"is_open_now": false, "hours_type": "REGULAR", "open": [{"end": "1900", "day": 0, "start": "0900", "is_overnight": false}, {"end": "1900", "day": 1, "start": "0900", "is_overnight": false}, {"end": "1900", "day": 2, "start": "0900", "is_overnight": false}, {"end": "1900", "day": 3, "start": "0900", "is_overnight": false}, {"end": "1900", "day": 4, "start": "0900", "is_overnight": false}, {"end": "1900", "day": 5, "start": "0900", "is_overnight": false}, {"end": "1900", "day": 6, "start": "0900", "is_overnight": false}]}], "is_closed": false, "price": "\u20ac\u20ac\u20ac\u20ac", "url": "https://www.yelp.com/biz/france-miniature-%C3%A9lancourt-2?adjust_creative=92p07_JjKyriZTQxAXRiKQ&utm_campaign=yelp_api_v3&utm_medium=api_v3_business_lookup&utm_source=92p07_JjKyriZTQxAXRiKQ", "id": "france-miniature-\u00e9lancourt-2", "categories": [{"alias": "amusementparks", "title": "Amusement Parks"}], "phone": "+33130161630", "photos": ["https://s3-media2.fl.yelpcdn.com/bphoto/AQBU2IvNVOcoVyNA2dfN3Q/o.jpg", "https://s3-media4.fl.yelpcdn.com/bphoto/usvAuc9rTVtkBgbkPc4MiQ/o.jpg", "https://s3-media2.fl.yelpcdn.com/bphoto/k6kfbP5I4aioBnFc4q9xOg/o.jpg"], "term": "attractions", "is_claimed": false, "rating": 3.5, "review_count": 14, "image_url": "https://s3-media4.fl.yelpcdn.com/bphoto/AQBU2IvNVOcoVyNA2dfN3Q/o.jpg", "coordinates": {"latitude": 48.7779286, "longitude": 1.9584606}, "name": "France Miniature"}