{"location": {"city": "Torcy", "address2": null, "zip_code": "77400", "country": "FR", "address1": "Route de Lagny", "address3": null, "state": "77"}, "categories": [{"title": "Campgrounds", "alias": "campgrounds"}, {"title": "Leisure Centers", "alias": "leisure_centers"}, {"title": "Sports Clubs", "alias": "sports_clubs"}], "is_closed": false, "term": "attractions", "url": "https://www.yelp.com/biz/base-de-loisirs-ucpa-torcy?adjust_creative=92p07_JjKyriZTQxAXRiKQ&utm_campaign=yelp_api_v3&utm_medium=api_v3_business_lookup&utm_source=92p07_JjKyriZTQxAXRiKQ", "id": "base-de-loisirs-ucpa-torcy", "phone": "+33164805875", "photos": [], "is_claimed": false, "review_count": 3, "rating": 5.0, "image_url": "", "coordinates": {"latitude": 48.859439, "longitude": 2.655347}, "name": "Base de loisirs UCPA"}