{"rating": 5.0, "url": "https://www.yelp.com/biz/orewa-beachcomber-orewa-3?adjust_creative=92p07_JjKyriZTQxAXRiKQ&utm_campaign=yelp_api_v3&utm_medium=api_v3_business_lookup&utm_source=92p07_JjKyriZTQxAXRiKQ", "image_url": "https://s3-media2.fl.yelpcdn.com/bphoto/BD1Q6dKSMmRflNb9YxWxwg/o.jpg", "coordinates": {"latitude": -36.5926094, "longitude": 174.6985474}, "review_count": 1, "phone": "+6494265973", "location": {"city": "Orewa", "address3": null, "address1": "246 Hibiscus Coast Highway", "address2": null, "country": "NZ", "state": "AUK", "zip_code": "0931"}, "hours": [{"is_open_now": true, "open": [{"is_overnight": false, "start": "0800", "day": 0, "end": "2100"}, {"is_overnight": false, "start": "0800", "day": 1, "end": "2100"}, {"is_overnight": false, "start": "0800", "day": 2, "end": "2100"}, {"is_overnight": false, "start": "0800", "day": 3, "end": "2100"}, {"is_overnight": false, "start": "0800", "day": 4, "end": "2100"}, {"is_overnight": false, "start": "0800", "day": 5, "end": "2100"}, {"is_overnight": false, "start": "0800", "day": 6, "end": "2100"}], "hours_type": "REGULAR"}], "price": "$$$", "term": "hotels", "is_claimed": true, "categories": [{"title": "Hotels", "alias": "hotels"}], "photos": ["https://s3-media1.fl.yelpcdn.com/bphoto/BD1Q6dKSMmRflNb9YxWxwg/o.jpg", "https://s3-media1.fl.yelpcdn.com/bphoto/hPXMGfT6g9x_zbZfSBDzzw/o.jpg", "https://s3-media2.fl.yelpcdn.com/bphoto/_3jL4DGX7H6pYlA0Kfqs9g/o.jpg"], "name": "Orewa Beachcomber", "is_closed": false, "id": "orewa-beachcomber-orewa-3"}