{"id": "theatre-at-the-mill-newtownabbey", "rating": 4.5, "coordinates": {"longitude": -5.94695, "latitude": 54.6957016}, "is_claimed": true, "hours": [{"is_open_now": false, "open": [{"is_overnight": false, "end": "1700", "start": "1000", "day": 0}, {"is_overnight": false, "end": "1700", "start": "1000", "day": 1}, {"is_overnight": false, "end": "1700", "start": "1000", "day": 2}, {"is_overnight": false, "end": "1700", "start": "1000", "day": 3}, {"is_overnight": false, "end": "1700", "start": "1000", "day": 4}, {"is_overnight": false, "end": "1700", "start": "1000", "day": 5}], "hours_type": "REGULAR"}], "photos": ["https://s3-media3.fl.yelpcdn.com/bphoto/aZ-T0heLn2nCotElMgxRzg/o.jpg", "https://s3-media3.fl.yelpcdn.com/bphoto/71BVNQa4NChTmSk5ucRooQ/o.jpg", "https://s3-media2.fl.yelpcdn.com/bphoto/pOLZbNdit4mAA3QoRxmgoA/o.jpg"], "review_count": 7, "term": "attractions", "url": "https://www.yelp.com/biz/theatre-at-the-mill-newtownabbey?adjust_creative=92p07_JjKyriZTQxAXRiKQ&utm_campaign=yelp_api_v3&utm_medium=api_v3_business_lookup&utm_source=92p07_JjKyriZTQxAXRiKQ", "categories": [{"title": "Performing Arts", "alias": "theater"}], "image_url": "https://s3-media2.fl.yelpcdn.com/bphoto/aZ-T0heLn2nCotElMgxRzg/o.jpg", "is_closed": false, "phone": "+442890340202", "location": {"address3": "", "zip_code": "BT36 5QA", "address1": "Carnmoney Rd N", "address2": "", "city": "Newtownabbey", "state": "NTA", "country": "GB"}, "name": "Theatre at the Mill"}