{"price": "$$", "rating": 4.5, "coordinates": {"longitude": 151.180191, "latitude": -33.863121}, "is_claimed": true, "hours": [{"is_open_now": false, "open": [{"is_overnight": false, "end": "2200", "start": "1800", "day": 1}, {"is_overnight": false, "end": "2200", "start": "1800", "day": 2}, {"is_overnight": false, "end": "2200", "start": "1800", "day": 3}, {"is_overnight": false, "end": "2200", "start": "1800", "day": 4}, {"is_overnight": false, "end": "2200", "start": "1800", "day": 5}, {"is_overnight": false, "end": "2200", "start": "1800", "day": 6}], "hours_type": "REGULAR"}], "photos": ["https://s3-media4.fl.yelpcdn.com/bphoto/pFbXOx4lL39vagww_6wPgQ/o.jpg", "https://s3-media2.fl.yelpcdn.com/bphoto/QsmVYxKIHhYTBHBXplavmQ/o.jpg", "https://s3-media2.fl.yelpcdn.com/bphoto/n8M6BXWJEdHA6yMiIac3hg/o.jpg"], "review_count": 17, "id": "rosso-pomodoro-balmain", "term": "restaurants", "url": "https://www.yelp.com/biz/rosso-pomodoro-balmain?adjust_creative=92p07_JjKyriZTQxAXRiKQ&utm_campaign=yelp_api_v3&utm_medium=api_v3_business_lookup&utm_source=92p07_JjKyriZTQxAXRiKQ", "categories": [{"title": "Italian", "alias": "italian"}, {"title": "Pizza", "alias": "pizza"}], "image_url": "https://s3-media4.fl.yelpcdn.com/bphoto/pFbXOx4lL39vagww_6wPgQ/o.jpg", "is_closed": false, "phone": "+61295555924", "location": {"address3": "", "zip_code": "2041", "address1": "Shop 90-91/24 Buchanan St", "address2": "", "city": "Balmain", "state": "NSW", "country": "AU"}, "name": "Rosso Pomodoro"}