{"price": "$$", "rating": 2.5, "coordinates": {"longitude": 138.6151276, "latitude": -34.8974304}, "is_claimed": false, "hours": [{"is_open_now": true, "open": [{"is_overnight": false, "end": "0000", "start": "0700", "day": 0}, {"is_overnight": false, "end": "0000", "start": "0700", "day": 1}, {"is_overnight": true, "end": "0100", "start": "0700", "day": 2}, {"is_overnight": true, "end": "0200", "start": "0800", "day": 3}, {"is_overnight": true, "end": "0200", "start": "0800", "day": 4}, {"is_overnight": true, "end": "0200", "start": "0800", "day": 5}, {"is_overnight": false, "end": "0000", "start": "0800", "day": 6}], "hours_type": "REGULAR"}], "photos": ["https://s3-media4.fl.yelpcdn.com/bphoto/UONg7FL6_WZbEoFQCl3ICw/o.jpg", "https://s3-media3.fl.yelpcdn.com/bphoto/nQRGGkRAyLP2zPUTrTdgiw/o.jpg", "https://s3-media2.fl.yelpcdn.com/bphoto/SjpXIiCIl14iuvrkOtxwAQ/o.jpg"], "review_count": 9, "id": "sussex-hotel-walkerville", "term": "hotels", "url": "https://www.yelp.com/biz/sussex-hotel-walkerville?adjust_creative=92p07_JjKyriZTQxAXRiKQ&utm_campaign=yelp_api_v3&utm_medium=api_v3_business_lookup&utm_source=92p07_JjKyriZTQxAXRiKQ", "categories": [{"alias": "hotels", "title": "Hotels"}], "location": {"address3": null, "zip_code": "5081", "address1": "68 Walkerville Tce", "state": "SA", "city": "Walkerville", "address2": null, "country": "AU"}, "is_closed": false, "phone": "+61883441500", "image_url": "https://s3-media3.fl.yelpcdn.com/bphoto/UONg7FL6_WZbEoFQCl3ICw/o.jpg", "name": "Sussex Hotel"}