{"price": "$", "rating": 4.0, "coordinates": {"longitude": 149.210763137586, "latitude": -35.2029988975521}, "is_claimed": false, "photos": ["https://s3-media4.fl.yelpcdn.com/bphoto/bROYjwealAJ8r3XQzT3u6w/o.jpg", "https://s3-media3.fl.yelpcdn.com/bphoto/jFIT7KnGGb_ra3U1ooKWWg/o.jpg"], "review_count": 1, "id": "braised-pork-cafe-sutton", "term": "restaurants", "url": "https://www.yelp.com/biz/braised-pork-cafe-sutton?adjust_creative=92p07_JjKyriZTQxAXRiKQ&utm_campaign=yelp_api_v3&utm_medium=api_v3_business_lookup&utm_source=92p07_JjKyriZTQxAXRiKQ", "categories": [{"alias": "cafes", "title": "Cafes"}], "location": {"address3": "", "zip_code": "2620", "address1": "1246 Federal Hwy Service Rd", "address2": "", "city": "Sutton", "state": "NSW", "country": "AU"}, "is_closed": false, "phone": "+61412711930", "image_url": "https://s3-media4.fl.yelpcdn.com/bphoto/bROYjwealAJ8r3XQzT3u6w/o.jpg", "name": "Braised Pork Cafe"}