{"id": "sea-life-manchester-the-trafford-centre", "rating": 3.0, "coordinates": {"longitude": -2.3413733, "latitude": 53.4669866}, "is_claimed": false, "photos": ["https://s3-media2.fl.yelpcdn.com/bphoto/jSL6x6-4xorLYbOxlFFIRw/o.jpg", "https://s3-media1.fl.yelpcdn.com/bphoto/HhrNn8I1dZjNC79A6Q0_vA/o.jpg", "https://s3-media1.fl.yelpcdn.com/bphoto/lCGw2JSr9R5VjwvqhpGnEw/o.jpg"], "review_count": 3, "term": "attractions", "url": "https://www.yelp.com/biz/sea-life-manchester-the-trafford-centre?adjust_creative=92p07_JjKyriZTQxAXRiKQ&utm_campaign=yelp_api_v3&utm_medium=api_v3_business_lookup&utm_source=92p07_JjKyriZTQxAXRiKQ", "categories": [{"title": "Aquariums", "alias": "aquariums"}], "location": {"address3": "", "zip_code": "M17 8AS", "address1": "Barton Square", "address2": "", "city": "The Trafford Centre", "state": "XGM", "country": "GB"}, "is_closed": false, "phone": "+448712212483", "image_url": "https://s3-media4.fl.yelpcdn.com/bphoto/jSL6x6-4xorLYbOxlFFIRw/o.jpg", "name": "Sea Life Manchester"}