{"id": "rock-salt-canberra", "rating": 4.0, "coordinates": {"longitude": 149.043670892716, "latitude": -35.2433540631344}, "is_claimed": false, "photos": ["https://s3-media1.fl.yelpcdn.com/bphoto/JXKJMLiI5-xdbBz4uOdLiA/o.jpg", "https://s3-media3.fl.yelpcdn.com/bphoto/Tai5jqblOOsZHJWyA-9e3A/o.jpg", "https://s3-media1.fl.yelpcdn.com/bphoto/3LeUXqxg1oE_p5dtjZTVOw/o.jpg"], "review_count": 1, "term": "restaurants", "url": "https://www.yelp.com/biz/rock-salt-canberra?adjust_creative=92p07_JjKyriZTQxAXRiKQ&utm_campaign=yelp_api_v3&utm_medium=api_v3_business_lookup&utm_source=92p07_JjKyriZTQxAXRiKQ", "categories": [{"alias": "coffee", "title": "Coffee & Tea"}, {"alias": "cafes", "title": "Cafes"}, {"alias": "modern_australian", "title": "Modern Australian"}], "location": {"address3": "", "zip_code": "2614", "address1": "4/78 Hawker Pl", "address2": "", "city": "Canberra", "state": "SA", "country": "AU"}, "is_closed": false, "phone": "", "image_url": "https://s3-media1.fl.yelpcdn.com/bphoto/JXKJMLiI5-xdbBz4uOdLiA/o.jpg", "name": "Rock Salt"}