{"id": "century-cinema-16-mountain-view", "rating": 3.5, "coordinates": {"longitude": -122.081055361626, "latitude": 37.4141529775735}, "is_claimed": false, "hours": [{"is_open_now": true, "open": [{"is_overnight": false, "day": 0, "start": "0900", "end": "2300"}, {"is_overnight": false, "day": 1, "start": "0900", "end": "2300"}, {"is_overnight": false, "day": 2, "start": "0900", "end": "2300"}, {"is_overnight": false, "day": 3, "start": "0900", "end": "2300"}, {"is_overnight": false, "day": 4, "start": "0900", "end": "2300"}, {"is_overnight": false, "day": 5, "start": "0900", "end": "2300"}, {"is_overnight": false, "day": 6, "start": "0900", "end": "2300"}], "hours_type": "REGULAR"}], "photos": ["https://s3-media3.fl.yelpcdn.com/bphoto/J9t-lfTouNes66H3bqUztQ/o.jpg", "https://s3-media2.fl.yelpcdn.com/bphoto/kBRUvU83ge7wJ9h58j8heg/o.jpg", "https://s3-media3.fl.yelpcdn.com/bphoto/XNrKeWR8gt5PJZVOgk5ing/o.jpg"], "review_count": 656, "term": "attractions", "url": "https://www.yelp.com/biz/century-cinema-16-mountain-view?adjust_creative=92p07_JjKyriZTQxAXRiKQ&utm_campaign=yelp_api_v3&utm_medium=api_v3_business_lookup&utm_source=92p07_JjKyriZTQxAXRiKQ", "categories": [{"alias": "movietheaters", "title": "Cinema"}], "location": {"address3": "", "zip_code": "94043", "address1": "1500 N Shoreline Blvd", "address2": "", "city": "Mountain View", "state": "CA", "country": "US"}, "is_closed": false, "phone": "+16509613828", "image_url": "https://s3-media3.fl.yelpcdn.com/bphoto/J9t-lfTouNes66H3bqUztQ/o.jpg", "name": "Century Cinema 16"}