{"price": "$", "rating": 4.0, "coordinates": {"longitude": 115.7530594, "latitude": -32.0352707}, "is_claimed": true, "hours": [{"is_open_now": false, "open": [{"is_overnight": false, "end": "0000", "start": "2000", "day": 0}, {"is_overnight": false, "end": "0000", "start": "2000", "day": 1}, {"is_overnight": false, "end": "0000", "start": "2000", "day": 2}, {"is_overnight": false, "end": "0000", "start": "2000", "day": 3}, {"is_overnight": false, "end": "0000", "start": "2000", "day": 4}, {"is_overnight": false, "end": "0000", "start": "2000", "day": 5}, {"is_overnight": false, "end": "0000", "start": "2000", "day": 6}], "hours_type": "REGULAR"}], "photos": ["https://s3-media4.fl.yelpcdn.com/bphoto/rtI9Z9qKi3J0hjZVJxZdVg/o.jpg", "https://s3-media3.fl.yelpcdn.com/bphoto/Y5BPpk1Wcaumei1fkhySUg/o.jpg", "https://s3-media2.fl.yelpcdn.com/bphoto/TJo-vYWbAAzl2HTYqmHxRA/o.jpg"], "review_count": 17, "id": "mojos-bar-north-fremantle", "term": "attractions", "url": "https://www.yelp.com/biz/mojos-bar-north-fremantle?adjust_creative=92p07_JjKyriZTQxAXRiKQ&utm_campaign=yelp_api_v3&utm_medium=api_v3_business_lookup&utm_source=92p07_JjKyriZTQxAXRiKQ", "categories": [{"title": "Bars", "alias": "bars"}, {"title": "Music Venues", "alias": "musicvenues"}], "image_url": "https://s3-media1.fl.yelpcdn.com/bphoto/rtI9Z9qKi3J0hjZVJxZdVg/o.jpg", "is_closed": false, "phone": "+61894304010", "location": {"address3": null, "zip_code": "6159", "address1": "237 Queen Victoria St", "address2": null, "city": "North Fremantle", "state": "WA", "country": "AU"}, "name": "Mojo's Bar"}