{"id": "pennington-flash-country-park-leigh", "rating": 4.0, "coordinates": {"longitude": -2.54759162664413, "latitude": 53.4870028093505}, "is_claimed": false, "photos": ["https://s3-media2.fl.yelpcdn.com/bphoto/arJF7hh0GuOuSqezlk3pqw/o.jpg", "https://s3-media3.fl.yelpcdn.com/bphoto/oG2h7Yi38ufymoREsMRpuQ/o.jpg", "https://s3-media3.fl.yelpcdn.com/bphoto/eBJ9aXiKCIsjR_lTiVdccQ/o.jpg"], "review_count": 11, "term": "attractions", "url": "https://www.yelp.com/biz/pennington-flash-country-park-leigh?adjust_creative=92p07_JjKyriZTQxAXRiKQ&utm_campaign=yelp_api_v3&utm_medium=api_v3_business_lookup&utm_source=92p07_JjKyriZTQxAXRiKQ", "categories": [{"title": "Parks", "alias": "parks"}], "image_url": "https://s3-media4.fl.yelpcdn.com/bphoto/arJF7hh0GuOuSqezlk3pqw/o.jpg", "is_closed": false, "phone": "+441942605253", "location": {"address3": "", "zip_code": "WN7 3PA", "address1": "ST. Helens Road", "address2": "", "city": "Leigh", "state": "LAN", "country": "GB"}, "name": "Pennington Flash Country Park"}