{"id": "mandoon-estate-caversham", "rating": 4.0, "coordinates": {"longitude": 115.9940033, "latitude": -31.8646202}, "is_claimed": false, "photos": ["https://s3-media1.fl.yelpcdn.com/bphoto/5CZk4VRJa8XDE5dPpvyxUQ/o.jpg", "https://s3-media2.fl.yelpcdn.com/bphoto/dz4U3UmlZHxIN6im-nBGWw/o.jpg", "https://s3-media3.fl.yelpcdn.com/bphoto/ULT9T6YVGd8IsuiwQbFf0g/o.jpg"], "review_count": 22, "price": "$$", "term": "attractions", "url": "https://www.yelp.com/biz/mandoon-estate-caversham?adjust_creative=92p07_JjKyriZTQxAXRiKQ&utm_campaign=yelp_api_v3&utm_medium=api_v3_business_lookup&utm_source=92p07_JjKyriZTQxAXRiKQ", "categories": [{"alias": "wineries", "title": "Wineries"}, {"alias": "breweries", "title": "Breweries"}], "location": {"address3": "", "zip_code": "6055", "address1": "10 Harris Rd", "address2": "", "city": "Caversham", "state": "WA", "country": "AU"}, "is_closed": false, "phone": "", "image_url": "https://s3-media4.fl.yelpcdn.com/bphoto/5CZk4VRJa8XDE5dPpvyxUQ/o.jpg", "name": "Mandoon Estate"}