{"id": "tamarama-beach-tamarama", "rating": 4.5, "coordinates": {"longitude": 151.2700348, "latitude": -33.899559}, "is_claimed": false, "hours": [{"is_open_now": true, "open": [{"is_overnight": true, "day": 0, "end": "0600", "start": "0600"}, {"is_overnight": true, "day": 1, "end": "0600", "start": "0600"}, {"is_overnight": true, "day": 2, "end": "0600", "start": "0600"}, {"is_overnight": true, "day": 3, "end": "0600", "start": "0600"}, {"is_overnight": true, "day": 4, "end": "0600", "start": "0600"}, {"is_overnight": true, "day": 5, "end": "0600", "start": "0600"}, {"is_overnight": true, "day": 6, "end": "0600", "start": "0600"}], "hours_type": "REGULAR"}], "photos": ["https://s3-media3.fl.yelpcdn.com/bphoto/kXF72ge8lvE5FSXsIcnb3g/o.jpg", "https://s3-media3.fl.yelpcdn.com/bphoto/lwoLfW-V4U1ebmM6dtj7bQ/o.jpg", "https://s3-media3.fl.yelpcdn.com/bphoto/Y9vFSdH14UAT23lx8CdoHQ/o.jpg"], "review_count": 10, "term": "attractions", "url": "https://www.yelp.com/biz/tamarama-beach-tamarama?adjust_creative=92p07_JjKyriZTQxAXRiKQ&utm_campaign=yelp_api_v3&utm_medium=api_v3_business_lookup&utm_source=92p07_JjKyriZTQxAXRiKQ", "categories": [{"alias": "beaches", "title": "Beaches"}], "location": {"address3": "", "zip_code": "2026", "address1": "Pacific Ave", "state": "NSW", "city": "Tamarama", "address2": "", "country": "AU"}, "is_closed": false, "phone": "+61411065674", "image_url": "https://s3-media1.fl.yelpcdn.com/bphoto/kXF72ge8lvE5FSXsIcnb3g/o.jpg", "name": "Tamarama Beach"}