{"id": "lazybones-lounge-marrickville", "rating": 5.0, "coordinates": {"longitude": 151.15633, "latitude": -33.91083}, "is_claimed": true, "hours": [{"is_open_now": false, "open": [{"is_overnight": false, "day": 0, "start": "1900", "end": "0000"}, {"is_overnight": false, "day": 1, "start": "1900", "end": "0000"}, {"is_overnight": false, "day": 2, "start": "1900", "end": "0000"}, {"is_overnight": true, "day": 3, "start": "1700", "end": "0300"}, {"is_overnight": true, "day": 4, "start": "1700", "end": "0300"}, {"is_overnight": true, "day": 5, "start": "1700", "end": "0300"}, {"is_overnight": false, "day": 6, "start": "1700", "end": "2200"}], "hours_type": "REGULAR"}], "photos": ["https://s3-media1.fl.yelpcdn.com/bphoto/8FjA-edoLPIToKIFyysSDQ/o.jpg", "https://s3-media1.fl.yelpcdn.com/bphoto/FpJBdWVOa2Rl4ZExq7DcOg/o.jpg", "https://s3-media3.fl.yelpcdn.com/bphoto/euLgRVEFnBf7Ehe_7HXtBQ/o.jpg"], "review_count": 17, "price": "$$", "term": "restaurants", "url": "https://www.yelp.com/biz/lazybones-lounge-marrickville?adjust_creative=92p07_JjKyriZTQxAXRiKQ&utm_campaign=yelp_api_v3&utm_medium=api_v3_business_lookup&utm_source=92p07_JjKyriZTQxAXRiKQ", "categories": [{"alias": "jazzandblues", "title": "Jazz & Blues"}, {"alias": "bars", "title": "Bars"}, {"alias": "tapasmallplates", "title": "Tapas/Small Plates"}], "location": {"address3": "", "zip_code": "2204", "address1": "294 Marrickville Rd", "address2": "", "city": "Marrickville", "state": "NSW", "country": "AU"}, "is_closed": false, "phone": "+61450008563", "image_url": "https://s3-media2.fl.yelpcdn.com/bphoto/8FjA-edoLPIToKIFyysSDQ/o.jpg", "name": "LazyBones Lounge"}