{"price": "\u00a3\u00a3\u00a3", "rating": 4.0, "coordinates": {"longitude": -2.2290899, "latitude": 53.29805}, "is_claimed": false, "photos": ["https://s3-media1.fl.yelpcdn.com/bphoto/GB0yErVfR73ORoEDJOQ7BA/o.jpg", "https://s3-media3.fl.yelpcdn.com/bphoto/ibDYgC2K62GvDNUZ9V5qtA/o.jpg", "https://s3-media2.fl.yelpcdn.com/bphoto/yOP6-mb3HibqcIdpEwpZCA/o.jpg"], "review_count": 3, "id": "the-alderley-edge-alderley-edge", "term": "attractions", "url": "https://www.yelp.com/biz/the-alderley-edge-alderley-edge?adjust_creative=92p07_JjKyriZTQxAXRiKQ&utm_campaign=yelp_api_v3&utm_medium=api_v3_business_lookup&utm_source=92p07_JjKyriZTQxAXRiKQ", "categories": [{"title": "Hotels", "alias": "hotels"}], "image_url": "https://s3-media3.fl.yelpcdn.com/bphoto/GB0yErVfR73ORoEDJOQ7BA/o.jpg", "is_closed": false, "phone": "+441625583033", "location": {"address3": "", "zip_code": "SK9 7BJ", "address1": "Macclesfield Road", "address2": "", "city": "Alderley Edge", "state": "CHE", "country": "GB"}, "name": "The Alderley Edge"}