{"id": "belfast-city-sightseeing-belfast", "rating": 4.0, "coordinates": {"longitude": -5.92685580253601, "latitude": 54.5999890721967}, "is_claimed": true, "hours": [{"is_open_now": false, "open": [{"is_overnight": false, "end": "1700", "start": "1000", "day": 0}, {"is_overnight": false, "end": "1700", "start": "1000", "day": 1}, {"is_overnight": false, "end": "1700", "start": "1000", "day": 2}, {"is_overnight": false, "end": "1700", "start": "1000", "day": 3}, {"is_overnight": false, "end": "1700", "start": "1000", "day": 4}, {"is_overnight": false, "end": "1700", "start": "1000", "day": 5}, {"is_overnight": false, "end": "1700", "start": "1000", "day": 6}], "hours_type": "REGULAR"}], "photos": ["https://s3-media2.fl.yelpcdn.com/bphoto/JpJWmNWm_mcQBmPzA7tM-Q/o.jpg"], "review_count": 9, "term": "attractions", "url": "https://www.yelp.com/biz/belfast-city-sightseeing-belfast?adjust_creative=92p07_JjKyriZTQxAXRiKQ&utm_campaign=yelp_api_v3&utm_medium=api_v3_business_lookup&utm_source=92p07_JjKyriZTQxAXRiKQ", "categories": [{"title": "Tours", "alias": "tours"}], "image_url": "https://s3-media3.fl.yelpcdn.com/bphoto/JpJWmNWm_mcQBmPzA7tM-Q/o.jpg", "is_closed": false, "phone": "+442890321321", "location": {"address3": "", "zip_code": "BT1 2BE", "address1": "Imperial Buildings", "address2": "72 High Street", "city": "Belfast", "state": "BFS", "country": "GB"}, "name": "Belfast City Sightseeing"}