{"id": "cottesloe-beach-hotel-cottesloe", "rating": 3.5, "coordinates": {"longitude": 115.7525177, "latitude": -31.9947109}, "is_claimed": false, "hours": [{"is_open_now": true, "open": [{"is_overnight": false, "day": 0, "start": "1000", "end": "0000"}, {"is_overnight": false, "day": 1, "start": "1000", "end": "0000"}, {"is_overnight": false, "day": 2, "start": "1000", "end": "0000"}, {"is_overnight": false, "day": 3, "start": "1000", "end": "0000"}, {"is_overnight": false, "day": 4, "start": "1000", "end": "0000"}, {"is_overnight": false, "day": 5, "start": "1000", "end": "0000"}, {"is_overnight": false, "day": 6, "start": "1000", "end": "0000"}], "hours_type": "REGULAR"}], "photos": ["https://s3-media2.fl.yelpcdn.com/bphoto/YGIcxHMdsgP-k-v4bTzbSw/o.jpg", "https://s3-media1.fl.yelpcdn.com/bphoto/-tqwHb1I7E7LbfDvUDRq6w/o.jpg", "https://s3-media2.fl.yelpcdn.com/bphoto/rsAkmqisxK-92PDYZT4zuQ/o.jpg"], "review_count": 21, "price": "$$", "term": "attractions", "url": "https://www.yelp.com/biz/cottesloe-beach-hotel-cottesloe?adjust_creative=92p07_JjKyriZTQxAXRiKQ&utm_campaign=yelp_api_v3&utm_medium=api_v3_business_lookup&utm_source=92p07_JjKyriZTQxAXRiKQ", "categories": [{"title": "Hotels", "alias": "hotels"}, {"title": "Bars", "alias": "bars"}], "image_url": "https://s3-media3.fl.yelpcdn.com/bphoto/YGIcxHMdsgP-k-v4bTzbSw/o.jpg", "is_closed": false, "phone": "+61893831100", "location": {"address3": "", "zip_code": "6011", "address1": "104 Marine Parade", "state": "WA", "city": "Cottesloe", "address2": "", "country": "AU"}, "name": "Cottesloe Beach Hotel"}