{"id": "roundhay-park-leeds-3", "rating": 4.5, "coordinates": {"longitude": -1.49324, "latitude": 53.8302307}, "is_claimed": false, "photos": ["https://s3-media3.fl.yelpcdn.com/bphoto/cWzqPdglQhxGPeBNoltpRg/o.jpg", "https://s3-media1.fl.yelpcdn.com/bphoto/JIj4b26KliA8jTKPreL-rQ/o.jpg", "https://s3-media3.fl.yelpcdn.com/bphoto/Gw3X_PO_sUh7QbbCD5cDHg/o.jpg"], "review_count": 22, "term": "attractions", "url": "https://www.yelp.com/biz/roundhay-park-leeds-3?adjust_creative=92p07_JjKyriZTQxAXRiKQ&utm_campaign=yelp_api_v3&utm_medium=api_v3_business_lookup&utm_source=92p07_JjKyriZTQxAXRiKQ", "categories": [{"title": "Parks", "alias": "parks"}], "image_url": "https://s3-media2.fl.yelpcdn.com/bphoto/cWzqPdglQhxGPeBNoltpRg/o.jpg", "is_closed": false, "phone": "", "location": {"address3": "", "zip_code": "LS8 2ER", "address1": "off Wetherby Road", "state": "LDS", "city": "Leeds", "address2": "Roundhay", "country": "GB"}, "name": "Roundhay Park"}