{"location": {"state": "AUK", "zip_code": "0881", "country": "NZ", "address3": "", "address2": "Muriwai", "address1": "Waitea Road", "city": "Muriwai"}, "term": "attractions", "url": "https://www.yelp.com/biz/maori-bay-muriwai?adjust_creative=92p07_JjKyriZTQxAXRiKQ&utm_campaign=yelp_api_v3&utm_medium=api_v3_business_lookup&utm_source=92p07_JjKyriZTQxAXRiKQ", "coordinates": {"latitude": -36.8331655, "longitude": 174.4287153}, "id": "maori-bay-muriwai", "rating": 5.0, "photos": ["https://s3-media2.fl.yelpcdn.com/bphoto/L5Cr3zFXx_IA1FdZpNxhFw/o.jpg", "https://s3-media1.fl.yelpcdn.com/bphoto/tRnNOUs9SdDwn4nJvjUIVw/o.jpg", "https://s3-media1.fl.yelpcdn.com/bphoto/BKyRpMxpGwsM4PB-WLcfGQ/o.jpg"], "is_closed": false, "review_count": 2, "categories": [{"alias": "localflavor", "title": "Local Flavor"}, {"alias": "beaches", "title": "Beaches"}], "is_claimed": false, "image_url": "https://s3-media3.fl.yelpcdn.com/bphoto/L5Cr3zFXx_IA1FdZpNxhFw/o.jpg", "hours": [{"hours_type": "REGULAR", "open": [{"end": "0600", "start": "0600", "day": 0, "is_overnight": true}, {"end": "0600", "start": "0600", "day": 1, "is_overnight": true}, {"end": "0600", "start": "0600", "day": 2, "is_overnight": true}, {"end": "0600", "start": "0600", "day": 3, "is_overnight": true}, {"end": "0600", "start": "0600", "day": 4, "is_overnight": true}, {"end": "0600", "start": "0600", "day": 5, "is_overnight": true}, {"end": "0600", "start": "0600", "day": 6, "is_overnight": true}], "is_open_now": true}], "name": "Maori Bay", "phone": ""}