{"id": "garry-ginivan-attractions-flemington", "rating": 0.0, "coordinates": {"longitude": 144.9320831, "latitude": -37.7874489}, "is_claimed": false, "photos": [], "review_count": 0, "term": "attractions", "url": "https://www.yelp.com/biz/garry-ginivan-attractions-flemington?adjust_creative=92p07_JjKyriZTQxAXRiKQ&utm_campaign=yelp_api_v3&utm_medium=api_v3_business_lookup&utm_source=92p07_JjKyriZTQxAXRiKQ", "categories": [], "image_url": "", "is_closed": false, "phone": "+61393762503", "location": {"address3": null, "zip_code": "3031", "address1": "20 Shield St", "address2": null, "city": "Flemington", "state": "VIC", "country": "AU"}, "name": "Garry Ginivan Attractions"}