{"id": "hayes-street-annual-party-neutral-bay", "rating": 5.0, "coordinates": {"longitude": 151.2189331, "latitude": -33.8409882}, "is_claimed": false, "photos": [], "review_count": 1, "term": "attractions", "url": "https://www.yelp.com/biz/hayes-street-annual-party-neutral-bay?adjust_creative=92p07_JjKyriZTQxAXRiKQ&utm_campaign=yelp_api_v3&utm_medium=api_v3_business_lookup&utm_source=92p07_JjKyriZTQxAXRiKQ", "categories": [{"alias": "arts", "title": "Arts & Entertainment"}], "location": {"address3": "", "zip_code": "2089", "address1": "Hayes St", "state": "NSW", "city": "Neutral Bay", "address2": "", "country": "AU"}, "is_closed": false, "phone": "", "image_url": "", "name": "Hayes Street Annual Party"}