{"location": {"state": "AUK", "zip_code": "2022", "country": "NZ", "address3": null, "address2": null, "address1": "10 Tom Pearce Dr", "city": "Manukau"}, "term": "attractions", "url": "https://www.yelp.com/biz/butterfly-creek-manukau?adjust_creative=92p07_JjKyriZTQxAXRiKQ&utm_campaign=yelp_api_v3&utm_medium=api_v3_business_lookup&utm_source=92p07_JjKyriZTQxAXRiKQ", "coordinates": {"latitude": -36.9901011509876, "longitude": 174.874977066584}, "id": "butterfly-creek-manukau", "rating": 4.0, "photos": ["https://s3-media3.fl.yelpcdn.com/bphoto/iMyRPdsBjZ1WNiBFbIHeKQ/o.jpg", "https://s3-media1.fl.yelpcdn.com/bphoto/dWLoWE1_XqQrBOia1msbgw/o.jpg", "https://s3-media1.fl.yelpcdn.com/bphoto/FRdutPmDqvBTGchwKski0A/o.jpg"], "is_closed": false, "review_count": 5, "categories": [{"alias": "zoos", "title": "Zoos"}], "is_claimed": true, "image_url": "https://s3-media2.fl.yelpcdn.com/bphoto/iMyRPdsBjZ1WNiBFbIHeKQ/o.jpg", "hours": [{"hours_type": "REGULAR", "open": [{"end": "1700", "start": "0930", "day": 0, "is_overnight": false}, {"end": "1700", "start": "0930", "day": 1, "is_overnight": false}, {"end": "1700", "start": "0930", "day": 2, "is_overnight": false}, {"end": "1700", "start": "0930", "day": 3, "is_overnight": false}, {"end": "1700", "start": "0930", "day": 4, "is_overnight": false}, {"end": "1700", "start": "0930", "day": 5, "is_overnight": false}, {"end": "1700", "start": "0930", "day": 6, "is_overnight": false}], "is_open_now": true}], "name": "Butterfly Creek", "phone": "+6492758880", "price": "$$$"}