{"price": "\u00a3\u00a3\u00a3", "rating": 4.5, "coordinates": {"longitude": -1.4724243219635, "latitude": 53.3807625489619}, "is_claimed": false, "photos": ["https://s3-media2.fl.yelpcdn.com/bphoto/tuk_jdd-23HenapFRY2dSg/o.jpg", "https://s3-media4.fl.yelpcdn.com/bphoto/KYSYI1uGkIKPRyZhd9ff_A/o.jpg", "https://s3-media3.fl.yelpcdn.com/bphoto/Sz9COawHFZvxyz8Z2oOgDw/o.jpg"], "review_count": 20, "id": "sheffield-city-hall-sheffield-2", "term": "attractions", "url": "https://www.yelp.com/biz/sheffield-city-hall-sheffield-2?adjust_creative=92p07_JjKyriZTQxAXRiKQ&utm_campaign=yelp_api_v3&utm_medium=api_v3_business_lookup&utm_source=92p07_JjKyriZTQxAXRiKQ", "categories": [{"alias": "musicvenues", "title": "Music Venues"}, {"alias": "danceclubs", "title": "Dance Clubs"}], "location": {"address3": null, "zip_code": "S1 2HB", "address1": "Barkers Pool", "state": "SHF", "city": "Sheffield", "address2": null, "country": "GB"}, "is_closed": false, "phone": "+4411422337401", "image_url": "https://s3-media1.fl.yelpcdn.com/bphoto/tuk_jdd-23HenapFRY2dSg/o.jpg", "name": "Sheffield City Hall"}