{"id": "bcs-morling-lodge-red-hill", "rating": 0.0, "coordinates": {"longitude": 149.129425, "latitude": -35.3380089}, "is_claimed": false, "photos": [], "review_count": 0, "term": "hotels", "url": "https://www.yelp.com/biz/bcs-morling-lodge-red-hill?adjust_creative=92p07_JjKyriZTQxAXRiKQ&utm_campaign=yelp_api_v3&utm_medium=api_v3_business_lookup&utm_source=92p07_JjKyriZTQxAXRiKQ", "categories": [{"title": "Retirement Homes", "alias": "retirement_homes"}, {"title": "Hostels", "alias": "hostels"}], "image_url": "", "is_closed": false, "phone": "+61262213700", "location": {"address3": null, "zip_code": "2603", "address1": "51 Hicks St", "state": "ACT", "city": "Red Hill", "address2": null, "country": "AU"}, "name": "BCS Morling Lodge"}