{"price": "$$$", "rating": 3.0, "coordinates": {"longitude": -83.043051, "latitude": 42.3189597}, "is_claimed": true, "hours": [{"is_open_now": true, "open": [{"is_overnight": false, "day": 0, "start": "0000", "end": "0000"}, {"is_overnight": false, "day": 1, "start": "0000", "end": "0000"}, {"is_overnight": false, "day": 2, "start": "0000", "end": "0000"}, {"is_overnight": false, "day": 3, "start": "0000", "end": "0000"}, {"is_overnight": false, "day": 4, "start": "0000", "end": "0000"}, {"is_overnight": false, "day": 5, "start": "0000", "end": "0000"}, {"is_overnight": false, "day": 6, "start": "0000", "end": "0000"}], "hours_type": "REGULAR"}], "photos": ["https://s3-media3.fl.yelpcdn.com/bphoto/ByeddyM1t6tdfCaBnJxYaQ/o.jpg", "https://s3-media3.fl.yelpcdn.com/bphoto/jWCkyalIiKSJdUMtQzYwuw/o.jpg", "https://s3-media2.fl.yelpcdn.com/bphoto/O1ZjOooxC-F0whp_M3Uw0w/o.jpg"], "review_count": 19, "id": "best-western-plus-waterfront-hotel-windsor", "term": "attractions", "url": "https://www.yelp.com/biz/best-western-plus-waterfront-hotel-windsor?adjust_creative=92p07_JjKyriZTQxAXRiKQ&utm_campaign=yelp_api_v3&utm_medium=api_v3_business_lookup&utm_source=92p07_JjKyriZTQxAXRiKQ", "categories": [{"alias": "hotels", "title": "Hotels"}], "location": {"address3": null, "zip_code": "N9A 5K4", "address1": "277 Riverside Dr W", "address2": null, "city": "Windsor", "state": "ON", "country": "CA"}, "is_closed": false, "phone": "+15199735555", "image_url": "https://s3-media1.fl.yelpcdn.com/bphoto/ByeddyM1t6tdfCaBnJxYaQ/o.jpg", "name": "Best Western Plus Waterfront Hotel"}