{"id": "aquaboulevard-paris-15", "categories": [{"title": "Swimming Pools", "alias": "swimmingpools"}], "is_closed": false, "price": "\u20ac\u20ac\u20ac\u20ac", "url": "https://www.yelp.com/biz/aquaboulevard-paris-15?adjust_creative=92p07_JjKyriZTQxAXRiKQ&utm_campaign=yelp_api_v3&utm_medium=api_v3_business_lookup&utm_source=92p07_JjKyriZTQxAXRiKQ", "location": {"state": "75", "address2": null, "zip_code": "75015", "country": "FR", "address1": "4 rue Louis Armand", "address3": null, "city": "Paris 15"}, "phone": "+33140601000", "photos": ["https://s3-media4.fl.yelpcdn.com/bphoto/dCVj7a5Vi6Wxkgu9D9OOSw/o.jpg", "https://s3-media3.fl.yelpcdn.com/bphoto/RnwFVEpOKSfn1M7KfBmMzg/o.jpg", "https://s3-media4.fl.yelpcdn.com/bphoto/OKlyaJwpGthCQnxHdOJcOQ/o.jpg"], "hours": [{"is_open_now": false, "open": [{"start": "0700", "day": 0, "end": "0100", "is_overnight": true}, {"start": "0700", "day": 1, "end": "0100", "is_overnight": true}, {"start": "0700", "day": 2, "end": "0100", "is_overnight": true}, {"start": "0700", "day": 3, "end": "0100", "is_overnight": true}, {"start": "0700", "day": 4, "end": "0100", "is_overnight": true}, {"start": "0700", "day": 5, "end": "0100", "is_overnight": true}, {"start": "0700", "day": 6, "end": "0100", "is_overnight": true}], "hours_type": "REGULAR"}], "term": "attractions", "is_claimed": false, "rating": 3.0, "review_count": 93, "image_url": "https://s3-media2.fl.yelpcdn.com/bphoto/dCVj7a5Vi6Wxkgu9D9OOSw/o.jpg", "coordinates": {"latitude": 48.83296, "longitude": 2.27697}, "name": "Aquaboulevard"}