{"id": "chatsworth-house-bakewell-2", "rating": 4.5, "coordinates": {"longitude": -1.6115431, "latitude": 53.2279753}, "is_claimed": false, "photos": ["https://s3-media1.fl.yelpcdn.com/bphoto/G7y7q2jAxCPJ_uNvl3syrQ/o.jpg", "https://s3-media2.fl.yelpcdn.com/bphoto/WY33UsJXuQ-tfkPhiReifQ/o.jpg", "https://s3-media1.fl.yelpcdn.com/bphoto/CI2dJR0XYZ4M6bJk0rv8hA/o.jpg"], "review_count": 34, "term": "attractions", "url": "https://www.yelp.com/biz/chatsworth-house-bakewell-2?adjust_creative=92p07_JjKyriZTQxAXRiKQ&utm_campaign=yelp_api_v3&utm_medium=api_v3_business_lookup&utm_source=92p07_JjKyriZTQxAXRiKQ", "categories": [{"title": "Landmarks & Historical Buildings", "alias": "landmarks"}, {"title": "Parks", "alias": "parks"}], "image_url": "https://s3-media4.fl.yelpcdn.com/bphoto/G7y7q2jAxCPJ_uNvl3syrQ/o.jpg", "is_closed": false, "phone": "+441246582204", "location": {"address3": null, "zip_code": "DE45 1PP", "address1": null, "state": "DBY", "city": "Bakewell", "address2": null, "country": "GB"}, "name": "Chatsworth House"}