{"price": "\u00a3\u00a3\u00a3\u00a3", "rating": 4.0, "coordinates": {"longitude": -1.4620982789744, "latitude": 53.3782161812387}, "is_claimed": false, "hours": [{"is_open_now": false, "open": [{"is_overnight": false, "day": 0, "end": "2300", "start": "0500"}, {"is_overnight": false, "day": 1, "end": "2300", "start": "0500"}, {"is_overnight": false, "day": 2, "end": "2300", "start": "0500"}, {"is_overnight": false, "day": 3, "end": "2300", "start": "0500"}, {"is_overnight": false, "day": 4, "end": "2300", "start": "0500"}, {"is_overnight": false, "day": 5, "end": "2300", "start": "0500"}, {"is_overnight": false, "day": 6, "end": "2300", "start": "0800"}], "hours_type": "REGULAR"}], "photos": ["https://s3-media1.fl.yelpcdn.com/bphoto/z8hutLXGiMBxt_67NmYEqA/o.jpg", "https://s3-media2.fl.yelpcdn.com/bphoto/sM-pdS-v7LusCKsvggiCJQ/o.jpg", "https://s3-media3.fl.yelpcdn.com/bphoto/ZZxhIn7UsFG2xt8NMmaAnQ/o.jpg"], "review_count": 30, "id": "sheffield-railway-station-sheffield-4", "term": "attractions", "url": "https://www.yelp.com/biz/sheffield-railway-station-sheffield-4?adjust_creative=92p07_JjKyriZTQxAXRiKQ&utm_campaign=yelp_api_v3&utm_medium=api_v3_business_lookup&utm_source=92p07_JjKyriZTQxAXRiKQ", "categories": [{"alias": "trainstations", "title": "Train Stations"}], "location": {"address3": "", "zip_code": "S1 2BP", "address1": "Sheaf Street", "state": "XSY", "city": "Sheffield", "address2": "", "country": "GB"}, "is_closed": false, "phone": "+448457125678", "image_url": "https://s3-media2.fl.yelpcdn.com/bphoto/z8hutLXGiMBxt_67NmYEqA/o.jpg", "name": "Sheffield Railway Station"}