{"id": "spruiking-and-promotion-attractions-sans-souci", "rating": 0.0, "coordinates": {"longitude": 151.1350861, "latitude": -33.9977417}, "is_claimed": false, "photos": [], "review_count": 0, "term": "attractions", "url": "https://www.yelp.com/biz/spruiking-and-promotion-attractions-sans-souci?adjust_creative=92p07_JjKyriZTQxAXRiKQ&utm_campaign=yelp_api_v3&utm_medium=api_v3_business_lookup&utm_source=92p07_JjKyriZTQxAXRiKQ", "categories": [], "location": {"address3": null, "zip_code": "2219", "address1": "56a Ida St", "state": "NSW", "city": "Sans Souci", "address2": null, "country": "AU"}, "is_closed": false, "phone": "+61412860601", "image_url": "", "name": "Spruiking & Promotion Attractions"}