{"price": "$", "rating": 4.0, "coordinates": {"longitude": 151.21974, "latitude": -33.869146}, "is_claimed": true, "hours": [{"is_open_now": true, "open": [{"is_overnight": true, "day": 0, "start": "0830", "end": "0200"}, {"is_overnight": true, "day": 1, "start": "0830", "end": "0200"}, {"is_overnight": true, "day": 2, "start": "0830", "end": "0300"}, {"is_overnight": true, "day": 3, "start": "0830", "end": "0300"}, {"is_overnight": true, "day": 4, "start": "0830", "end": "0400"}, {"is_overnight": true, "day": 5, "start": "0900", "end": "0400"}, {"is_overnight": true, "day": 6, "start": "0900", "end": "0100"}], "hours_type": "REGULAR"}], "photos": ["https://s3-media3.fl.yelpcdn.com/bphoto/6uwQiRUJt68Pbb7USkxa0A/o.jpg", "https://s3-media2.fl.yelpcdn.com/bphoto/LuzFK30CWKs7q-aB76x-XA/o.jpg", "https://s3-media2.fl.yelpcdn.com/bphoto/T2xqvnK39mkS9xVv4tfchw/o.jpg"], "review_count": 84, "id": "harrys-caf\u00e9-de-wheels-woolloomooloo-3", "term": "restaurants", "url": "https://www.yelp.com/biz/harrys-caf%C3%A9-de-wheels-woolloomooloo-3?adjust_creative=92p07_JjKyriZTQxAXRiKQ&utm_campaign=yelp_api_v3&utm_medium=api_v3_business_lookup&utm_source=92p07_JjKyriZTQxAXRiKQ", "categories": [{"alias": "cafes", "title": "Cafes"}, {"alias": "hotdog", "title": "Hot Dogs"}, {"alias": "hotdogs", "title": "Fast Food"}], "location": {"address3": null, "zip_code": "2011", "address1": "Cowper Wharf Rd", "address2": null, "city": "Woolloomooloo", "state": "NSW", "country": "AU"}, "is_closed": false, "phone": "+61293573074", "image_url": "https://s3-media4.fl.yelpcdn.com/bphoto/6uwQiRUJt68Pbb7USkxa0A/o.jpg", "name": "Harry's Caf\u00e9 de Wheels"}