{"id": "quality-h\u00f4tel-acanthe-boulogne-billancourt", "categories": [{"title": "Hotels", "alias": "hotels"}], "is_closed": false, "term": "attractions", "url": "https://www.yelp.com/biz/quality-h%C3%B4tel-acanthe-boulogne-billancourt?adjust_creative=92p07_JjKyriZTQxAXRiKQ&utm_campaign=yelp_api_v3&utm_medium=api_v3_business_lookup&utm_source=92p07_JjKyriZTQxAXRiKQ", "location": {"state": "64", "address2": null, "zip_code": "92100", "country": "FR", "address1": "9-11 Rond-point Rhin et Danube", "address3": null, "city": "Boulogne-Billancourt"}, "phone": "+33146991040", "photos": ["https://s3-media4.fl.yelpcdn.com/bphoto/1rq7vbO9gv7DvJ_C8BqtoA/o.jpg"], "is_claimed": false, "rating": 0.0, "review_count": 0, "image_url": "https://s3-media1.fl.yelpcdn.com/bphoto/1rq7vbO9gv7DvJ_C8BqtoA/o.jpg", "coordinates": {"latitude": 48.840847, "longitude": 2.228833}, "name": "Quality H\u00f4tel Acanthe"}