{"id": "australian-centre-for-contemporary-art-southbank-2", "rating": 4.5, "coordinates": {"longitude": 144.9664764, "latitude": -37.8268852}, "is_claimed": false, "hours": [{"is_open_now": true, "open": [{"is_overnight": false, "end": "1700", "day": 1, "start": "1000"}, {"is_overnight": false, "end": "1700", "day": 2, "start": "1000"}, {"is_overnight": false, "end": "1700", "day": 3, "start": "1000"}, {"is_overnight": false, "end": "1700", "day": 4, "start": "1000"}, {"is_overnight": false, "end": "1700", "day": 5, "start": "1100"}, {"is_overnight": false, "end": "1700", "day": 6, "start": "1100"}], "hours_type": "REGULAR"}], "photos": ["https://s3-media2.fl.yelpcdn.com/bphoto/Bd3iwQxarnef1Xo5GwUWcw/o.jpg", "https://s3-media3.fl.yelpcdn.com/bphoto/Ei2_Z9lNnJ-fNu4IcKl-4w/o.jpg", "https://s3-media2.fl.yelpcdn.com/bphoto/wuO2SlzmcVKP8_koNELM2A/o.jpg"], "review_count": 5, "price": "$", "term": "attractions", "url": "https://www.yelp.com/biz/australian-centre-for-contemporary-art-southbank-2?adjust_creative=92p07_JjKyriZTQxAXRiKQ&utm_campaign=yelp_api_v3&utm_medium=api_v3_business_lookup&utm_source=92p07_JjKyriZTQxAXRiKQ", "categories": [{"title": "Art Galleries", "alias": "galleries"}], "location": {"address3": null, "zip_code": "3006", "address1": "111 Sturt St", "address2": null, "city": "Southbank", "state": "VIC", "country": "AU"}, "is_closed": false, "phone": "+61396979999", "image_url": "https://s3-media4.fl.yelpcdn.com/bphoto/Bd3iwQxarnef1Xo5GwUWcw/o.jpg", "name": "Australian Centre For Contemporary Art"}