{"id": "event-cinemas-upper-mt-gravatt", "rating": 3.0, "coordinates": {"longitude": 153.07897, "latitude": -27.56052}, "is_claimed": false, "hours": [{"is_open_now": true, "open": [{"is_overnight": false, "day": 0, "end": "0000", "start": "0930"}, {"is_overnight": false, "day": 1, "end": "0000", "start": "0930"}, {"is_overnight": false, "day": 2, "end": "0000", "start": "0930"}, {"is_overnight": false, "day": 3, "end": "0000", "start": "0930"}, {"is_overnight": false, "day": 4, "end": "0000", "start": "0930"}, {"is_overnight": false, "day": 5, "end": "0000", "start": "0930"}, {"is_overnight": false, "day": 6, "end": "0000", "start": "0930"}], "hours_type": "REGULAR"}], "photos": ["https://s3-media4.fl.yelpcdn.com/bphoto/_nv_AfhknRFwojYac6lc4w/o.jpg", "https://s3-media2.fl.yelpcdn.com/bphoto/G-RrITZPoH5ZI-4Uz8O7PA/o.jpg", "https://s3-media2.fl.yelpcdn.com/bphoto/SYGs_GCArbeol8DQjgICxA/o.jpg"], "review_count": 4, "term": "attractions", "url": "https://www.yelp.com/biz/event-cinemas-upper-mt-gravatt?adjust_creative=92p07_JjKyriZTQxAXRiKQ&utm_campaign=yelp_api_v3&utm_medium=api_v3_business_lookup&utm_source=92p07_JjKyriZTQxAXRiKQ", "categories": [{"alias": "movietheaters", "title": "Cinema"}], "location": {"address3": null, "zip_code": "4122", "address1": "Kessels Rd", "state": "QLD", "city": "Upper Mt Gravatt", "address2": null, "country": "AU"}, "is_closed": false, "phone": "+61738490011", "image_url": "https://s3-media4.fl.yelpcdn.com/bphoto/_nv_AfhknRFwojYac6lc4w/o.jpg", "name": "Event Cinemas"}