{"id": "australian-roadtrain-association-forrest", "rating": 0.0, "coordinates": {"longitude": 149.131073, "latitude": -35.313221}, "is_claimed": false, "photos": [], "review_count": 0, "term": "hotels", "url": "https://www.yelp.com/biz/australian-roadtrain-association-forrest?adjust_creative=92p07_JjKyriZTQxAXRiKQ&utm_campaign=yelp_api_v3&utm_medium=api_v3_business_lookup&utm_source=92p07_JjKyriZTQxAXRiKQ", "categories": [{"alias": "transport", "title": "Transportation"}], "location": {"address3": null, "zip_code": "2603", "address1": "Grnd Flr 25 National Cct", "state": "ACT", "city": "Forrest", "address2": null, "country": "AU"}, "is_closed": false, "phone": "+61262536965", "image_url": "", "name": "Australian Roadtrain Association"}