{"id": "apedale-heritage-centre-newcastle", "rating": 0.0, "coordinates": {"longitude": -2.2573597, "latitude": 53.0322355}, "is_claimed": true, "hours": [{"is_open_now": false, "open": [{"is_overnight": false, "day": 0, "start": "1030", "end": "1600"}, {"is_overnight": false, "day": 1, "start": "1030", "end": "1600"}, {"is_overnight": false, "day": 2, "start": "1030", "end": "1600"}, {"is_overnight": false, "day": 3, "start": "1030", "end": "1600"}, {"is_overnight": false, "day": 4, "start": "1030", "end": "1600"}, {"is_overnight": false, "day": 5, "start": "1030", "end": "1600"}, {"is_overnight": false, "day": 6, "start": "1030", "end": "1600"}], "hours_type": "REGULAR"}], "photos": ["https://s3-media3.fl.yelpcdn.com/bphoto/o_N8b9UJA0QtEFiJuEdOfg/o.jpg", "https://s3-media1.fl.yelpcdn.com/bphoto/VckGjuekfCPBv-lyec0lSw/o.jpg", "https://s3-media4.fl.yelpcdn.com/bphoto/PkPhX_u9K7LXSx_97LQgFw/o.jpg"], "review_count": 0, "term": "attractions", "url": "https://www.yelp.com/biz/apedale-heritage-centre-newcastle?adjust_creative=92p07_JjKyriZTQxAXRiKQ&utm_campaign=yelp_api_v3&utm_medium=api_v3_business_lookup&utm_source=92p07_JjKyriZTQxAXRiKQ", "categories": [{"alias": "museums", "title": "Museums"}], "location": {"address3": null, "zip_code": "ST5", "address1": "Loomer Road", "address2": "Chesterton", "city": "Newcastle", "state": "STS", "country": "GB"}, "is_closed": false, "phone": "+441782565050", "image_url": "https://s3-media1.fl.yelpcdn.com/bphoto/o_N8b9UJA0QtEFiJuEdOfg/o.jpg", "name": "Apedale Heritage Centre"}