{"id": "darebin-parklands-alphington", "rating": 5.0, "coordinates": {"longitude": 145.0289764, "latitude": -37.7727699}, "is_claimed": false, "photos": ["https://s3-media4.fl.yelpcdn.com/bphoto/e8X46XnUSblnzKc8h-zDng/o.jpg", "https://s3-media4.fl.yelpcdn.com/bphoto/JC09p9WAhts7tT74IodYdQ/o.jpg", "https://s3-media1.fl.yelpcdn.com/bphoto/jkQkGiFWt4KiwyKglaAloA/o.jpg"], "review_count": 1, "term": "attractions", "url": "https://www.yelp.com/biz/darebin-parklands-alphington?adjust_creative=92p07_JjKyriZTQxAXRiKQ&utm_campaign=yelp_api_v3&utm_medium=api_v3_business_lookup&utm_source=92p07_JjKyriZTQxAXRiKQ", "categories": [{"alias": "parks", "title": "Parks"}], "location": {"address3": "", "zip_code": "3078", "address1": "Separation street", "address2": "", "city": "Alphington", "state": "VIC", "country": "AU"}, "is_closed": false, "phone": "+61384708482", "image_url": "https://s3-media2.fl.yelpcdn.com/bphoto/e8X46XnUSblnzKc8h-zDng/o.jpg", "name": "Darebin Parklands"}