{"price": "\u00a3\u00a3", "rating": 4.5, "coordinates": {"longitude": -0.296242507429763, "latitude": 51.4791455178743}, "is_claimed": false, "photos": ["https://s3-media3.fl.yelpcdn.com/bphoto/X_ZkRKj7QHHoFwzcgaxFag/o.jpg", "https://s3-media3.fl.yelpcdn.com/bphoto/fU58S-kYOewDRgjkxgyjlw/o.jpg", "https://s3-media2.fl.yelpcdn.com/bphoto/HKLqaV72Q7Yw0HePlnwzpQ/o.jpg"], "review_count": 191, "id": "kew-gardens-richmond-3", "term": "attractions", "url": "https://www.yelp.com/biz/kew-gardens-richmond-3?adjust_creative=92p07_JjKyriZTQxAXRiKQ&utm_campaign=yelp_api_v3&utm_medium=api_v3_business_lookup&utm_source=92p07_JjKyriZTQxAXRiKQ", "categories": [{"alias": "gardens", "title": "Botanical Gardens"}], "location": {"address3": null, "zip_code": "TW9 3AB", "address1": "Royal Botanic Gardens", "address2": "Kew", "city": "Richmond", "state": "SRY", "country": "GB"}, "is_closed": false, "phone": "+442083325655", "image_url": "https://s3-media3.fl.yelpcdn.com/bphoto/X_ZkRKj7QHHoFwzcgaxFag/o.jpg", "name": "Kew Gardens"}