{"price": "$", "rating": 4.5, "coordinates": {"longitude": 151.1998161, "latitude": -33.9180439}, "is_claimed": true, "hours": [{"is_open_now": true, "open": [{"is_overnight": false, "end": "1500", "start": "1200", "day": 0}, {"is_overnight": false, "end": "2100", "start": "1800", "day": 0}, {"is_overnight": false, "end": "1500", "start": "1200", "day": 1}, {"is_overnight": false, "end": "2100", "start": "1800", "day": 1}, {"is_overnight": false, "end": "1500", "start": "1200", "day": 2}, {"is_overnight": false, "end": "2100", "start": "1800", "day": 2}, {"is_overnight": false, "end": "1500", "start": "1200", "day": 3}, {"is_overnight": false, "end": "2100", "start": "1800", "day": 3}, {"is_overnight": false, "end": "1500", "start": "1200", "day": 4}, {"is_overnight": false, "end": "2100", "start": "1800", "day": 4}, {"is_overnight": false, "end": "2100", "start": "1200", "day": 5}, {"is_overnight": false, "end": "1600", "start": "1200", "day": 6}], "hours_type": "REGULAR"}], "photos": ["https://s3-media2.fl.yelpcdn.com/bphoto/ahSQT5XHlKjFMv5h2zgL-A/o.jpg", "https://s3-media1.fl.yelpcdn.com/bphoto/2QcKlnEh0kfPBCXPNBJWhA/o.jpg", "https://s3-media1.fl.yelpcdn.com/bphoto/cliyGJgysQpfU5l8rgXExg/o.jpg"], "review_count": 18, "id": "belfield-on-botany-rosebery", "term": "restaurants", "url": "https://www.yelp.com/biz/belfield-on-botany-rosebery?adjust_creative=92p07_JjKyriZTQxAXRiKQ&utm_campaign=yelp_api_v3&utm_medium=api_v3_business_lookup&utm_source=92p07_JjKyriZTQxAXRiKQ", "categories": [{"title": "Burgers", "alias": "burgers"}, {"title": "Breakfast & Brunch", "alias": "breakfast_brunch"}], "image_url": "https://s3-media3.fl.yelpcdn.com/bphoto/ahSQT5XHlKjFMv5h2zgL-A/o.jpg", "is_closed": false, "phone": "+61280404349", "location": {"address3": "", "zip_code": "2018", "address1": "Shop 1", "address2": "797 Botany Rd", "city": "Rosebery", "state": "NSW", "country": "AU"}, "name": "Belfield on Botany"}