{"id": "last-stop-ambledown-brook-hall", "rating": 0.0, "coordinates": {"longitude": 148.9828033, "latitude": -35.1622581}, "is_claimed": false, "photos": [], "review_count": 0, "term": "hotels", "url": "https://www.yelp.com/biz/last-stop-ambledown-brook-hall?adjust_creative=92p07_JjKyriZTQxAXRiKQ&utm_campaign=yelp_api_v3&utm_medium=api_v3_business_lookup&utm_source=92p07_JjKyriZTQxAXRiKQ", "categories": [{"alias": "hotels", "title": "Hotels"}], "location": {"address3": null, "zip_code": "2618", "address1": "Brooklands Rd", "state": "ACT", "city": "Hall", "address2": null, "country": "AU"}, "is_closed": false, "phone": "+61262302280", "image_url": "", "name": "Last Stop Ambledown Brook"}