{"id": "rainbow-springs-fly-fishing-school-wamboin-2", "rating": 0.0, "coordinates": {"longitude": 149.2634735, "latitude": -35.2557411}, "is_claimed": false, "photos": [], "review_count": 0, "term": "hotels", "url": "https://www.yelp.com/biz/rainbow-springs-fly-fishing-school-wamboin-2?adjust_creative=92p07_JjKyriZTQxAXRiKQ&utm_campaign=yelp_api_v3&utm_medium=api_v3_business_lookup&utm_source=92p07_JjKyriZTQxAXRiKQ", "categories": [{"alias": "tours", "title": "Tours"}], "location": {"address3": null, "zip_code": "2620", "address1": "", "state": "ACT", "city": "Wamboin", "address2": null, "country": "AU"}, "is_closed": false, "phone": "+61428622412", "image_url": "", "name": "Rainbow Springs Fly Fishing School"}