{"id": "st-helens-park-prospect", "rating": 3.0, "coordinates": {"longitude": 138.5955048, "latitude": -34.8926201}, "is_claimed": false, "photos": ["https://s3-media4.fl.yelpcdn.com/bphoto/6q3u1xEn4mggOAmROrWqJw/o.jpg", "https://s3-media2.fl.yelpcdn.com/bphoto/QxhZBrf-lSjNcB41JACx1Q/o.jpg", "https://s3-media1.fl.yelpcdn.com/bphoto/bu0n5jr1JL3D1YAZLU_jaw/o.jpg"], "review_count": 3, "term": "attractions", "url": "https://www.yelp.com/biz/st-helens-park-prospect?adjust_creative=92p07_JjKyriZTQxAXRiKQ&utm_campaign=yelp_api_v3&utm_medium=api_v3_business_lookup&utm_source=92p07_JjKyriZTQxAXRiKQ", "categories": [{"title": "Playgrounds", "alias": "playgrounds"}, {"title": "Dog Parks", "alias": "dog_parks"}], "image_url": "https://s3-media4.fl.yelpcdn.com/bphoto/6q3u1xEn4mggOAmROrWqJw/o.jpg", "is_closed": false, "phone": "", "location": {"address3": "", "zip_code": "5082", "address1": "39 Prospect Rd", "state": "SA", "city": "Prospect", "address2": "", "country": "AU"}, "name": "St Helens Park"}