{"id": "stormont-building-stormont", "rating": 4.5, "coordinates": {"longitude": -5.83709, "latitude": 54.5942688}, "is_claimed": false, "photos": ["https://s3-media1.fl.yelpcdn.com/bphoto/0qSLja1nwYaZSwfS_Nqkog/o.jpg", "https://s3-media3.fl.yelpcdn.com/bphoto/-p4uThcuU2flJes2guw-Gg/o.jpg", "https://s3-media2.fl.yelpcdn.com/bphoto/_7CS_LeP6dnzwuqQKB5-kQ/o.jpg"], "review_count": 7, "term": "attractions", "url": "https://www.yelp.com/biz/stormont-building-stormont?adjust_creative=92p07_JjKyriZTQxAXRiKQ&utm_campaign=yelp_api_v3&utm_medium=api_v3_business_lookup&utm_source=92p07_JjKyriZTQxAXRiKQ", "categories": [{"title": "Landmarks & Historical Buildings", "alias": "landmarks"}], "image_url": "https://s3-media4.fl.yelpcdn.com/bphoto/0qSLja1nwYaZSwfS_Nqkog/o.jpg", "is_closed": false, "phone": "+442890521333", "location": {"address3": "", "zip_code": "BT4 3XX", "address1": "Parliment Bulidings", "address2": "Ballymiscaw Stormont", "city": "Stormont", "state": "BFS", "country": "GB"}, "name": "Stormont Building"}