{"id": "flight-centre-north-hobart-north-hobart", "rating": 0.0, "coordinates": {"longitude": 147.315155, "latitude": -42.8733597}, "is_claimed": false, "hours": [{"is_open_now": false, "open": [{"is_overnight": false, "day": 0, "end": "1730", "start": "0900"}, {"is_overnight": false, "day": 1, "end": "1730", "start": "0900"}, {"is_overnight": false, "day": 2, "end": "1730", "start": "0900"}, {"is_overnight": false, "day": 3, "end": "1730", "start": "0900"}, {"is_overnight": false, "day": 4, "end": "1730", "start": "0900"}, {"is_overnight": false, "day": 5, "end": "1600", "start": "0900"}], "hours_type": "REGULAR"}], "photos": [], "review_count": 0, "term": "hotels", "url": "https://www.yelp.com/biz/flight-centre-north-hobart-north-hobart?adjust_creative=92p07_JjKyriZTQxAXRiKQ&utm_campaign=yelp_api_v3&utm_medium=api_v3_business_lookup&utm_source=92p07_JjKyriZTQxAXRiKQ", "categories": [{"alias": "travelservices", "title": "Travel Services"}], "location": {"address3": null, "zip_code": "7000", "address1": "386 Elizabeth St", "state": "TAS", "city": "North Hobart", "address2": null, "country": "AU"}, "is_closed": false, "phone": "+611300810737", "image_url": "", "name": "Flight Centre North Hobart"}