{"id": "george-formby-statue-wigan", "rating": 2.0, "coordinates": {"longitude": -2.63071194291115, "latitude": 53.5467730400699}, "is_claimed": false, "photos": ["https://s3-media3.fl.yelpcdn.com/bphoto/aTCNTC-tHlznjczvxQh8Mg/o.jpg", "https://s3-media1.fl.yelpcdn.com/bphoto/4aqvYZhOXefRNtXQ3prPNg/o.jpg", "https://s3-media1.fl.yelpcdn.com/bphoto/JcNt_jbGPu4ibCs7QIOqmQ/o.jpg"], "review_count": 1, "term": "attractions", "url": "https://www.yelp.com/biz/george-formby-statue-wigan?adjust_creative=92p07_JjKyriZTQxAXRiKQ&utm_campaign=yelp_api_v3&utm_medium=api_v3_business_lookup&utm_source=92p07_JjKyriZTQxAXRiKQ", "categories": [{"alias": "publicart", "title": "Public Art"}], "location": {"address3": "", "zip_code": "WN1 1UP", "address1": "Grand Arcade Shopping Centre", "state": "XGM", "city": "Wigan", "address2": "23 Crompton Street", "country": "GB"}, "is_closed": false, "phone": "", "image_url": "https://s3-media1.fl.yelpcdn.com/bphoto/aTCNTC-tHlznjczvxQh8Mg/o.jpg", "name": "George Formby Statue"}