{"rating": 4.0, "url": "https://www.yelp.com/biz/citylife-hotel-auckland?adjust_creative=92p07_JjKyriZTQxAXRiKQ&utm_campaign=yelp_api_v3&utm_medium=api_v3_business_lookup&utm_source=92p07_JjKyriZTQxAXRiKQ", "image_url": "", "is_claimed": false, "review_count": 1, "phone": "", "hours": [{"is_open_now": true, "open": [{"is_overnight": false, "start": "0600", "day": 0, "end": "2300"}, {"is_overnight": false, "start": "0600", "day": 1, "end": "2300"}, {"is_overnight": false, "start": "0600", "day": 2, "end": "2300"}, {"is_overnight": false, "start": "0600", "day": 3, "end": "2300"}, {"is_overnight": false, "start": "0600", "day": 4, "end": "2300"}, {"is_overnight": false, "start": "0600", "day": 5, "end": "2300"}, {"is_overnight": false, "start": "0600", "day": 6, "end": "2300"}], "hours_type": "REGULAR"}], "term": "hotels", "location": {"city": "Auckland", "address3": null, "address1": "171 Queen Street", "address2": "CBD", "country": "NZ", "state": "WGN", "zip_code": "1010"}, "categories": [{"title": "Hotels", "alias": "hotels"}], "is_closed": false, "photos": [], "name": "Citylife Hotel", "coordinates": {"latitude": -36.8479691, "longitude": 174.7654114}, "id": "citylife-hotel-auckland"}