{"id": "marryatville-hotel-marryatville", "rating": 2.5, "coordinates": {"longitude": 138.6495667, "latitude": -34.9263611}, "is_claimed": false, "hours": [{"is_open_now": true, "open": [{"is_overnight": false, "day": 0, "start": "0830", "end": "2300"}, {"is_overnight": false, "day": 1, "start": "0830", "end": "2300"}, {"is_overnight": false, "day": 2, "start": "0830", "end": "2300"}, {"is_overnight": false, "day": 3, "start": "0830", "end": "0000"}, {"is_overnight": true, "day": 4, "start": "0900", "end": "0100"}, {"is_overnight": true, "day": 5, "start": "0900", "end": "0100"}, {"is_overnight": false, "day": 6, "start": "0900", "end": "2300"}], "hours_type": "REGULAR"}], "photos": ["https://s3-media2.fl.yelpcdn.com/bphoto/hq4ufQfsIal9lZv_Y6nd9w/o.jpg", "https://s3-media3.fl.yelpcdn.com/bphoto/cgRZTdfp5hxmKFA47Ol1vA/o.jpg", "https://s3-media2.fl.yelpcdn.com/bphoto/Co7MLTBp-QfdgwociCrWrQ/o.jpg"], "review_count": 7, "price": "$$", "term": "hotels", "url": "https://www.yelp.com/biz/marryatville-hotel-marryatville?adjust_creative=92p07_JjKyriZTQxAXRiKQ&utm_campaign=yelp_api_v3&utm_medium=api_v3_business_lookup&utm_source=92p07_JjKyriZTQxAXRiKQ", "categories": [{"title": "Pubs", "alias": "pubs"}, {"title": "Hotels", "alias": "hotels"}], "image_url": "https://s3-media2.fl.yelpcdn.com/bphoto/hq4ufQfsIal9lZv_Y6nd9w/o.jpg", "is_closed": false, "phone": "+61883332242", "location": {"address3": null, "zip_code": "5068", "address1": "239 Kensington Rd", "state": "SA", "city": "Marryatville", "address2": null, "country": "AU"}, "name": "Marryatville Hotel"}