{"id": "blue-planet-aquarium-ellesmere-port", "rating": 3.0, "coordinates": {"longitude": -2.8880799, "latitude": 53.2628288}, "is_claimed": false, "hours": [{"is_open_now": false, "open": [{"is_overnight": false, "day": 0, "start": "1000", "end": "1700"}, {"is_overnight": false, "day": 1, "start": "1000", "end": "1700"}, {"is_overnight": false, "day": 2, "start": "1000", "end": "1700"}, {"is_overnight": false, "day": 3, "start": "1000", "end": "1700"}, {"is_overnight": false, "day": 4, "start": "1000", "end": "1700"}, {"is_overnight": false, "day": 5, "start": "1000", "end": "1700"}, {"is_overnight": false, "day": 6, "start": "1000", "end": "1700"}], "hours_type": "REGULAR"}], "photos": ["https://s3-media1.fl.yelpcdn.com/bphoto/mTmVg9HDaSedX0EbkvzOEg/o.jpg", "https://s3-media4.fl.yelpcdn.com/bphoto/UoqeH22vMdI5oGYD6FJGfQ/o.jpg", "https://s3-media4.fl.yelpcdn.com/bphoto/K900DrGdyLOVxHsBaLlotA/o.jpg"], "review_count": 6, "term": "attractions", "url": "https://www.yelp.com/biz/blue-planet-aquarium-ellesmere-port?adjust_creative=92p07_JjKyriZTQxAXRiKQ&utm_campaign=yelp_api_v3&utm_medium=api_v3_business_lookup&utm_source=92p07_JjKyriZTQxAXRiKQ", "categories": [{"alias": "aquariums", "title": "Aquariums"}], "location": {"address3": "Cheshire", "zip_code": "CH65 9LF", "address1": "Kinsey Rd", "address2": "Chesire Oaks", "city": "Ellesmere Port", "state": "CHW", "country": "GB"}, "is_closed": false, "phone": "+441513578800", "image_url": "https://s3-media3.fl.yelpcdn.com/bphoto/mTmVg9HDaSedX0EbkvzOEg/o.jpg", "name": "Blue Planet Aquarium"}