{"photos": ["https://s3-media2.fl.yelpcdn.com/bphoto/91CjlVUxqnZSQHGNzZ5_5w/o.jpg", "https://s3-media4.fl.yelpcdn.com/bphoto/GHqU2uGj4V73I8OdcDsCHw/o.jpg", "https://s3-media1.fl.yelpcdn.com/bphoto/VhXueZnDuMzF11vZBUwVKA/o.jpg"], "is_closed": false, "location": {"zip_code": "6050", "address1": "564 Beaufort St", "address3": "", "country": "AU", "city": "Mount Lawley", "address2": "", "state": "WA"}, "price": "$$", "term": "restaurants", "is_claimed": false, "image_url": "https://s3-media1.fl.yelpcdn.com/bphoto/91CjlVUxqnZSQHGNzZ5_5w/o.jpg", "id": "dainty-dowager-mount-lawley", "hours": [{"is_open_now": false, "hours_type": "REGULAR", "open": [{"is_overnight": false, "day": 1, "end": "2200", "start": "1730"}, {"is_overnight": false, "day": 2, "end": "2200", "start": "1730"}, {"is_overnight": false, "day": 3, "end": "2200", "start": "1730"}, {"is_overnight": false, "day": 4, "end": "2230", "start": "1730"}, {"is_overnight": false, "day": 5, "end": "2230", "start": "1400"}, {"is_overnight": false, "day": 6, "end": "2200", "start": "1400"}]}], "categories": [{"title": "Asian Fusion", "alias": "asianfusion"}, {"title": "Gluten-Free", "alias": "gluten_free"}], "phone": "+61893289728", "rating": 4.5, "name": "Dainty Dowager", "url": "https://www.yelp.com/biz/dainty-dowager-mount-lawley?adjust_creative=92p07_JjKyriZTQxAXRiKQ&utm_campaign=yelp_api_v3&utm_medium=api_v3_business_lookup&utm_source=92p07_JjKyriZTQxAXRiKQ", "coordinates": {"latitude": -31.93715, "longitude": 115.87081}, "review_count": 26}