{"id": "port-sunlight-museum-and-garden-village-port-sunlight", "rating": 4.0, "coordinates": {"longitude": -2.9983366, "latitude": 53.3550148}, "is_claimed": false, "hours": [{"is_open_now": false, "open": [{"is_overnight": false, "day": 0, "start": "1000", "end": "1700"}, {"is_overnight": false, "day": 1, "start": "1000", "end": "1700"}, {"is_overnight": false, "day": 2, "start": "1000", "end": "1700"}, {"is_overnight": false, "day": 3, "start": "1000", "end": "1700"}, {"is_overnight": false, "day": 4, "start": "1000", "end": "1700"}, {"is_overnight": false, "day": 5, "start": "1000", "end": "1700"}, {"is_overnight": false, "day": 6, "start": "1000", "end": "1700"}], "hours_type": "REGULAR"}], "photos": ["https://s3-media2.fl.yelpcdn.com/bphoto/UQeM4h5C_CjUPrgPC0y5jw/o.jpg", "https://s3-media3.fl.yelpcdn.com/bphoto/mtBSknFOUqCDj7KXY4Ztiw/o.jpg", "https://s3-media1.fl.yelpcdn.com/bphoto/dWdf-SiiIHGIjP4vyF3itg/o.jpg"], "review_count": 6, "price": "\u00a3\u00a3", "term": "attractions", "url": "https://www.yelp.com/biz/port-sunlight-museum-and-garden-village-port-sunlight?adjust_creative=92p07_JjKyriZTQxAXRiKQ&utm_campaign=yelp_api_v3&utm_medium=api_v3_business_lookup&utm_source=92p07_JjKyriZTQxAXRiKQ", "categories": [{"alias": "museums", "title": "Museums"}], "location": {"address3": "", "zip_code": "CH62 5DX", "address1": "23 King George's Drive", "address2": "", "city": "Port Sunlight", "state": "XMS", "country": "GB"}, "is_closed": false, "phone": "+441516446466", "image_url": "https://s3-media1.fl.yelpcdn.com/bphoto/UQeM4h5C_CjUPrgPC0y5jw/o.jpg", "name": "Port Sunlight Museum & Garden Village"}