{"id": "armitage-sports-centre-fallowfield", "rating": 3.5, "coordinates": {"longitude": -2.21148467246676, "latitude": 53.4438910089713}, "is_claimed": false, "hours": [{"is_open_now": false, "open": [{"is_overnight": false, "day": 0, "start": "0800", "end": "2300"}, {"is_overnight": false, "day": 1, "start": "0800", "end": "2300"}, {"is_overnight": false, "day": 2, "start": "0800", "end": "2300"}, {"is_overnight": false, "day": 3, "start": "0800", "end": "2300"}, {"is_overnight": false, "day": 4, "start": "0800", "end": "2300"}, {"is_overnight": false, "day": 5, "start": "1000", "end": "2000"}, {"is_overnight": false, "day": 6, "start": "1000", "end": "2000"}], "hours_type": "REGULAR"}], "photos": ["https://s3-media2.fl.yelpcdn.com/bphoto/SlsWSi2vY3W6q0FhYnKq5Q/o.jpg", "https://s3-media1.fl.yelpcdn.com/bphoto/iNLC9xGpltLTXKLGTRRyyA/o.jpg", "https://s3-media1.fl.yelpcdn.com/bphoto/dqy6kdjr9ZcsO3l3zc0bdg/o.jpg"], "review_count": 11, "term": "attractions", "url": "https://www.yelp.com/biz/armitage-sports-centre-fallowfield?adjust_creative=92p07_JjKyriZTQxAXRiKQ&utm_campaign=yelp_api_v3&utm_medium=api_v3_business_lookup&utm_source=92p07_JjKyriZTQxAXRiKQ", "categories": [{"title": "Venues & Event Spaces", "alias": "venues"}, {"title": "Gyms", "alias": "gyms"}, {"title": "Sports Clubs", "alias": "sports_clubs"}], "image_url": "https://s3-media3.fl.yelpcdn.com/bphoto/SlsWSi2vY3W6q0FhYnKq5Q/o.jpg", "is_closed": false, "phone": "+441613069988", "location": {"address3": "", "zip_code": "M14 6HE", "address1": "Moseley Road", "state": "XGM", "city": "Fallowfield", "address2": "", "country": "GB"}, "name": "Armitage Sports Centre"}