{"is_closed": false, "photos": ["https://s3-media1.fl.yelpcdn.com/bphoto/1Hk4ZjuuQSXfFKGH6EFZvw/o.jpg", "https://s3-media2.fl.yelpcdn.com/bphoto/9g5bNFTlmndXZ1Mc3ooddw/o.jpg", "https://s3-media4.fl.yelpcdn.com/bphoto/wf9A0yFQs5hGF_U_DPTCgQ/o.jpg"], "location": {"zip_code": "6151", "address1": "273 Mill Point Rd", "address3": "", "address2": "", "city": "South Perth", "country": "AU", "state": "WA"}, "image_url": "https://s3-media1.fl.yelpcdn.com/bphoto/1Hk4ZjuuQSXfFKGH6EFZvw/o.jpg", "price": "$$", "term": "restaurants", "is_claimed": false, "phone": "+61893685500", "id": "ciao-italia-south-perth", "hours": [{"is_open_now": false, "hours_type": "REGULAR", "open": [{"is_overnight": false, "day": 1, "end": "2200", "start": "1700"}, {"is_overnight": false, "day": 2, "end": "2200", "start": "1700"}, {"is_overnight": false, "day": 3, "end": "2200", "start": "1700"}, {"is_overnight": false, "day": 4, "end": "2200", "start": "1700"}, {"is_overnight": false, "day": 5, "end": "2200", "start": "1700"}]}], "categories": [{"title": "Italian", "alias": "italian"}, {"title": "Fast Food", "alias": "hotdogs"}], "rating": 4.5, "name": "Ciao Italia", "url": "https://www.yelp.com/biz/ciao-italia-south-perth?adjust_creative=92p07_JjKyriZTQxAXRiKQ&utm_campaign=yelp_api_v3&utm_medium=api_v3_business_lookup&utm_source=92p07_JjKyriZTQxAXRiKQ", "coordinates": {"latitude": -31.97789, "longitude": 115.869}, "review_count": 37}