{"id": "fedoras-restaurant-hilton", "rating": 4.5, "coordinates": {"longitude": 138.5702972, "latitude": -34.9319687}, "is_claimed": true, "hours": [{"is_open_now": true, "open": [{"is_overnight": false, "day": 0, "start": "1200", "end": "1500"}, {"is_overnight": false, "day": 0, "start": "1800", "end": "2100"}, {"is_overnight": false, "day": 1, "start": "1200", "end": "1500"}, {"is_overnight": false, "day": 1, "start": "1800", "end": "2100"}, {"is_overnight": false, "day": 2, "start": "1200", "end": "1500"}, {"is_overnight": false, "day": 2, "start": "1800", "end": "2100"}, {"is_overnight": false, "day": 3, "start": "1200", "end": "1500"}, {"is_overnight": false, "day": 3, "start": "1800", "end": "2100"}, {"is_overnight": false, "day": 4, "start": "1200", "end": "1500"}, {"is_overnight": false, "day": 4, "start": "1800", "end": "2100"}, {"is_overnight": false, "day": 5, "start": "0800", "end": "1130"}, {"is_overnight": false, "day": 5, "start": "1800", "end": "2100"}, {"is_overnight": false, "day": 6, "start": "0800", "end": "1500"}, {"is_overnight": false, "day": 6, "start": "1800", "end": "2100"}], "hours_type": "REGULAR"}], "photos": ["https://s3-media1.fl.yelpcdn.com/bphoto/KZnBEMhE8X6ZhSwDt5UWpw/o.jpg", "https://s3-media2.fl.yelpcdn.com/bphoto/a9AfR9_FAsEG8J0VGzDTlg/o.jpg", "https://s3-media1.fl.yelpcdn.com/bphoto/Abd-IIesvgkc1xwiq4xEoQ/o.jpg"], "review_count": 5, "price": "$$", "term": "hotels", "url": "https://www.yelp.com/biz/fedoras-restaurant-hilton?adjust_creative=92p07_JjKyriZTQxAXRiKQ&utm_campaign=yelp_api_v3&utm_medium=api_v3_business_lookup&utm_source=92p07_JjKyriZTQxAXRiKQ", "categories": [{"alias": "australian", "title": "Australian"}, {"alias": "venues", "title": "Venues & Event Spaces"}], "location": {"address3": null, "zip_code": "5033", "address1": "Corner Of South Rd & Sir Donald Bradman Drv", "address2": null, "city": "Hilton", "state": "SA", "country": "AU"}, "is_closed": false, "phone": "+61882345249", "image_url": "https://s3-media3.fl.yelpcdn.com/bphoto/KZnBEMhE8X6ZhSwDt5UWpw/o.jpg", "name": "Fedora's Restaurant"}