{"rating": 3.0, "url": "https://www.yelp.com/biz/city-central-hotel-auckland-2?adjust_creative=92p07_JjKyriZTQxAXRiKQ&utm_campaign=yelp_api_v3&utm_medium=api_v3_business_lookup&utm_source=92p07_JjKyriZTQxAXRiKQ", "image_url": "", "coordinates": {"latitude": -36.8538208, "longitude": 174.7682343}, "review_count": 1, "phone": "+6493073388", "is_claimed": false, "term": "hotels", "location": {"city": "Auckland", "address3": null, "address1": "37 Wellesley St", "address2": null, "state": "CAN", "country": "NZ", "zip_code": "7564"}, "categories": [{"title": "Hotels", "alias": "hotels"}], "photos": [], "name": "City Central Hotel", "is_closed": false, "id": "city-central-hotel-auckland-2"}