{"id": "north-beach-north-beach", "rating": 5.0, "coordinates": {"longitude": 115.75371, "latitude": -31.86063}, "is_claimed": false, "photos": ["https://s3-media4.fl.yelpcdn.com/bphoto/MonYyb5VI72PEQ60eVUgiQ/o.jpg", "https://s3-media2.fl.yelpcdn.com/bphoto/5yJiROxq5B9Y8ea2okYmWA/o.jpg", "https://s3-media2.fl.yelpcdn.com/bphoto/EwmpyWQQlCr8ctZsgHemQA/o.jpg"], "review_count": 3, "term": "attractions", "url": "https://www.yelp.com/biz/north-beach-north-beach?adjust_creative=92p07_JjKyriZTQxAXRiKQ&utm_campaign=yelp_api_v3&utm_medium=api_v3_business_lookup&utm_source=92p07_JjKyriZTQxAXRiKQ", "categories": [{"title": "Fishing", "alias": "fishing"}, {"title": "Beaches", "alias": "beaches"}, {"title": "Local Flavor", "alias": "localflavor"}], "image_url": "https://s3-media1.fl.yelpcdn.com/bphoto/MonYyb5VI72PEQ60eVUgiQ/o.jpg", "is_closed": false, "phone": "", "location": {"address3": "", "zip_code": "6020", "address1": "1 North Beach Road", "address2": "", "city": "North Beach", "state": "WA", "country": "AU"}, "name": "North Beach"}