{"price": "\u00a3", "rating": 4.5, "coordinates": {"longitude": -2.3981354, "latitude": 53.6055911}, "is_claimed": false, "hours": [{"is_open_now": false, "open": [{"is_overnight": true, "day": 0, "end": "0030", "start": "1200"}, {"is_overnight": true, "day": 1, "end": "0030", "start": "1200"}, {"is_overnight": true, "day": 2, "end": "0030", "start": "1200"}, {"is_overnight": true, "day": 3, "end": "0030", "start": "1200"}, {"is_overnight": true, "day": 4, "end": "0030", "start": "1200"}, {"is_overnight": true, "day": 5, "end": "0130", "start": "1200"}, {"is_overnight": true, "day": 6, "end": "0130", "start": "1200"}], "hours_type": "REGULAR"}], "photos": ["https://s3-media4.fl.yelpcdn.com/bphoto/P0AXi9NiEg2wsMQ2y5GnJg/o.jpg", "https://s3-media3.fl.yelpcdn.com/bphoto/b81dC1-FGh9duw-_kSbqTw/o.jpg", "https://s3-media1.fl.yelpcdn.com/bphoto/oAQMWos8A26UqBZk2Tdd_w/o.jpg"], "review_count": 2, "id": "house-without-a-name-bolton", "term": "attractions", "url": "https://www.yelp.com/biz/house-without-a-name-bolton?adjust_creative=92p07_JjKyriZTQxAXRiKQ&utm_campaign=yelp_api_v3&utm_medium=api_v3_business_lookup&utm_source=92p07_JjKyriZTQxAXRiKQ", "categories": [{"alias": "pubs", "title": "Pubs"}, {"alias": "cafes", "title": "Cafes"}, {"alias": "musicvenues", "title": "Music Venues"}], "location": {"address3": null, "zip_code": "BL2 3ET", "address1": "75-77 Lee Gate", "state": "BOL", "city": "Bolton", "address2": "Bradshaw", "country": "GB"}, "is_closed": false, "phone": "", "image_url": "https://s3-media3.fl.yelpcdn.com/bphoto/P0AXi9NiEg2wsMQ2y5GnJg/o.jpg", "name": "House Without A Name"}