{"id": "canberra-international-airport-cbr-majura", "rating": 3.5, "coordinates": {"longitude": 149.190149265082, "latitude": -35.3075991131443}, "is_claimed": true, "photos": ["https://s3-media3.fl.yelpcdn.com/bphoto/joBZgdL_Z1nYSEUP_8cV9w/o.jpg", "https://s3-media3.fl.yelpcdn.com/bphoto/dahJBRW8UUthGhYsCJiiOw/o.jpg", "https://s3-media2.fl.yelpcdn.com/bphoto/xl-py8jA8q-QM9W04P191w/o.jpg"], "review_count": 12, "term": "hotels", "url": "https://www.yelp.com/biz/canberra-international-airport-cbr-majura?adjust_creative=92p07_JjKyriZTQxAXRiKQ&utm_campaign=yelp_api_v3&utm_medium=api_v3_business_lookup&utm_source=92p07_JjKyriZTQxAXRiKQ", "categories": [{"alias": "airports", "title": "Airports"}], "location": {"address3": "", "zip_code": "2609", "address1": "Brindabella Business Park", "state": "ACT", "city": "Majura", "address2": "2 Brindabella Circuit", "country": "AU"}, "is_closed": false, "phone": "+61262752222", "image_url": "https://s3-media3.fl.yelpcdn.com/bphoto/joBZgdL_Z1nYSEUP_8cV9w/o.jpg", "name": "Canberra International Airport - CBR"}