{"id": "jacksons-motor-inn-glen-osmond", "rating": 0.0, "coordinates": {"longitude": 138.642334, "latitude": -34.9605484}, "is_claimed": false, "photos": ["https://s3-media3.fl.yelpcdn.com/bphoto/MxdpmsA2UAuPYPhfd7gWgw/o.jpg"], "review_count": 0, "term": "attractions", "url": "https://www.yelp.com/biz/jacksons-motor-inn-glen-osmond?adjust_creative=92p07_JjKyriZTQxAXRiKQ&utm_campaign=yelp_api_v3&utm_medium=api_v3_business_lookup&utm_source=92p07_JjKyriZTQxAXRiKQ", "categories": [{"alias": "hotels", "title": "Hotels"}], "location": {"address3": null, "zip_code": "5064", "address1": "373 Glen Osmond Rd", "address2": null, "city": "Glen Osmond", "state": "SA", "country": "AU"}, "is_closed": false, "phone": "+61883791601", "image_url": "https://s3-media2.fl.yelpcdn.com/bphoto/MxdpmsA2UAuPYPhfd7gWgw/o.jpg", "name": "Jacksons Motor Inn"}