{"price": "$$", "rating": 4.0, "coordinates": {"longitude": 115.7422485, "latitude": -32.0580902}, "is_claimed": true, "hours": [{"is_open_now": true, "open": [{"is_overnight": false, "day": 0, "end": "0000", "start": "1100"}, {"is_overnight": false, "day": 1, "end": "0000", "start": "1100"}, {"is_overnight": false, "day": 2, "end": "0000", "start": "1100"}, {"is_overnight": false, "day": 3, "end": "0000", "start": "1100"}, {"is_overnight": false, "day": 4, "end": "0000", "start": "1100"}, {"is_overnight": false, "day": 5, "end": "0000", "start": "0800"}, {"is_overnight": false, "day": 6, "end": "0000", "start": "0800"}], "hours_type": "REGULAR"}], "photos": ["https://s3-media4.fl.yelpcdn.com/bphoto/zU3TKZR2QVX95Ii5G_M6Mg/o.jpg", "https://s3-media2.fl.yelpcdn.com/bphoto/SHMUgwXol_VP127wm97nqg/o.jpg", "https://s3-media4.fl.yelpcdn.com/bphoto/LJ3z7A3AV_eHAMEqaVFNKg/o.jpg"], "review_count": 45, "id": "bathers-beach-house-fremantle", "term": "attractions", "url": "https://www.yelp.com/biz/bathers-beach-house-fremantle?adjust_creative=92p07_JjKyriZTQxAXRiKQ&utm_campaign=yelp_api_v3&utm_medium=api_v3_business_lookup&utm_source=92p07_JjKyriZTQxAXRiKQ", "categories": [{"alias": "bars", "title": "Bars"}, {"alias": "australian", "title": "Australian"}, {"alias": "venues", "title": "Venues & Event Spaces"}], "location": {"address3": "", "zip_code": "6160", "address1": "47 Mews Rd", "state": "WA", "city": "Fremantle", "address2": "", "country": "AU"}, "is_closed": false, "phone": "+61893352911", "image_url": "https://s3-media1.fl.yelpcdn.com/bphoto/zU3TKZR2QVX95Ii5G_M6Mg/o.jpg", "name": "Bathers Beach House"}