{"photos": ["https://s3-media2.fl.yelpcdn.com/bphoto/hq5aDQMGpeCFC9AU5q30-A/o.jpg", "https://s3-media3.fl.yelpcdn.com/bphoto/Ep3q9Z6Mk23J1bIsTCo2Pg/o.jpg", "https://s3-media1.fl.yelpcdn.com/bphoto/eyS-j3Jms30RKFeJkd-2XQ/o.jpg"], "is_closed": false, "price": "$$$", "location": {"zip_code": "6006", "address1": "21 Angove St", "address3": "", "country": "AU", "state": "WA", "city": "North Perth", "address2": ""}, "image_url": "https://s3-media4.fl.yelpcdn.com/bphoto/hq5aDQMGpeCFC9AU5q30-A/o.jpg", "term": "restaurants", "is_claimed": false, "review_count": 14, "id": "chilli-orange-north-perth", "categories": [{"title": "Asian Fusion", "alias": "asianfusion"}], "phone": "+61892283814", "rating": 4.5, "name": "Chilli Orange", "url": "https://www.yelp.com/biz/chilli-orange-north-perth?adjust_creative=92p07_JjKyriZTQxAXRiKQ&utm_campaign=yelp_api_v3&utm_medium=api_v3_business_lookup&utm_source=92p07_JjKyriZTQxAXRiKQ", "coordinates": {"latitude": -31.9305046, "longitude": 115.8583692}}