{"id": "kinmel-bay-beach-rhyl", "rating": 4.0, "coordinates": {"longitude": -3.52348144683538, "latitude": 53.3124187151803}, "is_claimed": false, "photos": ["https://s3-media3.fl.yelpcdn.com/bphoto/sz-BFJ6_h86Kc_4Iw9tzMw/o.jpg"], "review_count": 2, "term": "attractions", "url": "https://www.yelp.com/biz/kinmel-bay-beach-rhyl?adjust_creative=92p07_JjKyriZTQxAXRiKQ&utm_campaign=yelp_api_v3&utm_medium=api_v3_business_lookup&utm_source=92p07_JjKyriZTQxAXRiKQ", "categories": [{"alias": "beaches", "title": "Beaches"}], "location": {"address3": null, "zip_code": "LL18 5NY", "address1": null, "address2": null, "city": "Rhyl", "state": "CWY", "country": "GB"}, "is_closed": false, "phone": "+441745337886", "image_url": "https://s3-media4.fl.yelpcdn.com/bphoto/sz-BFJ6_h86Kc_4Iw9tzMw/o.jpg", "name": "Kinmel Bay Beach"}