{"id": "event-cinemas-indooroopilly", "rating": 3.0, "coordinates": {"longitude": 152.972740104983, "latitude": -27.5009897027021}, "is_claimed": false, "hours": [{"is_open_now": true, "open": [{"is_overnight": false, "day": 0, "start": "0930", "end": "0000"}, {"is_overnight": false, "day": 1, "start": "0930", "end": "0000"}, {"is_overnight": false, "day": 2, "start": "0930", "end": "0000"}, {"is_overnight": false, "day": 3, "start": "0930", "end": "0000"}, {"is_overnight": false, "day": 4, "start": "0930", "end": "0000"}, {"is_overnight": false, "day": 5, "start": "0930", "end": "0000"}, {"is_overnight": false, "day": 6, "start": "0930", "end": "0000"}], "hours_type": "REGULAR"}], "photos": ["https://s3-media1.fl.yelpcdn.com/bphoto/SvebHIizc5MwrQ0CLdoArw/o.jpg", "https://s3-media2.fl.yelpcdn.com/bphoto/pouWI9-MgolAlK2GsKUIzw/o.jpg", "https://s3-media1.fl.yelpcdn.com/bphoto/Nm6mOYovMBr-o8u_Hd6v7A/o.jpg"], "review_count": 8, "term": "attractions", "url": "https://www.yelp.com/biz/event-cinemas-indooroopilly?adjust_creative=92p07_JjKyriZTQxAXRiKQ&utm_campaign=yelp_api_v3&utm_medium=api_v3_business_lookup&utm_source=92p07_JjKyriZTQxAXRiKQ", "categories": [{"title": "Cinema", "alias": "movietheaters"}], "image_url": "https://s3-media4.fl.yelpcdn.com/bphoto/SvebHIizc5MwrQ0CLdoArw/o.jpg", "is_closed": false, "phone": "+61738780000", "location": {"address3": "", "zip_code": "4068", "address1": "Level 4, Indooroopilly Shopping Centre", "state": "QLD", "city": "Indooroopilly", "address2": "322 Moggill Rd", "country": "AU"}, "name": "Event Cinemas"}