{"id": "cultra-manor-holywood", "rating": 5.0, "coordinates": {"longitude": -5.79686556011438, "latitude": 54.6521910219932}, "is_claimed": false, "photos": [], "review_count": 1, "term": "attractions", "url": "https://www.yelp.com/biz/cultra-manor-holywood?adjust_creative=92p07_JjKyriZTQxAXRiKQ&utm_campaign=yelp_api_v3&utm_medium=api_v3_business_lookup&utm_source=92p07_JjKyriZTQxAXRiKQ", "categories": [{"alias": "venues", "title": "Venues & Event Spaces"}], "location": {"address3": "", "zip_code": "BT18 0EY", "address1": "153 Bangor Road", "address2": "Cultra", "city": "Holywood", "state": "NDN", "country": "GB"}, "is_closed": false, "phone": "+448456080000", "image_url": "", "name": "Cultra Manor"}