{"price": "\u00a3", "rating": 4.5, "coordinates": {"longitude": -2.29022, "latitude": 53.4667699}, "is_claimed": false, "hours": [{"is_open_now": false, "open": [{"is_overnight": false, "day": 0, "start": "1000", "end": "1700"}, {"is_overnight": false, "day": 1, "start": "1000", "end": "1700"}, {"is_overnight": false, "day": 2, "start": "1000", "end": "1700"}, {"is_overnight": false, "day": 3, "start": "1000", "end": "1700"}, {"is_overnight": false, "day": 4, "start": "1000", "end": "1700"}, {"is_overnight": false, "day": 5, "start": "1000", "end": "1700"}, {"is_overnight": false, "day": 6, "start": "1000", "end": "1700"}], "hours_type": "REGULAR"}], "photos": ["https://s3-media2.fl.yelpcdn.com/bphoto/XyYZSrhp6Ah6etVZ7x_xeQ/o.jpg", "https://s3-media3.fl.yelpcdn.com/bphoto/CVdD_4EaW3Y9pAxRAHuXQg/o.jpg", "https://s3-media1.fl.yelpcdn.com/bphoto/tTmFSf37kF9YrlNddbq44g/o.jpg"], "review_count": 44, "id": "imperial-war-museum-north-trafford", "term": "attractions", "url": "https://www.yelp.com/biz/imperial-war-museum-north-trafford?adjust_creative=92p07_JjKyriZTQxAXRiKQ&utm_campaign=yelp_api_v3&utm_medium=api_v3_business_lookup&utm_source=92p07_JjKyriZTQxAXRiKQ", "categories": [{"alias": "museums", "title": "Museums"}], "location": {"address3": "", "zip_code": "M17 1TZ", "address1": "Trafford Wharf Road", "address2": "", "city": "Trafford", "state": "XGM", "country": "GB"}, "is_closed": false, "phone": "+441618364000", "image_url": "https://s3-media4.fl.yelpcdn.com/bphoto/XyYZSrhp6Ah6etVZ7x_xeQ/o.jpg", "name": "Imperial War Museum North"}