{"id": "customs-house-circular-quay", "rating": 4.5, "coordinates": {"longitude": 151.2108612, "latitude": -33.8622017}, "is_claimed": false, "hours": [{"is_open_now": true, "open": [{"is_overnight": false, "day": 0, "start": "0800", "end": "0000"}, {"is_overnight": false, "day": 1, "start": "0800", "end": "0000"}, {"is_overnight": false, "day": 2, "start": "0800", "end": "0000"}, {"is_overnight": false, "day": 3, "start": "0800", "end": "0000"}, {"is_overnight": false, "day": 4, "start": "0800", "end": "0000"}, {"is_overnight": false, "day": 5, "start": "1000", "end": "0000"}, {"is_overnight": false, "day": 6, "start": "1100", "end": "1700"}], "hours_type": "REGULAR"}], "photos": ["https://s3-media2.fl.yelpcdn.com/bphoto/dPuoTDuDzDRW9nrIkBtQyg/o.jpg", "https://s3-media1.fl.yelpcdn.com/bphoto/TT6SZHH2_WhTY4FN15it0g/o.jpg", "https://s3-media4.fl.yelpcdn.com/bphoto/6hFw2rH2UK4ASc0MJmU19A/o.jpg"], "review_count": 8, "term": "attractions", "url": "https://www.yelp.com/biz/customs-house-circular-quay?adjust_creative=92p07_JjKyriZTQxAXRiKQ&utm_campaign=yelp_api_v3&utm_medium=api_v3_business_lookup&utm_source=92p07_JjKyriZTQxAXRiKQ", "categories": [{"alias": "landmarks", "title": "Landmarks & Historical Buildings"}, {"alias": "libraries", "title": "Libraries"}], "location": {"address3": null, "zip_code": "2000", "address1": "31 Alfred St", "address2": null, "city": "Circular Quay", "state": "NSW", "country": "AU"}, "is_closed": false, "phone": "+61292659189", "image_url": "https://s3-media1.fl.yelpcdn.com/bphoto/dPuoTDuDzDRW9nrIkBtQyg/o.jpg", "name": "Customs House"}