{"id": "anz-stadium-sydney-olympic-park-2", "rating": 3.5, "coordinates": {"longitude": 151.0615599, "latitude": -33.8485}, "is_claimed": false, "hours": [{"is_open_now": true, "open": [{"is_overnight": false, "day": 0, "end": "1700", "start": "0900"}, {"is_overnight": false, "day": 1, "end": "1700", "start": "0900"}, {"is_overnight": false, "day": 2, "end": "1700", "start": "0900"}, {"is_overnight": false, "day": 3, "end": "1700", "start": "0900"}, {"is_overnight": false, "day": 4, "end": "1700", "start": "0900"}, {"is_overnight": false, "day": 5, "end": "2200", "start": "0900"}, {"is_overnight": false, "day": 6, "end": "2200", "start": "0900"}], "hours_type": "REGULAR"}], "photos": ["https://s3-media2.fl.yelpcdn.com/bphoto/nFdq24UjUR0K0fuxS5VHTQ/o.jpg", "https://s3-media1.fl.yelpcdn.com/bphoto/jWG3w83RMxa5-kDwXevw_g/o.jpg", "https://s3-media2.fl.yelpcdn.com/bphoto/l4EUICfp3l-iIZPA07BFdQ/o.jpg"], "review_count": 11, "term": "attractions", "url": "https://www.yelp.com/biz/anz-stadium-sydney-olympic-park-2?adjust_creative=92p07_JjKyriZTQxAXRiKQ&utm_campaign=yelp_api_v3&utm_medium=api_v3_business_lookup&utm_source=92p07_JjKyriZTQxAXRiKQ", "categories": [{"title": "Stadiums & Arenas", "alias": "stadiumsarenas"}], "location": {"address3": "", "zip_code": "2127", "address1": "Edwin Flack Ave", "address2": "", "city": "Sydney Olympic Park", "state": "NSW", "country": "AU"}, "is_closed": false, "phone": "+61287652000", "image_url": "https://s3-media3.fl.yelpcdn.com/bphoto/nFdq24UjUR0K0fuxS5VHTQ/o.jpg", "name": "ANZ Stadium"}