{"is_closed": false, "photos": ["https://s3-media3.fl.yelpcdn.com/bphoto/VO9f_zonE7OhHD__0IhvvQ/o.jpg", "https://s3-media1.fl.yelpcdn.com/bphoto/y5MY4RYC85u1FGej7sRXsQ/o.jpg", "https://s3-media4.fl.yelpcdn.com/bphoto/Z0g2v4GUxj8yFV9X1QGrLw/o.jpg"], "location": {"zip_code": "6003", "address1": "497 Beaufort St", "address3": "", "address2": "", "city": "Highgate", "country": "AU", "state": "WA"}, "image_url": "https://s3-media2.fl.yelpcdn.com/bphoto/VO9f_zonE7OhHD__0IhvvQ/o.jpg", "price": "$$$", "term": "restaurants", "is_claimed": false, "phone": "+61861623610", "id": "side-door-barbecue-highgate", "hours": [{"is_open_now": false, "hours_type": "REGULAR", "open": [{"is_overnight": false, "day": 0, "end": "2300", "start": "1730"}, {"is_overnight": false, "day": 1, "end": "2300", "start": "1730"}, {"is_overnight": false, "day": 2, "end": "2300", "start": "1730"}, {"is_overnight": false, "day": 3, "end": "2300", "start": "1100"}, {"is_overnight": false, "day": 4, "end": "2300", "start": "1100"}, {"is_overnight": false, "day": 5, "end": "2300", "start": "1100"}, {"is_overnight": false, "day": 6, "end": "2300", "start": "1100"}]}], "categories": [{"title": "American (Traditional)", "alias": "tradamerican"}, {"title": "Bars", "alias": "bars"}, {"title": "Breakfast & Brunch", "alias": "breakfast_brunch"}], "rating": 4.0, "name": "Side Door Barbecue", "url": "https://www.yelp.com/biz/side-door-barbecue-highgate?adjust_creative=92p07_JjKyriZTQxAXRiKQ&utm_campaign=yelp_api_v3&utm_medium=api_v3_business_lookup&utm_source=92p07_JjKyriZTQxAXRiKQ", "coordinates": {"latitude": -31.9385, "longitude": 115.86926}, "review_count": 29}