{"location": {"city": "Arcueil", "address2": "", "zip_code": "94110", "address3": "", "address1": "6 Avenue President Salvadore Allende", "country": "FR", "state": "94"}, "categories": [{"title": "Hotels", "alias": "hotels"}, {"title": "Venues & Event Spaces", "alias": "venues"}], "is_closed": false, "price": "\u20ac\u20ac", "url": "https://www.yelp.com/biz/courtyard-paris-arcueil-arcueil?adjust_creative=92p07_JjKyriZTQxAXRiKQ&utm_campaign=yelp_api_v3&utm_medium=api_v3_business_lookup&utm_source=92p07_JjKyriZTQxAXRiKQ", "id": "courtyard-paris-arcueil-arcueil", "phone": "+13377012121", "photos": ["https://s3-media2.fl.yelpcdn.com/bphoto/hC1eIC435ipRCw56jpx_0A/o.jpg", "https://s3-media2.fl.yelpcdn.com/bphoto/jwQizziocmDNYtpgECAOsg/o.jpg", "https://s3-media3.fl.yelpcdn.com/bphoto/1mREbv6ZkO0oK3QJRa7TrA/o.jpg"], "term": "attractions", "is_claimed": true, "rating": 3.5, "coordinates": {"latitude": 48.81019, "longitude": 2.328079}, "review_count": 7, "image_url": "https://s3-media4.fl.yelpcdn.com/bphoto/hC1eIC435ipRCw56jpx_0A/o.jpg", "hours": [{"hours_type": "REGULAR", "open": [{"end": "0000", "day": 0, "start": "0000", "is_overnight": false}, {"end": "0000", "day": 1, "start": "0000", "is_overnight": false}, {"end": "0000", "day": 2, "start": "0000", "is_overnight": false}, {"end": "0000", "day": 3, "start": "0000", "is_overnight": false}, {"end": "0000", "day": 4, "start": "0000", "is_overnight": false}, {"end": "0000", "day": 5, "start": "0000", "is_overnight": false}, {"end": "0000", "day": 6, "start": "0000", "is_overnight": false}], "is_open_now": true}], "name": "Courtyard Paris Arcueil"}