{"photos": ["https://s3-media3.fl.yelpcdn.com/bphoto/JjqlBEOGDFPZVF69kxX9fg/o.jpg", "https://s3-media3.fl.yelpcdn.com/bphoto/ZKU9QIxgDd308kjlnSr87Q/o.jpg", "https://s3-media2.fl.yelpcdn.com/bphoto/LDSIy2knXSBVZvwMyMHhvQ/o.jpg"], "is_closed": false, "price": "$$$", "location": {"zip_code": "6009", "address1": "3 Hackett Dr", "address3": "", "country": "AU", "state": "WA", "city": "Crawley", "address2": ""}, "image_url": "https://s3-media3.fl.yelpcdn.com/bphoto/JjqlBEOGDFPZVF69kxX9fg/o.jpg", "term": "restaurants", "is_claimed": true, "review_count": 21, "id": "matilda-bay-restaurant-bar-crawley-2", "hours": [{"is_open_now": false, "hours_type": "REGULAR", "open": [{"is_overnight": false, "day": 0, "end": "0000", "start": "1100"}, {"is_overnight": false, "day": 1, "end": "0000", "start": "1100"}, {"is_overnight": false, "day": 2, "end": "0000", "start": "1100"}, {"is_overnight": false, "day": 3, "end": "0000", "start": "1100"}, {"is_overnight": false, "day": 4, "end": "0000", "start": "1100"}, {"is_overnight": false, "day": 5, "end": "0000", "start": "1100"}, {"is_overnight": false, "day": 6, "end": "0000", "start": "1100"}]}], "categories": [{"title": "Seafood", "alias": "seafood"}, {"title": "Modern Australian", "alias": "modern_australian"}, {"title": "Venues & Event Spaces", "alias": "venues"}], "phone": "+61894235000", "rating": 4.5, "name": "Matilda Bay Restaurant + Bar", "url": "https://www.yelp.com/biz/matilda-bay-restaurant-bar-crawley-2?adjust_creative=92p07_JjKyriZTQxAXRiKQ&utm_campaign=yelp_api_v3&utm_medium=api_v3_business_lookup&utm_source=92p07_JjKyriZTQxAXRiKQ", "coordinates": {"latitude": -31.9843509633503, "longitude": 115.822616224755}}