{"id": "play-factore-manchester", "rating": 0.0, "coordinates": {"longitude": -2.274618, "latitude": 53.4747775}, "is_claimed": true, "hours": [{"is_open_now": false, "open": [{"is_overnight": false, "day": 0, "start": "1000", "end": "1830"}, {"is_overnight": false, "day": 1, "start": "1000", "end": "1830"}, {"is_overnight": false, "day": 2, "start": "1000", "end": "1830"}, {"is_overnight": false, "day": 3, "start": "1000", "end": "1830"}, {"is_overnight": false, "day": 4, "start": "1000", "end": "1830"}, {"is_overnight": false, "day": 5, "start": "1000", "end": "1830"}, {"is_overnight": false, "day": 6, "start": "1000", "end": "1830"}], "hours_type": "REGULAR"}], "photos": ["https://s3-media4.fl.yelpcdn.com/bphoto/fDQHa3C8FRp_D71RyYfkLw/o.jpg", "https://s3-media1.fl.yelpcdn.com/bphoto/ULdKJvQbRccw6skOllL0kA/o.jpg", "https://s3-media4.fl.yelpcdn.com/bphoto/aeCfwsMgOLNA8OxLs4BPbg/o.jpg"], "review_count": 0, "term": "attractions", "url": "https://www.yelp.com/biz/play-factore-manchester?adjust_creative=92p07_JjKyriZTQxAXRiKQ&utm_campaign=yelp_api_v3&utm_medium=api_v3_business_lookup&utm_source=92p07_JjKyriZTQxAXRiKQ", "categories": [{"alias": "recreation", "title": "Recreation Centers"}, {"alias": "playgrounds", "title": "Playgrounds"}, {"alias": "kids_activities", "title": "Kids Activities"}], "location": {"address3": "", "zip_code": "M41 7JA", "address1": "Trafford Way", "address2": "Trafford Quays", "city": "Manchester", "state": "ESS", "country": "GB"}, "is_closed": false, "phone": "+448448246030", "image_url": "https://s3-media2.fl.yelpcdn.com/bphoto/fDQHa3C8FRp_D71RyYfkLw/o.jpg", "name": "Play Factore"}