{"id": "swan-park-leisure-centre-midvale", "rating": 2.0, "coordinates": {"longitude": 116.0251389, "latitude": -31.8823299}, "is_claimed": false, "photos": ["https://s3-media4.fl.yelpcdn.com/bphoto/t12RhfNMRlIXyGRUniVFxA/o.jpg"], "review_count": 1, "term": "attractions", "url": "https://www.yelp.com/biz/swan-park-leisure-centre-midvale?adjust_creative=92p07_JjKyriZTQxAXRiKQ&utm_campaign=yelp_api_v3&utm_medium=api_v3_business_lookup&utm_source=92p07_JjKyriZTQxAXRiKQ", "categories": [{"title": "Recreation Centers", "alias": "recreation"}], "image_url": "https://s3-media1.fl.yelpcdn.com/bphoto/t12RhfNMRlIXyGRUniVFxA/o.jpg", "is_closed": false, "phone": "+6192502120", "location": {"address3": "", "zip_code": "6056", "address1": "Gray Dr", "state": "WA", "city": "Midvale", "address2": "", "country": "AU"}, "name": "Swan Park Leisure Centre"}