{"id": "appley-bridge-train-station-appley-bridge", "rating": 4.0, "coordinates": {"longitude": -2.71893382072449, "latitude": 53.5787862906969}, "is_claimed": false, "photos": ["https://s3-media2.fl.yelpcdn.com/bphoto/dj43SLvBMOYH1Yzmz3PMIQ/o.jpg", "https://s3-media4.fl.yelpcdn.com/bphoto/g0NnJRK13nrqqIcJlZf7dQ/o.jpg", "https://s3-media2.fl.yelpcdn.com/bphoto/bZW7pkpILWvf-UQw4SzxHA/o.jpg"], "review_count": 1, "term": "attractions", "url": "https://www.yelp.com/biz/appley-bridge-train-station-appley-bridge?adjust_creative=92p07_JjKyriZTQxAXRiKQ&utm_campaign=yelp_api_v3&utm_medium=api_v3_business_lookup&utm_source=92p07_JjKyriZTQxAXRiKQ", "categories": [{"title": "Train Stations", "alias": "trainstations"}], "image_url": "https://s3-media3.fl.yelpcdn.com/bphoto/dj43SLvBMOYH1Yzmz3PMIQ/o.jpg", "is_closed": false, "phone": "", "location": {"address3": "", "zip_code": "WN6 9AE", "address1": "Appley Lane North", "state": "XGM", "city": "Appley Bridge", "address2": "", "country": "GB"}, "name": "Appley Bridge Train Station"}