{"id": "quarry-bank-mill-wilmslow-2", "rating": 4.5, "coordinates": {"longitude": -2.24405, "latitude": 53.34499}, "is_claimed": false, "photos": ["https://s3-media2.fl.yelpcdn.com/bphoto/CkEYY4TWRV3igpco2mZZmw/o.jpg", "https://s3-media4.fl.yelpcdn.com/bphoto/R3zq2ns3ewve9ZLSC9mR4Q/o.jpg", "https://s3-media2.fl.yelpcdn.com/bphoto/4bjBXXpxLcL-X19C_n55tw/o.jpg"], "review_count": 17, "term": "attractions", "url": "https://www.yelp.com/biz/quarry-bank-mill-wilmslow-2?adjust_creative=92p07_JjKyriZTQxAXRiKQ&utm_campaign=yelp_api_v3&utm_medium=api_v3_business_lookup&utm_source=92p07_JjKyriZTQxAXRiKQ", "categories": [{"title": "Museums", "alias": "museums"}], "image_url": "https://s3-media1.fl.yelpcdn.com/bphoto/CkEYY4TWRV3igpco2mZZmw/o.jpg", "is_closed": false, "phone": "+441625527468", "location": {"address3": "Styal", "zip_code": "SK9 4LA", "address1": "Quarry Bank Mill", "state": "XGM", "city": "Wilmslow", "address2": "Quarry Bank Road", "country": "GB"}, "name": "Quarry Bank Mill"}