{"id": "gaslight-tavern-brompton", "rating": 0.0, "coordinates": {"longitude": 138.575307, "latitude": -34.901944}, "is_claimed": true, "hours": [{"is_open_now": true, "open": [{"is_overnight": false, "day": 0, "start": "1200", "end": "0000"}, {"is_overnight": false, "day": 1, "start": "1100", "end": "0000"}, {"is_overnight": false, "day": 2, "start": "1100", "end": "0000"}, {"is_overnight": true, "day": 3, "start": "1100", "end": "0200"}, {"is_overnight": true, "day": 4, "start": "1100", "end": "0200"}, {"is_overnight": true, "day": 5, "start": "1100", "end": "0200"}, {"is_overnight": false, "day": 6, "start": "1100", "end": "2200"}], "hours_type": "REGULAR"}], "photos": ["https://s3-media1.fl.yelpcdn.com/bphoto/ZdCsvgqPd0Euyh_IrGRzYQ/o.jpg", "https://s3-media3.fl.yelpcdn.com/bphoto/671VAiDYw9oXlKpG6mbeDw/o.jpg", "https://s3-media2.fl.yelpcdn.com/bphoto/hEtk37bYu6e7lfuyEIJBog/o.jpg"], "review_count": 0, "price": "$$", "term": "hotels", "url": "https://www.yelp.com/biz/gaslight-tavern-brompton?adjust_creative=92p07_JjKyriZTQxAXRiKQ&utm_campaign=yelp_api_v3&utm_medium=api_v3_business_lookup&utm_source=92p07_JjKyriZTQxAXRiKQ", "categories": [{"title": "Hotels", "alias": "hotels"}, {"title": "Music Venues", "alias": "musicvenues"}], "image_url": "https://s3-media1.fl.yelpcdn.com/bphoto/ZdCsvgqPd0Euyh_IrGRzYQ/o.jpg", "is_closed": false, "phone": "+61883463498", "location": {"address3": null, "zip_code": "5007", "address1": "36 Chief St", "state": "SA", "city": "Brompton", "address2": null, "country": "AU"}, "name": "Gaslight Tavern"}