{"id": "annies-yarralumla-yarralumla", "rating": 0.0, "coordinates": {"longitude": 149.0993652, "latitude": -35.3082199}, "is_claimed": false, "photos": [], "review_count": 0, "term": "hotels", "url": "https://www.yelp.com/biz/annies-yarralumla-yarralumla?adjust_creative=92p07_JjKyriZTQxAXRiKQ&utm_campaign=yelp_api_v3&utm_medium=api_v3_business_lookup&utm_source=92p07_JjKyriZTQxAXRiKQ", "categories": [{"alias": "bedbreakfast", "title": "Bed & Breakfast"}], "location": {"address3": null, "zip_code": "2600", "address1": "27 Mueller St", "address2": null, "city": "Yarralumla", "state": "ACT", "country": "AU"}, "is_closed": false, "phone": "+61261619681", "image_url": "", "name": "Annies @ Yarralumla"}