{"id": "hughes-takeaway-hughes", "rating": 4.0, "coordinates": {"longitude": 149.0939026, "latitude": -35.3332901}, "is_claimed": false, "photos": ["https://s3-media3.fl.yelpcdn.com/bphoto/2N7hlXwRcN7HI5DkeT-BXg/o.jpg"], "review_count": 1, "term": "restaurants", "url": "https://www.yelp.com/biz/hughes-takeaway-hughes?adjust_creative=92p07_JjKyriZTQxAXRiKQ&utm_campaign=yelp_api_v3&utm_medium=api_v3_business_lookup&utm_source=92p07_JjKyriZTQxAXRiKQ", "categories": [{"alias": "hotdogs", "title": "Fast Food"}], "location": {"address3": null, "zip_code": "2605", "address1": "38 Hughes Pl", "address2": null, "city": "Hughes", "state": "ACT", "country": "AU"}, "is_closed": false, "phone": "+61262813586", "image_url": "https://s3-media1.fl.yelpcdn.com/bphoto/2N7hlXwRcN7HI5DkeT-BXg/o.jpg", "name": "Hughes Takeaway"}