{"id": "mccallum-pool-cremorne-point", "rating": 5.0, "coordinates": {"longitude": 151.22655, "latitude": -33.83237}, "is_claimed": false, "photos": ["https://s3-media4.fl.yelpcdn.com/bphoto/xCj47p6SCO_-5CXnBbwIRA/o.jpg", "https://s3-media3.fl.yelpcdn.com/bphoto/ZkhhpOYjovwtb5kf60RvCg/o.jpg", "https://s3-media4.fl.yelpcdn.com/bphoto/R4Vc5mWZs4JaX8adnYi48w/o.jpg"], "review_count": 2, "term": "attractions", "url": "https://www.yelp.com/biz/mccallum-pool-cremorne-point?adjust_creative=92p07_JjKyriZTQxAXRiKQ&utm_campaign=yelp_api_v3&utm_medium=api_v3_business_lookup&utm_source=92p07_JjKyriZTQxAXRiKQ", "categories": [{"alias": "swimmingpools", "title": "Swimming Pools"}], "location": {"address3": "", "zip_code": "2090", "address1": "", "address2": "", "city": "Cremorne Point", "state": "NSW", "country": "AU"}, "is_closed": false, "phone": "", "image_url": "https://s3-media1.fl.yelpcdn.com/bphoto/xCj47p6SCO_-5CXnBbwIRA/o.jpg", "name": "McCallum Pool"}