{"id": "cuckooland-attractions-knutsford", "rating": 0.0, "coordinates": {"longitude": -2.42729, "latitude": 53.29036}, "is_claimed": false, "photos": [], "review_count": 0, "term": "attractions", "url": "https://www.yelp.com/biz/cuckooland-attractions-knutsford?adjust_creative=92p07_JjKyriZTQxAXRiKQ&utm_campaign=yelp_api_v3&utm_medium=api_v3_business_lookup&utm_source=92p07_JjKyriZTQxAXRiKQ", "categories": [{"title": "Museums", "alias": "museums"}], "image_url": "", "is_closed": false, "phone": "+441565633039", "location": {"address3": "Tabley", "zip_code": "WA16 0HL", "address1": "Chester Road", "state": "CHE", "city": "Knutsford", "address2": "", "country": "GB"}, "name": "Cuckooland Attractions"}