{"price": "\u00a3\u00a3\u00a3", "rating": 3.5, "coordinates": {"longitude": -4.25849212644316, "latitude": 55.8604163112251}, "is_claimed": true, "hours": [{"is_open_now": true, "open": [{"is_overnight": false, "day": 0, "end": "0000", "start": "0000"}, {"is_overnight": false, "day": 1, "end": "0000", "start": "0000"}, {"is_overnight": false, "day": 2, "end": "0000", "start": "0000"}, {"is_overnight": false, "day": 3, "end": "0000", "start": "0000"}, {"is_overnight": false, "day": 4, "end": "0000", "start": "0000"}, {"is_overnight": false, "day": 5, "end": "0000", "start": "0000"}, {"is_overnight": false, "day": 6, "end": "0000", "start": "0000"}], "hours_type": "REGULAR"}], "photos": ["https://s3-media1.fl.yelpcdn.com/bphoto/CwSImIXpne3l9rg_KLP2Pg/o.jpg", "https://s3-media1.fl.yelpcdn.com/bphoto/v8DYHbI7lFnVXkgbnTqmoA/o.jpg", "https://s3-media3.fl.yelpcdn.com/bphoto/fm0HSXa6qtsxb9HEqm16Mg/o.jpg"], "review_count": 15, "id": "grand-central-hotel-glasgow", "term": "attractions", "url": "https://www.yelp.com/biz/grand-central-hotel-glasgow?adjust_creative=92p07_JjKyriZTQxAXRiKQ&utm_campaign=yelp_api_v3&utm_medium=api_v3_business_lookup&utm_source=92p07_JjKyriZTQxAXRiKQ", "categories": [{"alias": "hotels", "title": "Hotels"}, {"alias": "venues", "title": "Venues & Event Spaces"}], "location": {"address3": "", "zip_code": "G1 3SF", "address1": "99 Gordon Street", "state": "ERW", "city": "Glasgow", "address2": "", "country": "GB"}, "is_closed": false, "phone": "+441412403700", "image_url": "https://s3-media4.fl.yelpcdn.com/bphoto/CwSImIXpne3l9rg_KLP2Pg/o.jpg", "name": "Grand Central Hotel"}