{"id": "highwire-entertainment-northcote", "rating": 4.0, "coordinates": {"longitude": 144.9460414, "latitude": -37.8149657}, "is_claimed": false, "photos": [], "review_count": 1, "term": "attractions", "url": "https://www.yelp.com/biz/highwire-entertainment-northcote?adjust_creative=92p07_JjKyriZTQxAXRiKQ&utm_campaign=yelp_api_v3&utm_medium=api_v3_business_lookup&utm_source=92p07_JjKyriZTQxAXRiKQ", "categories": [{"alias": "theater", "title": "Performing Arts"}], "location": {"address3": "", "zip_code": "3070", "address1": "", "address2": "", "city": "Northcote", "state": "VIC", "country": "AU"}, "is_closed": false, "phone": "+61407267239", "image_url": "", "name": "Highwire Entertainment"}