{"price": "$$$$", "rating": 4.0, "coordinates": {"longitude": 144.96062, "latitude": -37.83401}, "is_claimed": false, "hours": [{"is_open_now": true, "open": [{"is_overnight": false, "day": 0, "start": "1300", "end": "2330"}, {"is_overnight": false, "day": 1, "start": "1300", "end": "2330"}, {"is_overnight": false, "day": 2, "start": "1300", "end": "2330"}, {"is_overnight": false, "day": 3, "start": "1300", "end": "2330"}, {"is_overnight": false, "day": 4, "start": "1300", "end": "2330"}, {"is_overnight": false, "day": 5, "start": "1300", "end": "2330"}, {"is_overnight": false, "day": 6, "start": "1300", "end": "2330"}], "hours_type": "REGULAR"}], "photos": ["https://s3-media4.fl.yelpcdn.com/bphoto/Yre8Mcfx_abMLdW8eSzkzQ/o.jpg", "https://s3-media1.fl.yelpcdn.com/bphoto/wpHAVd8YyOAIFHmTdNCVtA/o.jpg", "https://s3-media2.fl.yelpcdn.com/bphoto/-V8vq-sIov5pQAbVyY3a4g/o.jpg"], "review_count": 22, "id": "colonial-tramcar-restaurant-south-melbourne-3", "term": "attractions", "url": "https://www.yelp.com/biz/colonial-tramcar-restaurant-south-melbourne-3?adjust_creative=92p07_JjKyriZTQxAXRiKQ&utm_campaign=yelp_api_v3&utm_medium=api_v3_business_lookup&utm_source=92p07_JjKyriZTQxAXRiKQ", "categories": [{"alias": "transport", "title": "Transportation"}, {"alias": "australian", "title": "Australian"}], "location": {"address3": null, "zip_code": "3205", "address1": "", "state": "VIC", "city": "South Melbourne", "address2": null, "country": "AU"}, "is_closed": false, "phone": "+61396954000", "image_url": "https://s3-media1.fl.yelpcdn.com/bphoto/Yre8Mcfx_abMLdW8eSzkzQ/o.jpg", "name": "Colonial Tramcar Restaurant"}