{"id": "canberra-walk-in-aviary-nicholls", "rating": 0.0, "coordinates": {"longitude": 149.0991669, "latitude": -35.1841812}, "is_claimed": false, "photos": [], "review_count": 0, "term": "hotels", "url": "https://www.yelp.com/biz/canberra-walk-in-aviary-nicholls?adjust_creative=92p07_JjKyriZTQxAXRiKQ&utm_campaign=yelp_api_v3&utm_medium=api_v3_business_lookup&utm_source=92p07_JjKyriZTQxAXRiKQ", "categories": [{"alias": "travelservices", "title": "Travel Services"}], "location": {"address3": null, "zip_code": "2913", "address1": "Unit 13, Federation Square O\u00d4\u00c7\u00d6Hanlon Pl", "address2": null, "city": "Nicholls", "state": "ACT", "country": "AU"}, "is_closed": false, "phone": "+61262577231", "image_url": "", "name": "Canberra Walk in Aviary"}