{"id": "east-coast-car-rentals-melbourne-airport-car-hire-tullamarine", "rating": 0.0, "coordinates": {"longitude": 144.8686829, "latitude": -37.7135887}, "is_claimed": false, "photos": ["https://s3-media3.fl.yelpcdn.com/bphoto/bfYQD3cIf_FRklgIvIwklQ/o.jpg", "https://s3-media3.fl.yelpcdn.com/bphoto/kk7nLmwSN_-eIS9fCN_0Jg/o.jpg", "https://s3-media3.fl.yelpcdn.com/bphoto/iByiNyGJSU1-M9LW1hFxfw/o.jpg"], "review_count": 0, "term": "attractions", "url": "https://www.yelp.com/biz/east-coast-car-rentals-melbourne-airport-car-hire-tullamarine?adjust_creative=92p07_JjKyriZTQxAXRiKQ&utm_campaign=yelp_api_v3&utm_medium=api_v3_business_lookup&utm_source=92p07_JjKyriZTQxAXRiKQ", "categories": [], "image_url": "https://s3-media4.fl.yelpcdn.com/bphoto/bfYQD3cIf_FRklgIvIwklQ/o.jpg", "is_closed": false, "phone": "+61755315828", "location": {"address3": null, "zip_code": "3043", "address1": "Bookings/Enquiries Surfers Paradise -", "address2": null, "city": "Tullamarine", "state": "VIC", "country": "AU"}, "name": "East Coast Car Rentals - Melbourne Airport Car Hire"}