{"id": "flush-partitions-sunshine-west", "rating": 0.0, "coordinates": {"longitude": 144.8142853, "latitude": -37.8046188}, "is_claimed": false, "photos": ["https://s3-media4.fl.yelpcdn.com/bphoto/d11APorLbjYcy4Y-L0wYLw/o.jpg"], "review_count": 0, "term": "attractions", "url": "https://www.yelp.com/biz/flush-partitions-sunshine-west?adjust_creative=92p07_JjKyriZTQxAXRiKQ&utm_campaign=yelp_api_v3&utm_medium=api_v3_business_lookup&utm_source=92p07_JjKyriZTQxAXRiKQ", "categories": [], "location": {"address3": null, "zip_code": "3020", "address1": "49 North View Drv", "address2": null, "city": "Sunshine West", "state": "VIC", "country": "AU"}, "is_closed": false, "phone": "+61393112339", "image_url": "https://s3-media3.fl.yelpcdn.com/bphoto/d11APorLbjYcy4Y-L0wYLw/o.jpg", "name": "Flush Partitions"}