{"id": "eaglehawk-holiday-park-sutton", "rating": 0.0, "coordinates": {"longitude": 149.2345886, "latitude": -35.1818695}, "is_claimed": false, "photos": [], "review_count": 0, "term": "hotels", "url": "https://www.yelp.com/biz/eaglehawk-holiday-park-sutton?adjust_creative=92p07_JjKyriZTQxAXRiKQ&utm_campaign=yelp_api_v3&utm_medium=api_v3_business_lookup&utm_source=92p07_JjKyriZTQxAXRiKQ", "categories": [{"alias": "hotels", "title": "Hotels"}], "location": {"address3": null, "zip_code": "2620", "address1": "1246 Federal Hwy", "address2": null, "city": "Sutton", "state": "ACT", "country": "AU"}, "is_closed": false, "phone": "+61262416411", "image_url": "", "name": "Eaglehawk Holiday Park"}