{"price": "\u00a3\u00a3\u00a3", "rating": 3.5, "coordinates": {"longitude": -2.64023, "latitude": 53.6834}, "is_claimed": true, "hours": [{"is_open_now": false, "open": [{"is_overnight": false, "end": "0000", "start": "0700", "day": 0}, {"is_overnight": false, "end": "0000", "start": "0700", "day": 1}, {"is_overnight": false, "end": "0000", "start": "0700", "day": 2}, {"is_overnight": false, "end": "0000", "start": "0700", "day": 3}, {"is_overnight": false, "end": "0000", "start": "0700", "day": 4}, {"is_overnight": true, "end": "0100", "start": "0800", "day": 5}, {"is_overnight": false, "end": "2300", "start": "0800", "day": 6}], "hours_type": "REGULAR"}], "photos": ["https://s3-media1.fl.yelpcdn.com/bphoto/k5Fn9xiUHHnqk6j0_S9UsA/o.jpg", "https://s3-media3.fl.yelpcdn.com/bphoto/HvQogzd3O3OP_Z6ZPPEaig/o.jpg", "https://s3-media4.fl.yelpcdn.com/bphoto/q3uXqOXWP_orM_Ad-FvJYw/o.jpg"], "review_count": 4, "id": "shaw-hill-hotel-golf-and-country-club-chorley", "term": "attractions", "url": "https://www.yelp.com/biz/shaw-hill-hotel-golf-and-country-club-chorley?adjust_creative=92p07_JjKyriZTQxAXRiKQ&utm_campaign=yelp_api_v3&utm_medium=api_v3_business_lookup&utm_source=92p07_JjKyriZTQxAXRiKQ", "categories": [{"title": "Hotels", "alias": "hotels"}, {"title": "Golf", "alias": "golf"}], "image_url": "https://s3-media2.fl.yelpcdn.com/bphoto/k5Fn9xiUHHnqk6j0_S9UsA/o.jpg", "is_closed": false, "phone": "+441257269221", "location": {"address3": null, "zip_code": "PR6 7PP", "address1": "Preston Road", "address2": "Whittle-le-Woods", "city": "Chorley", "state": "LAN", "country": "GB"}, "name": "Shaw Hill Hotel Golf & Country Club"}