{"id": "chatswood-rsl-chatswood-2", "rating": 3.5, "coordinates": {"longitude": 151.1819153, "latitude": -33.7962418}, "is_claimed": false, "hours": [{"is_open_now": true, "open": [{"is_overnight": false, "day": 0, "start": "1000", "end": "0000"}, {"is_overnight": false, "day": 1, "start": "1000", "end": "0000"}, {"is_overnight": false, "day": 2, "start": "1000", "end": "0000"}, {"is_overnight": true, "day": 3, "start": "1000", "end": "0300"}, {"is_overnight": true, "day": 4, "start": "1000", "end": "0300"}, {"is_overnight": true, "day": 5, "start": "1000", "end": "0300"}, {"is_overnight": true, "day": 6, "start": "1000", "end": "0300"}], "hours_type": "REGULAR"}], "photos": ["https://s3-media3.fl.yelpcdn.com/bphoto/1H1p-xMFW3c7a9WbtIAp3A/o.jpg", "https://s3-media3.fl.yelpcdn.com/bphoto/gpPyJ88M5SYFhj35emN6Zw/o.jpg", "https://s3-media3.fl.yelpcdn.com/bphoto/qVSRxdSvMa95963VEwx3bg/o.jpg"], "review_count": 3, "term": "attractions", "url": "https://www.yelp.com/biz/chatswood-rsl-chatswood-2?adjust_creative=92p07_JjKyriZTQxAXRiKQ&utm_campaign=yelp_api_v3&utm_medium=api_v3_business_lookup&utm_source=92p07_JjKyriZTQxAXRiKQ", "categories": [{"alias": "social_clubs", "title": "Social Clubs"}], "location": {"address3": null, "zip_code": "2067", "address1": "446 Victoria Ave", "address2": null, "city": "Chatswood", "state": "NSW", "country": "AU"}, "is_closed": false, "phone": "+61294197386", "image_url": "https://s3-media4.fl.yelpcdn.com/bphoto/1H1p-xMFW3c7a9WbtIAp3A/o.jpg", "name": "Chatswood RSL"}