{"id": "blue-planet-aquarium-ellesmere-port-2", "rating": 4.0, "coordinates": {"longitude": -2.887111, "latitude": 53.261667}, "is_claimed": false, "hours": [{"is_open_now": false, "open": [{"is_overnight": false, "day": 0, "start": "1000", "end": "1700"}, {"is_overnight": false, "day": 1, "start": "1000", "end": "1700"}, {"is_overnight": false, "day": 2, "start": "1000", "end": "1700"}, {"is_overnight": false, "day": 3, "start": "1000", "end": "1700"}, {"is_overnight": false, "day": 4, "start": "1000", "end": "1700"}, {"is_overnight": false, "day": 5, "start": "1000", "end": "1700"}, {"is_overnight": false, "day": 6, "start": "1000", "end": "1700"}], "hours_type": "REGULAR"}], "photos": ["https://s3-media1.fl.yelpcdn.com/bphoto/7AMMgzcntTrZ71oSVkPNDA/o.jpg", "https://s3-media1.fl.yelpcdn.com/bphoto/EmdipK5wouXjAC3_w63AQQ/o.jpg", "https://s3-media1.fl.yelpcdn.com/bphoto/G5sRJKfUuVBrNUfBH4VgBg/o.jpg"], "review_count": 21, "price": "\u00a3\u00a3\u00a3\u00a3", "term": "attractions", "url": "https://www.yelp.com/biz/blue-planet-aquarium-ellesmere-port-2?adjust_creative=92p07_JjKyriZTQxAXRiKQ&utm_campaign=yelp_api_v3&utm_medium=api_v3_business_lookup&utm_source=92p07_JjKyriZTQxAXRiKQ", "categories": [{"title": "Aquariums", "alias": "aquariums"}], "image_url": "https://s3-media3.fl.yelpcdn.com/bphoto/7AMMgzcntTrZ71oSVkPNDA/o.jpg", "is_closed": false, "phone": "+441513578800", "location": {"address3": null, "zip_code": "CH65 9LF", "address1": "Longlooms Road", "state": "CHE", "city": "Ellesmere Port", "address2": null, "country": "GB"}, "name": "Blue Planet Aquarium"}