{"location": {"city": "Ivry sur Seine", "address2": null, "zip_code": "94200", "address3": null, "address1": "5 rue Fran\u00e7ois Mitt\u00e9rrand", "country": "FR", "state": "94"}, "categories": [{"title": "Cinema", "alias": "movietheaters"}], "is_closed": false, "term": "attractions", "url": "https://www.yelp.com/biz/path%C3%A9-ivry-sur-seine?adjust_creative=92p07_JjKyriZTQxAXRiKQ&utm_campaign=yelp_api_v3&utm_medium=api_v3_business_lookup&utm_source=92p07_JjKyriZTQxAXRiKQ", "id": "path\u00e9-ivry-sur-seine", "phone": "", "photos": ["https://s3-media1.fl.yelpcdn.com/bphoto/x3H5rFhxE0OuRnxuEeSPtA/o.jpg", "https://s3-media1.fl.yelpcdn.com/bphoto/bOsp40sveaPcGommKEoMPg/o.jpg", "https://s3-media3.fl.yelpcdn.com/bphoto/uFhLlMB8Kg4SgMvMiIADyA/o.jpg"], "is_claimed": false, "rating": 4.0, "review_count": 23, "image_url": "https://s3-media1.fl.yelpcdn.com/bphoto/x3H5rFhxE0OuRnxuEeSPtA/o.jpg", "coordinates": {"latitude": 48.8242, "longitude": 2.38739}, "name": "Path\u00e9"}