{"price": "$$", "rating": 3.5, "coordinates": {"longitude": -122.1140594, "latitude": 37.4002244}, "is_claimed": true, "hours": [{"is_open_now": false, "open": [{"is_overnight": false, "end": "2100", "start": "1100", "day": 0}, {"is_overnight": false, "end": "2100", "start": "1100", "day": 1}, {"is_overnight": false, "end": "2100", "start": "1100", "day": 2}, {"is_overnight": false, "end": "2100", "start": "1100", "day": 3}, {"is_overnight": false, "end": "2130", "start": "1100", "day": 4}, {"is_overnight": false, "end": "2130", "start": "1100", "day": 5}, {"is_overnight": false, "end": "2100", "start": "1100", "day": 6}], "hours_type": "REGULAR"}], "photos": ["https://s3-media1.fl.yelpcdn.com/bphoto/aTt4kcpIZeQLhMHboreNSQ/o.jpg", "https://s3-media2.fl.yelpcdn.com/bphoto/OIYwcnPneNZLaGzP3x13Zw/o.jpg", "https://s3-media1.fl.yelpcdn.com/bphoto/gf6_1UlxmyQ1hM21KoG3Yg/o.jpg"], "review_count": 306, "id": "armadillo-willys-bbq-los-altos-3", "term": "attractions", "url": "https://www.yelp.com/biz/armadillo-willys-bbq-los-altos-3?adjust_creative=92p07_JjKyriZTQxAXRiKQ&utm_campaign=yelp_api_v3&utm_medium=api_v3_business_lookup&utm_source=92p07_JjKyriZTQxAXRiKQ", "categories": [{"title": "Barbeque", "alias": "bbq"}, {"title": "Burgers", "alias": "burgers"}, {"title": "Caterers", "alias": "catering"}], "image_url": "https://s3-media4.fl.yelpcdn.com/bphoto/aTt4kcpIZeQLhMHboreNSQ/o.jpg", "is_closed": false, "phone": "+16509412922", "location": {"address3": "", "zip_code": "94022", "address1": "1031 N San Antonio Rd", "address2": "", "city": "Los Altos", "state": "CA", "country": "US"}, "name": "Armadillo Willy's BBQ"}