{"id": "birch-corner-b-and-b-curtin", "rating": 0.0, "coordinates": {"longitude": 149.0836182, "latitude": -35.3288116}, "is_claimed": false, "photos": [], "review_count": 0, "term": "hotels", "url": "https://www.yelp.com/biz/birch-corner-b-and-b-curtin?adjust_creative=92p07_JjKyriZTQxAXRiKQ&utm_campaign=yelp_api_v3&utm_medium=api_v3_business_lookup&utm_source=92p07_JjKyriZTQxAXRiKQ", "categories": [{"title": "Bed & Breakfast", "alias": "bedbreakfast"}], "image_url": "", "is_closed": false, "phone": "+61262814421", "location": {"address3": null, "zip_code": "2605", "address1": "31 Parker St", "address2": null, "city": "Curtin", "state": "ACT", "country": "AU"}, "name": "Birch Corner B & B"}