{"id": "oulton-park-msv-tarporley", "rating": 4.0, "coordinates": {"longitude": -2.61684891534424, "latitude": 53.1784432797768}, "is_claimed": true, "hours": [{"is_open_now": false, "open": [{"is_overnight": false, "day": 0, "start": "0900", "end": "1800"}, {"is_overnight": false, "day": 1, "start": "0900", "end": "1800"}, {"is_overnight": false, "day": 2, "start": "0900", "end": "1800"}, {"is_overnight": false, "day": 3, "start": "0900", "end": "1800"}, {"is_overnight": false, "day": 4, "start": "0900", "end": "1800"}, {"is_overnight": false, "day": 5, "start": "0900", "end": "1800"}, {"is_overnight": false, "day": 6, "start": "0900", "end": "1800"}], "hours_type": "REGULAR"}], "photos": ["https://s3-media3.fl.yelpcdn.com/bphoto/1S22e62u_QFLs5gVVhJ9qQ/o.jpg", "https://s3-media1.fl.yelpcdn.com/bphoto/mVPeFrPgfXIzqw96SP42hQ/o.jpg", "https://s3-media4.fl.yelpcdn.com/bphoto/kxwFhVxAmAafQ0AvrORY7A/o.jpg"], "review_count": 1, "term": "attractions", "url": "https://www.yelp.com/biz/oulton-park-msv-tarporley?adjust_creative=92p07_JjKyriZTQxAXRiKQ&utm_campaign=yelp_api_v3&utm_medium=api_v3_business_lookup&utm_source=92p07_JjKyriZTQxAXRiKQ", "categories": [{"alias": "racetracks", "title": "Race Tracks"}], "location": {"address3": "", "zip_code": "CW6 9BW", "address1": "Oulton Park", "address2": "", "city": "Tarporley", "state": "CHW", "country": "GB"}, "is_closed": false, "phone": "+441829760301", "image_url": "https://s3-media1.fl.yelpcdn.com/bphoto/1S22e62u_QFLs5gVVhJ9qQ/o.jpg", "name": "Oulton Park MSV"}