{"id": "big-basin-redwoods-state-park-boulder-creek", "rating": 4.5, "coordinates": {"longitude": -122.2221916, "latitude": 37.1720834}, "is_claimed": false, "photos": ["https://s3-media3.fl.yelpcdn.com/bphoto/yyYCrdCNV1xtI5MSkzXV1Q/o.jpg", "https://s3-media2.fl.yelpcdn.com/bphoto/KMuTCH-dky617svYHs37OA/o.jpg", "https://s3-media3.fl.yelpcdn.com/bphoto/WAfKaPihx1PI1-594-mAvA/o.jpg"], "review_count": 506, "term": "attractions", "url": "https://www.yelp.com/biz/big-basin-redwoods-state-park-boulder-creek?adjust_creative=92p07_JjKyriZTQxAXRiKQ&utm_campaign=yelp_api_v3&utm_medium=api_v3_business_lookup&utm_source=92p07_JjKyriZTQxAXRiKQ", "categories": [{"alias": "parks", "title": "Parks"}, {"alias": "campgrounds", "title": "Campgrounds"}, {"alias": "hiking", "title": "Hiking"}], "location": {"address3": "", "zip_code": "95006", "address1": "21600 Big Basin Way", "address2": null, "city": "Boulder Creek", "state": "CA", "country": "US"}, "is_closed": false, "phone": "+18313388860", "image_url": "https://s3-media4.fl.yelpcdn.com/bphoto/yyYCrdCNV1xtI5MSkzXV1Q/o.jpg", "name": "Big Basin Redwoods State Park"}