{"id": "ness-botanic-gardens-neston", "rating": 4.0, "coordinates": {"longitude": -3.04749371855473, "latitude": 53.276018998894}, "is_claimed": false, "hours": [{"is_open_now": false, "open": [{"is_overnight": false, "end": "1700", "start": "1000", "day": 0}, {"is_overnight": false, "end": "1700", "start": "1000", "day": 1}, {"is_overnight": false, "end": "1700", "start": "1000", "day": 2}, {"is_overnight": false, "end": "1700", "start": "1000", "day": 3}, {"is_overnight": false, "end": "1700", "start": "1000", "day": 4}, {"is_overnight": false, "end": "1700", "start": "1000", "day": 5}], "hours_type": "REGULAR"}], "photos": ["https://s3-media2.fl.yelpcdn.com/bphoto/TGnD-hAvzAXkuFWdM7JwEw/o.jpg", "https://s3-media4.fl.yelpcdn.com/bphoto/N5YY8qn7IexE-nSCEfDXUg/o.jpg"], "review_count": 5, "term": "attractions", "url": "https://www.yelp.com/biz/ness-botanic-gardens-neston?adjust_creative=92p07_JjKyriZTQxAXRiKQ&utm_campaign=yelp_api_v3&utm_medium=api_v3_business_lookup&utm_source=92p07_JjKyriZTQxAXRiKQ", "categories": [{"title": "Botanical Gardens", "alias": "gardens"}], "image_url": "https://s3-media3.fl.yelpcdn.com/bphoto/TGnD-hAvzAXkuFWdM7JwEw/o.jpg", "is_closed": false, "phone": "+441517956300", "location": {"address3": "", "zip_code": "CH64 4AY", "address1": "Neston Road", "address2": "Ness", "city": "Neston", "state": "CHW", "country": "GB"}, "name": "Ness Botanic Gardens"}