{"rating": 5.0, "url": "https://www.yelp.com/biz/heartland-hotel-mangere?adjust_creative=92p07_JjKyriZTQxAXRiKQ&utm_campaign=yelp_api_v3&utm_medium=api_v3_business_lookup&utm_source=92p07_JjKyriZTQxAXRiKQ", "image_url": "https://s3-media3.fl.yelpcdn.com/bphoto/-UDBw-5Od63OlSoVu1xsvw/o.jpg", "is_closed": false, "review_count": 2, "phone": "+6492754540", "location": {"city": "Mangere", "zip_code": "2022", "address2": "", "address1": "14 Airpark Dr", "address3": "", "country": "NZ", "state": "AUK"}, "is_claimed": false, "price": "$$", "term": "hotels", "hours": [{"is_open_now": true, "open": [{"is_overnight": false, "start": "0700", "day": 0, "end": "2200"}, {"is_overnight": false, "start": "0700", "day": 1, "end": "2200"}, {"is_overnight": false, "start": "0700", "day": 2, "end": "2200"}, {"is_overnight": false, "start": "0700", "day": 3, "end": "2200"}, {"is_overnight": false, "start": "0700", "day": 4, "end": "2200"}, {"is_overnight": false, "start": "0700", "day": 5, "end": "2200"}, {"is_overnight": false, "start": "0700", "day": 6, "end": "2200"}], "hours_type": "REGULAR"}], "categories": [{"title": "Hotels", "alias": "hotels"}], "photos": ["https://s3-media1.fl.yelpcdn.com/bphoto/-UDBw-5Od63OlSoVu1xsvw/o.jpg", "https://s3-media2.fl.yelpcdn.com/bphoto/2BwwIagtyICwHElroXgu7g/o.jpg"], "name": "Heartland Hotel", "coordinates": {"latitude": -36.9839554, "longitude": 174.7841172}, "id": "heartland-hotel-mangere"}