{"is_closed": false, "photos": ["https://s3-media3.fl.yelpcdn.com/bphoto/6UqI-MtCZjs945W1n6S-jQ/o.jpg", "https://s3-media4.fl.yelpcdn.com/bphoto/7IQ89EKfZxEp8B8zTGP0hA/o.jpg", "https://s3-media1.fl.yelpcdn.com/bphoto/fUMzsHP0-LkGxQjqebD6sg/o.jpg"], "location": {"zip_code": "6100", "address1": "Great Eastern Hwy", "address3": null, "address2": null, "city": "Burswood", "country": "AU", "state": "WA"}, "image_url": "https://s3-media3.fl.yelpcdn.com/bphoto/6UqI-MtCZjs945W1n6S-jQ/o.jpg", "price": "$$$$", "term": "restaurants", "is_claimed": false, "rating": 4.5, "id": "nobu-burswood-2", "categories": [{"title": "Japanese", "alias": "japanese"}, {"title": "Seafood", "alias": "seafood"}], "phone": "+61893627551", "name": "Nobu", "url": "https://www.yelp.com/biz/nobu-burswood-2?adjust_creative=92p07_JjKyriZTQxAXRiKQ&utm_campaign=yelp_api_v3&utm_medium=api_v3_business_lookup&utm_source=92p07_JjKyriZTQxAXRiKQ", "coordinates": {"latitude": -31.9634609, "longitude": 115.896347}, "review_count": 39}