{"id": "fun-academy-vitry-sur-seine", "categories": [{"title": "Amusement Parks", "alias": "amusementparks"}], "is_closed": false, "term": "attractions", "url": "https://www.yelp.com/biz/fun-academy-vitry-sur-seine?adjust_creative=92p07_JjKyriZTQxAXRiKQ&utm_campaign=yelp_api_v3&utm_medium=api_v3_business_lookup&utm_source=92p07_JjKyriZTQxAXRiKQ", "location": {"state": "94", "address2": null, "zip_code": "94400", "country": "FR", "address1": "118 Avenue Leon Geffroy - ZI Les Ardoines", "address3": null, "city": "Vitry-Sur-Seine"}, "phone": "+33146823000", "photos": [], "is_claimed": false, "rating": 2.0, "review_count": 1, "image_url": "", "coordinates": {"latitude": 48.781801, "longitude": 2.407765}, "name": "Fun academy"}