{"id": "little-moreton-hall-congleton", "rating": 4.5, "coordinates": {"longitude": -2.25314685154066, "latitude": 53.1269484687873}, "is_claimed": false, "photos": ["https://s3-media1.fl.yelpcdn.com/bphoto/QX2ogFALuz6zorjfi_TJnA/o.jpg", "https://s3-media1.fl.yelpcdn.com/bphoto/ZNb8FAejto5I1aCxHAh5AQ/o.jpg", "https://s3-media3.fl.yelpcdn.com/bphoto/si8Ay1_7oUcEv2KBXJN_TQ/o.jpg"], "review_count": 7, "term": "attractions", "url": "https://www.yelp.com/biz/little-moreton-hall-congleton?adjust_creative=92p07_JjKyriZTQxAXRiKQ&utm_campaign=yelp_api_v3&utm_medium=api_v3_business_lookup&utm_source=92p07_JjKyriZTQxAXRiKQ", "categories": [{"alias": "arts", "title": "Arts & Entertainment"}], "location": {"address3": "", "zip_code": "CW12 4SD", "address1": "Congleton", "address2": "", "city": "Congleton", "state": "CHE", "country": "GB"}, "is_closed": false, "phone": "", "image_url": "https://s3-media2.fl.yelpcdn.com/bphoto/QX2ogFALuz6zorjfi_TJnA/o.jpg", "name": "Little Moreton Hall"}