{"id": "rose-of-australia-hotel-erskineville", "rating": 3.0, "coordinates": {"longitude": 151.18498, "latitude": -33.90009}, "is_claimed": false, "hours": [{"is_open_now": true, "open": [{"is_overnight": false, "day": 0, "end": "2300", "start": "1000"}, {"is_overnight": false, "day": 1, "end": "0000", "start": "1000"}, {"is_overnight": false, "day": 2, "end": "0000", "start": "1000"}, {"is_overnight": false, "day": 3, "end": "0000", "start": "1000"}, {"is_overnight": false, "day": 4, "end": "0000", "start": "1000"}, {"is_overnight": false, "day": 5, "end": "0000", "start": "1000"}, {"is_overnight": false, "day": 6, "end": "2200", "start": "1000"}], "hours_type": "REGULAR"}], "photos": ["https://s3-media4.fl.yelpcdn.com/bphoto/fiUElJnAj5vWVZY8FBYGNA/o.jpg", "https://s3-media3.fl.yelpcdn.com/bphoto/IRZkxVRXEhTufUHDDBk6HQ/o.jpg", "https://s3-media3.fl.yelpcdn.com/bphoto/6W6AqARP3kx73CFnyLsbKg/o.jpg"], "review_count": 11, "price": "$$", "term": "attractions", "url": "https://www.yelp.com/biz/rose-of-australia-hotel-erskineville?adjust_creative=92p07_JjKyriZTQxAXRiKQ&utm_campaign=yelp_api_v3&utm_medium=api_v3_business_lookup&utm_source=92p07_JjKyriZTQxAXRiKQ", "categories": [{"title": "Pubs", "alias": "pubs"}, {"title": "Bistros", "alias": "bistros"}, {"title": "Venues & Event Spaces", "alias": "venues"}], "location": {"address3": null, "zip_code": "2043", "address1": "1 Swanson St", "address2": null, "city": "Erskineville", "state": "NSW", "country": "AU"}, "is_closed": false, "phone": "+61295651441", "image_url": "https://s3-media3.fl.yelpcdn.com/bphoto/fiUElJnAj5vWVZY8FBYGNA/o.jpg", "name": "Rose of Australia Hotel"}