{"id": "capital-touring-services-pty-ltd-gowrie", "rating": 0.0, "coordinates": {"longitude": 149.10672, "latitude": -35.41258}, "is_claimed": false, "photos": ["https://s3-media1.fl.yelpcdn.com/bphoto/aD3TCBwm6Sw3dmcZRZpd0w/o.jpg", "https://s3-media3.fl.yelpcdn.com/bphoto/zAOcEGFoO9DCCHKzECFTHA/o.jpg"], "review_count": 0, "term": "hotels", "url": "https://www.yelp.com/biz/capital-touring-services-pty-ltd-gowrie?adjust_creative=92p07_JjKyriZTQxAXRiKQ&utm_campaign=yelp_api_v3&utm_medium=api_v3_business_lookup&utm_source=92p07_JjKyriZTQxAXRiKQ", "categories": [{"alias": "tours", "title": "Tours"}], "location": {"address3": null, "zip_code": "2904", "address1": "", "state": "ACT", "city": "Gowrie", "address2": null, "country": "AU"}, "is_closed": false, "phone": "+61418455099", "image_url": "https://s3-media2.fl.yelpcdn.com/bphoto/aD3TCBwm6Sw3dmcZRZpd0w/o.jpg", "name": "Capital Touring Services Pty Ltd"}