{"id": "courtyard-sydney-north-ryde-north-ryde", "rating": 4.0, "coordinates": {"longitude": 151.129605, "latitude": -33.7825684}, "is_claimed": true, "hours": [{"is_open_now": true, "open": [{"is_overnight": false, "day": 0, "start": "0000", "end": "0000"}, {"is_overnight": false, "day": 1, "start": "0000", "end": "0000"}, {"is_overnight": false, "day": 2, "start": "0000", "end": "0000"}, {"is_overnight": false, "day": 3, "start": "0000", "end": "0000"}, {"is_overnight": false, "day": 4, "start": "0000", "end": "0000"}, {"is_overnight": false, "day": 5, "start": "0000", "end": "0000"}, {"is_overnight": false, "day": 6, "start": "0000", "end": "0000"}], "hours_type": "REGULAR"}], "photos": ["https://s3-media3.fl.yelpcdn.com/bphoto/MunDi4wvkN3_F2P1_L1Fhg/o.jpg", "https://s3-media2.fl.yelpcdn.com/bphoto/l4KD18uXXdWhC6bKtgev-Q/o.jpg", "https://s3-media2.fl.yelpcdn.com/bphoto/VH8U7vW-a38eJ4j_MCbjmw/o.jpg"], "review_count": 2, "term": "attractions", "url": "https://www.yelp.com/biz/courtyard-sydney-north-ryde-north-ryde?adjust_creative=92p07_JjKyriZTQxAXRiKQ&utm_campaign=yelp_api_v3&utm_medium=api_v3_business_lookup&utm_source=92p07_JjKyriZTQxAXRiKQ", "categories": [{"alias": "hotels", "title": "Hotels"}, {"alias": "venues", "title": "Venues & Event Spaces"}], "location": {"address3": "", "zip_code": "2113", "address1": "7-11 Talavera Road", "address2": "", "city": "North Ryde", "state": "NSW", "country": "AU"}, "is_closed": false, "phone": "+61294919500", "image_url": "https://s3-media4.fl.yelpcdn.com/bphoto/MunDi4wvkN3_F2P1_L1Fhg/o.jpg", "name": "Courtyard Sydney-North Ryde"}