{"id": "hidden-villa-los-altos-hills", "rating": 4.0, "coordinates": {"longitude": -122.160774730146, "latitude": 37.3514593560854}, "is_claimed": true, "hours": [{"is_open_now": false, "open": [{"is_overnight": false, "day": 1, "start": "0900", "end": "1700"}, {"is_overnight": false, "day": 2, "start": "0900", "end": "1700"}, {"is_overnight": false, "day": 3, "start": "0900", "end": "1700"}, {"is_overnight": false, "day": 4, "start": "0900", "end": "1700"}, {"is_overnight": false, "day": 5, "start": "0900", "end": "1700"}, {"is_overnight": false, "day": 6, "start": "0900", "end": "1700"}], "hours_type": "REGULAR"}], "photos": ["https://s3-media3.fl.yelpcdn.com/bphoto/nacwoVCgNt87ZAlnRSykhg/o.jpg", "https://s3-media4.fl.yelpcdn.com/bphoto/wbzjU_DY6ni-IkDJaR12Qg/o.jpg", "https://s3-media2.fl.yelpcdn.com/bphoto/flsRP6CO-KxJ_v8-amZTnQ/o.jpg"], "review_count": 107, "price": "$", "term": "attractions", "url": "https://www.yelp.com/biz/hidden-villa-los-altos-hills?adjust_creative=92p07_JjKyriZTQxAXRiKQ&utm_campaign=yelp_api_v3&utm_medium=api_v3_business_lookup&utm_source=92p07_JjKyriZTQxAXRiKQ", "categories": [{"alias": "campgrounds", "title": "Campgrounds"}], "location": {"address3": "", "zip_code": "94022", "address1": "26870 Moody Rd", "address2": "", "city": "Los Altos Hills", "state": "CA", "country": "US"}, "is_closed": false, "phone": "+16509498641", "image_url": "https://s3-media3.fl.yelpcdn.com/bphoto/nacwoVCgNt87ZAlnRSykhg/o.jpg", "name": "Hidden Villa"}