{"id": "expedition-america-rancho-dominguez-3", "rating": 3.0, "coordinates": {"longitude": -118.2087491, "latitude": 34.0019558}, "is_claimed": true, "hours": [{"is_open_now": false, "open": [{"is_overnight": false, "day": 0, "start": "0900", "end": "1800"}, {"is_overnight": false, "day": 1, "start": "0900", "end": "1800"}, {"is_overnight": false, "day": 2, "start": "0900", "end": "1800"}, {"is_overnight": false, "day": 3, "start": "0900", "end": "1800"}, {"is_overnight": false, "day": 4, "start": "0900", "end": "1800"}, {"is_overnight": false, "day": 5, "start": "0900", "end": "1800"}, {"is_overnight": false, "day": 6, "start": "0900", "end": "1800"}], "hours_type": "REGULAR"}], "photos": ["https://s3-media4.fl.yelpcdn.com/bphoto/vLhyeL5ZOLx_9zqh6R2GXA/o.jpg", "https://s3-media3.fl.yelpcdn.com/bphoto/cQjXY_mMbPVmINBjaHB7Ag/o.jpg", "https://s3-media1.fl.yelpcdn.com/bphoto/wc7he7_e5nIZXCc9sJVS7Q/o.jpg"], "review_count": 9, "term": "attractions", "url": "https://www.yelp.com/biz/expedition-america-rancho-dominguez-3?adjust_creative=92p07_JjKyriZTQxAXRiKQ&utm_campaign=yelp_api_v3&utm_medium=api_v3_business_lookup&utm_source=92p07_JjKyriZTQxAXRiKQ", "categories": [{"alias": "tours", "title": "Tours"}], "location": {"address3": "", "zip_code": "90220", "address1": "19645 S Rancho Way", "address2": null, "city": "Rancho Dominguez", "state": "CA", "country": "US"}, "is_closed": false, "phone": "+18776118687", "image_url": "https://s3-media4.fl.yelpcdn.com/bphoto/vLhyeL5ZOLx_9zqh6R2GXA/o.jpg", "name": "Expedition America"}