{"is_closed": false, "photos": ["https://s3-media1.fl.yelpcdn.com/bphoto/2DRIuQvnRgspyQroiWrb9A/o.jpg", "https://s3-media1.fl.yelpcdn.com/bphoto/wjkmPGGam-fBDfsnDl9AYQ/o.jpg", "https://s3-media1.fl.yelpcdn.com/bphoto/TQLZbAgUZrnGjGoNbdbpuQ/o.jpg"], "review_count": 13, "price": "$$", "term": "restaurants", "is_claimed": false, "image_url": "https://s3-media1.fl.yelpcdn.com/bphoto/2DRIuQvnRgspyQroiWrb9A/o.jpg", "id": "porkies-barbque-bayswater", "hours": [{"is_open_now": false, "hours_type": "REGULAR", "open": [{"is_overnight": false, "start": "1130", "end": "1430", "day": 2}, {"is_overnight": false, "start": "1730", "end": "2030", "day": 2}, {"is_overnight": false, "start": "1130", "end": "1430", "day": 3}, {"is_overnight": false, "start": "1730", "end": "2030", "day": 3}, {"is_overnight": false, "start": "1130", "end": "1430", "day": 4}, {"is_overnight": false, "start": "1730", "end": "2030", "day": 4}, {"is_overnight": false, "start": "1130", "end": "1430", "day": 5}, {"is_overnight": false, "start": "1730", "end": "2030", "day": 5}, {"is_overnight": false, "start": "1130", "end": "1430", "day": 6}, {"is_overnight": false, "start": "1730", "end": "2030", "day": 6}]}], "location": {"zip_code": "6053", "address1": "208 Railway Pde", "address3": "", "address2": "", "city": "Bayswater", "country": "AU", "state": "WA"}, "categories": [{"title": "American (Traditional)", "alias": "tradamerican"}], "phone": "+61450104577", "rating": 3.5, "name": "Porkies Barbque", "url": "https://www.yelp.com/biz/porkies-barbque-bayswater?adjust_creative=92p07_JjKyriZTQxAXRiKQ&utm_campaign=yelp_api_v3&utm_medium=api_v3_business_lookup&utm_source=92p07_JjKyriZTQxAXRiKQ", "coordinates": {"latitude": -31.92158, "longitude": 115.90071}}