{"id": "clayton-bowls-club-inc-clayton", "rating": 5.0, "coordinates": {"longitude": 145.111153, "latitude": -37.932182}, "is_claimed": false, "photos": [], "review_count": 1, "term": "attractions", "url": "https://www.yelp.com/biz/clayton-bowls-club-inc-clayton?adjust_creative=92p07_JjKyriZTQxAXRiKQ&utm_campaign=yelp_api_v3&utm_medium=api_v3_business_lookup&utm_source=92p07_JjKyriZTQxAXRiKQ", "categories": [{"title": "Bowling", "alias": "bowling"}], "image_url": "", "is_closed": false, "phone": "+61395449929", "location": {"address3": null, "zip_code": "3168", "address1": "37A Springs Rd", "state": "VIC", "city": "Clayton", "address2": null, "country": "AU"}, "name": "Clayton Bowls Club Inc"}