{"location": {"address2": "", "country": "NZ", "zip_code": "1011", "state": "AUK", "address3": "", "address1": "134b Ponsonby Rd", "city": "Ponsonby"}, "term": "attractions", "url": "https://www.yelp.com/biz/golden-dawn-ponsonby?adjust_creative=92p07_JjKyriZTQxAXRiKQ&utm_campaign=yelp_api_v3&utm_medium=api_v3_business_lookup&utm_source=92p07_JjKyriZTQxAXRiKQ", "coordinates": {"latitude": -36.8565035, "longitude": 174.7468307}, "id": "golden-dawn-ponsonby", "name": "Golden Dawn", "rating": 4.0, "photos": ["https://s3-media3.fl.yelpcdn.com/bphoto/H59-cGhPtQcCy0pvvIDKcQ/o.jpg", "https://s3-media2.fl.yelpcdn.com/bphoto/eMF4eTHKfn6t12qsw7mKKQ/o.jpg", "https://s3-media2.fl.yelpcdn.com/bphoto/QK-vbAr9rEGOAEMIojS5wQ/o.jpg"], "categories": [{"alias": "divebars", "title": "Dive Bars"}, {"alias": "musicvenues", "title": "Music Venues"}, {"alias": "tapasmallplates", "title": "Tapas/Small Plates"}], "is_claimed": true, "is_closed": false, "price": "$$", "image_url": "https://s3-media2.fl.yelpcdn.com/bphoto/H59-cGhPtQcCy0pvvIDKcQ/o.jpg", "hours": [{"hours_type": "REGULAR", "open": [{"end": "0000", "start": "1600", "day": 1, "is_overnight": false}, {"end": "0000", "start": "1600", "day": 2, "is_overnight": false}, {"end": "0000", "start": "1600", "day": 3, "is_overnight": false}, {"end": "0100", "start": "1500", "day": 4, "is_overnight": true}, {"end": "0100", "start": "1500", "day": 5, "is_overnight": true}, {"end": "0000", "start": "1500", "day": 6, "is_overnight": false}], "is_open_now": true}], "review_count": 26, "phone": "+6493769929"}