{"id": "chocolate-attraction-wangara", "rating": 0.0, "coordinates": {"longitude": 115.824266, "latitude": -31.786785}, "is_claimed": true, "hours": [{"is_open_now": false, "open": [{"is_overnight": false, "day": 0, "end": "1700", "start": "0830"}, {"is_overnight": false, "day": 1, "end": "1700", "start": "0830"}, {"is_overnight": false, "day": 2, "end": "1700", "start": "0830"}, {"is_overnight": false, "day": 3, "end": "1700", "start": "0830"}, {"is_overnight": false, "day": 4, "end": "1700", "start": "0830"}, {"is_overnight": false, "day": 5, "end": "1200", "start": "0830"}], "hours_type": "REGULAR"}], "photos": ["https://s3-media2.fl.yelpcdn.com/bphoto/S1uPrj_vsJ-tqsvay94z8Q/o.jpg", "https://s3-media1.fl.yelpcdn.com/bphoto/dkMjCJ49JOwfkY5ip55HJg/o.jpg", "https://s3-media2.fl.yelpcdn.com/bphoto/mcceAJkflYygIw__-O_8xg/o.jpg"], "review_count": 0, "term": "attractions", "url": "https://www.yelp.com/biz/chocolate-attraction-wangara?adjust_creative=92p07_JjKyriZTQxAXRiKQ&utm_campaign=yelp_api_v3&utm_medium=api_v3_business_lookup&utm_source=92p07_JjKyriZTQxAXRiKQ", "categories": [{"alias": "partysupplies", "title": "Party Supplies"}, {"alias": "partyequipmentrentals", "title": "Party Equipment Rentals"}], "location": {"address3": null, "zip_code": "6065", "address1": "Unit 2", "state": "WA", "city": "Wangara", "address2": "61 Buckingham Dr", "country": "AU"}, "is_closed": false, "phone": "+61892464601", "image_url": "https://s3-media1.fl.yelpcdn.com/bphoto/S1uPrj_vsJ-tqsvay94z8Q/o.jpg", "name": "Chocolate Attraction"}