{"id": "breval-crescent-park-west-dunbartonshire", "rating": 4.0, "coordinates": {"longitude": -4.4124, "latitude": 55.92835}, "is_claimed": false, "photos": [], "review_count": 2, "term": "attractions", "url": "https://www.yelp.com/biz/breval-crescent-park-west-dunbartonshire?adjust_creative=92p07_JjKyriZTQxAXRiKQ&utm_campaign=yelp_api_v3&utm_medium=api_v3_business_lookup&utm_source=92p07_JjKyriZTQxAXRiKQ", "categories": [{"title": "Parks", "alias": "parks"}, {"title": "Local Flavor", "alias": "localflavor"}], "image_url": "", "is_closed": false, "phone": "", "location": {"address3": "", "zip_code": "G81 6NZ", "address1": "Breval Crescent", "state": "WDU", "city": "West Dunbartonshire", "address2": "Duntocher", "country": "GB"}, "name": "Breval Crescent Park"}