{"rating": 0.0, "url": "https://www.yelp.com/biz/anzac-court-motel-auckland?adjust_creative=92p07_JjKyriZTQxAXRiKQ&utm_campaign=yelp_api_v3&utm_medium=api_v3_business_lookup&utm_source=92p07_JjKyriZTQxAXRiKQ", "image_url": "", "coordinates": {"latitude": -36.7888107, "longitude": 174.7668152}, "review_count": 0, "phone": "+6494894315", "is_claimed": false, "price": "$$", "term": "hotels", "location": {"city": "Auckland", "address3": null, "address1": "43 Anzac St", "address2": null, "state": "MWT", "country": "NZ", "zip_code": "4886"}, "categories": [{"title": "Hotels", "alias": "hotels"}], "photos": [], "name": "Anzac Court Motel", "is_closed": false, "id": "anzac-court-motel-auckland"}