{"id": "copper-city-caravan-park-riverside-centre", "rating": 0.0, "coordinates": {"longitude": 142.2219849, "latitude": -36.7460098}, "is_claimed": false, "photos": [], "review_count": 0, "term": "hotels", "url": "https://www.yelp.com/biz/copper-city-caravan-park-riverside-centre?adjust_creative=92p07_JjKyriZTQxAXRiKQ&utm_campaign=yelp_api_v3&utm_medium=api_v3_business_lookup&utm_source=92p07_JjKyriZTQxAXRiKQ", "categories": [{"alias": "hotelstravel", "title": "Hotels & Travel"}], "location": {"address3": null, "zip_code": "4001", "address1": "195 Little West St", "state": "QLD", "city": "Riverside Centre", "address2": null, "country": "AU"}, "is_closed": false, "phone": "+61747436007", "image_url": "", "name": "Copper City Caravan Park"}