{"price": "\u00a3\u00a3", "rating": 4.0, "coordinates": {"longitude": -0.235991477966309, "latitude": 51.4772133962321}, "is_claimed": true, "hours": [{"is_open_now": false, "open": [{"is_overnight": false, "end": "1700", "start": "0930", "day": 0}, {"is_overnight": false, "end": "1700", "start": "0930", "day": 1}, {"is_overnight": false, "end": "1700", "start": "0930", "day": 2}, {"is_overnight": false, "end": "1700", "start": "0930", "day": 3}, {"is_overnight": false, "end": "1700", "start": "0930", "day": 4}, {"is_overnight": false, "end": "1700", "start": "0930", "day": 5}, {"is_overnight": false, "end": "1700", "start": "0930", "day": 6}], "hours_type": "REGULAR"}], "photos": ["https://s3-media2.fl.yelpcdn.com/bphoto/PYrJ8HAnIaYU8dxaXjCpZw/o.jpg", "https://s3-media3.fl.yelpcdn.com/bphoto/gbQJlNtlWi0Vk5b59kvfgQ/o.jpg", "https://s3-media2.fl.yelpcdn.com/bphoto/OD8UC2b8YIcykToH9zuF9Q/o.jpg"], "review_count": 17, "id": "london-wetland-centre-barnes-3", "term": "attractions", "url": "https://www.yelp.com/biz/london-wetland-centre-barnes-3?adjust_creative=92p07_JjKyriZTQxAXRiKQ&utm_campaign=yelp_api_v3&utm_medium=api_v3_business_lookup&utm_source=92p07_JjKyriZTQxAXRiKQ", "categories": [{"title": "Botanical Gardens", "alias": "gardens"}], "image_url": "https://s3-media4.fl.yelpcdn.com/bphoto/PYrJ8HAnIaYU8dxaXjCpZw/o.jpg", "is_closed": false, "phone": "+442084094400", "location": {"address3": "", "zip_code": "SW13 9WT", "address1": "Queen Elizabeth's Walk", "address2": "", "city": "Barnes", "state": "XGL", "country": "GB"}, "name": "London Wetland Centre"}