{"price": "$$", "rating": 4.5, "coordinates": {"longitude": 115.83758, "latitude": -31.92041}, "is_claimed": false, "hours": [{"is_open_now": false, "open": [{"is_overnight": false, "day": 0, "end": "1600", "start": "0930"}, {"is_overnight": false, "day": 1, "end": "1600", "start": "0930"}, {"is_overnight": false, "day": 2, "end": "1600", "start": "0930"}, {"is_overnight": false, "day": 3, "end": "1600", "start": "0930"}, {"is_overnight": false, "day": 4, "end": "1600", "start": "0930"}, {"is_overnight": false, "day": 5, "end": "1500", "start": "0930"}], "hours_type": "REGULAR"}], "photos": ["https://s3-media1.fl.yelpcdn.com/bphoto/kC2z4I9MUX3svIkjeDTUYA/o.jpg", "https://s3-media1.fl.yelpcdn.com/bphoto/D-f6R6q9BsD6TexHWXPbTw/o.jpg", "https://s3-media2.fl.yelpcdn.com/bphoto/zZHDFGW1w3MWwaggVvbE1A/o.jpg"], "review_count": 8, "id": "paper-fusion-mt-hawthorn", "term": "attractions", "url": "https://www.yelp.com/biz/paper-fusion-mt-hawthorn?adjust_creative=92p07_JjKyriZTQxAXRiKQ&utm_campaign=yelp_api_v3&utm_medium=api_v3_business_lookup&utm_source=92p07_JjKyriZTQxAXRiKQ", "categories": [{"alias": "stationery", "title": "Cards & Stationery"}], "location": {"address3": "", "zip_code": "6016", "address1": "176A Scarborough Beach Rd", "state": "WA", "city": "Mt Hawthorn", "address2": "", "country": "AU"}, "is_closed": false, "phone": "+61894432052", "image_url": "https://s3-media1.fl.yelpcdn.com/bphoto/kC2z4I9MUX3svIkjeDTUYA/o.jpg", "name": "Paper Fusion"}