{"id": "red-bennies-south-yarra", "rating": 3.0, "coordinates": {"longitude": 144.9941101, "latitude": -37.8460388}, "is_claimed": true, "hours": [{"is_open_now": false, "open": [{"is_overnight": true, "day": 0, "start": "1700", "end": "0100"}, {"is_overnight": true, "day": 1, "start": "1700", "end": "0100"}, {"is_overnight": true, "day": 2, "start": "1700", "end": "0100"}, {"is_overnight": true, "day": 3, "start": "1700", "end": "0100"}, {"is_overnight": true, "day": 4, "start": "1700", "end": "0100"}, {"is_overnight": true, "day": 5, "start": "1700", "end": "0100"}, {"is_overnight": true, "day": 6, "start": "1700", "end": "0100"}], "hours_type": "REGULAR"}], "photos": ["https://s3-media4.fl.yelpcdn.com/bphoto/RqwB8FjbG5esPPsmOvvByw/o.jpg", "https://s3-media4.fl.yelpcdn.com/bphoto/fkHtm_oZwskS0Hsu9mFLQg/o.jpg", "https://s3-media1.fl.yelpcdn.com/bphoto/KjbHMDEOQ6Roz4WBEBPkLQ/o.jpg"], "review_count": 12, "price": "$$", "term": "attractions", "url": "https://www.yelp.com/biz/red-bennies-south-yarra?adjust_creative=92p07_JjKyriZTQxAXRiKQ&utm_campaign=yelp_api_v3&utm_medium=api_v3_business_lookup&utm_source=92p07_JjKyriZTQxAXRiKQ", "categories": [{"title": "Performing Arts", "alias": "theater"}, {"title": "Lounges", "alias": "lounges"}, {"title": "Music Venues", "alias": "musicvenues"}], "image_url": "https://s3-media4.fl.yelpcdn.com/bphoto/RqwB8FjbG5esPPsmOvvByw/o.jpg", "is_closed": false, "phone": "+61398262689", "location": {"address3": "", "zip_code": "3141", "address1": "373 Chapel St", "state": "VIC", "city": "South Yarra", "address2": "", "country": "AU"}, "name": "Red Bennies"}