{"price": "$$$", "rating": 4.5, "coordinates": {"longitude": -122.141998116265, "latitude": 37.4603105543044}, "is_claimed": true, "hours": [{"is_open_now": true, "open": [{"is_overnight": false, "day": 0, "start": "0000", "end": "0000"}, {"is_overnight": false, "day": 1, "start": "0000", "end": "0000"}, {"is_overnight": false, "day": 2, "start": "0000", "end": "0000"}, {"is_overnight": false, "day": 3, "start": "0000", "end": "0000"}, {"is_overnight": false, "day": 4, "start": "0000", "end": "0000"}, {"is_overnight": false, "day": 5, "start": "0000", "end": "0000"}, {"is_overnight": false, "day": 6, "start": "0000", "end": "0000"}], "hours_type": "REGULAR"}], "photos": ["https://s3-media2.fl.yelpcdn.com/bphoto/BHYEzy36pURzJsaYwYGlqQ/o.jpg", "https://s3-media2.fl.yelpcdn.com/bphoto/uvaXc6Lnt43d7W5YBlHtww/o.jpg", "https://s3-media4.fl.yelpcdn.com/bphoto/1dLcGbyPYHtO4voVpNPTSg/o.jpg"], "review_count": 242, "id": "four-seasons-hotel-silicon-valley-east-palo-alto-2", "term": "attractions", "url": "https://www.yelp.com/biz/four-seasons-hotel-silicon-valley-east-palo-alto-2?adjust_creative=92p07_JjKyriZTQxAXRiKQ&utm_campaign=yelp_api_v3&utm_medium=api_v3_business_lookup&utm_source=92p07_JjKyriZTQxAXRiKQ", "categories": [{"alias": "hotels", "title": "Hotels"}], "location": {"address3": "", "zip_code": "94303", "address1": "2050 University Ave", "address2": "", "city": "East Palo Alto", "state": "CA", "country": "US"}, "is_closed": false, "phone": "+16505661200", "image_url": "https://s3-media2.fl.yelpcdn.com/bphoto/BHYEzy36pURzJsaYwYGlqQ/o.jpg", "name": "Four Seasons Hotel Silicon Valley"}