{"id": "bearsden-roman-baths-milngavie", "rating": 4.5, "coordinates": {"longitude": -4.3295898, "latitude": 55.9197083}, "is_claimed": false, "photos": [], "review_count": 4, "term": "attractions", "url": "https://www.yelp.com/biz/bearsden-roman-baths-milngavie?adjust_creative=92p07_JjKyriZTQxAXRiKQ&utm_campaign=yelp_api_v3&utm_medium=api_v3_business_lookup&utm_source=92p07_JjKyriZTQxAXRiKQ", "categories": [{"alias": "parks", "title": "Parks"}], "location": {"address3": "", "zip_code": "G61 2", "address1": "Roman Road", "state": "EDU", "city": "Milngavie", "address2": "Bearsden", "country": "GB"}, "is_closed": false, "phone": "", "image_url": "", "name": "Bearsden Roman Baths"}