{"id": "doutta-galla-hotel-kensington", "rating": 3.0, "coordinates": {"longitude": 144.9297603, "latitude": -37.7883933}, "is_claimed": true, "hours": [{"is_open_now": true, "open": [{"is_overnight": false, "end": "0000", "day": 0, "start": "1200"}, {"is_overnight": false, "end": "0000", "day": 1, "start": "1200"}, {"is_overnight": false, "end": "0000", "day": 2, "start": "1200"}, {"is_overnight": false, "end": "0000", "day": 3, "start": "1200"}, {"is_overnight": true, "end": "0300", "day": 4, "start": "1200"}, {"is_overnight": true, "end": "0300", "day": 5, "start": "1200"}, {"is_overnight": true, "end": "0100", "day": 6, "start": "1200"}], "hours_type": "REGULAR"}], "photos": ["https://s3-media4.fl.yelpcdn.com/bphoto/sIfYQT2kXLZkffXdg5Lx-A/o.jpg", "https://s3-media4.fl.yelpcdn.com/bphoto/MQ6jd1RgJOr511K8l2jGWw/o.jpg", "https://s3-media1.fl.yelpcdn.com/bphoto/x_AF02DRnNs35U9sbGNueQ/o.jpg"], "review_count": 12, "price": "$$", "term": "attractions", "url": "https://www.yelp.com/biz/doutta-galla-hotel-kensington?adjust_creative=92p07_JjKyriZTQxAXRiKQ&utm_campaign=yelp_api_v3&utm_medium=api_v3_business_lookup&utm_source=92p07_JjKyriZTQxAXRiKQ", "categories": [{"title": "Pubs", "alias": "pubs"}, {"title": "Venues & Event Spaces", "alias": "venues"}], "location": {"address3": null, "zip_code": "3031", "address1": "339 Racecourse Road", "address2": null, "city": "Kensington", "state": "VIC", "country": "AU"}, "is_closed": false, "phone": "+61393767233", "image_url": "https://s3-media1.fl.yelpcdn.com/bphoto/sIfYQT2kXLZkffXdg5Lx-A/o.jpg", "name": "Doutta Galla Hotel"}