{"id": "sanctuary-cruises-moss-landing-2", "rating": 4.5, "coordinates": {"longitude": -121.786859035492, "latitude": 36.7998008938392}, "is_claimed": true, "hours": [{"is_open_now": false, "open": [{"is_overnight": false, "end": "2000", "day": 0, "start": "0730"}, {"is_overnight": false, "end": "2000", "day": 1, "start": "0730"}, {"is_overnight": false, "end": "2000", "day": 2, "start": "0730"}, {"is_overnight": false, "end": "2000", "day": 3, "start": "0730"}, {"is_overnight": false, "end": "2000", "day": 4, "start": "0730"}, {"is_overnight": false, "end": "2000", "day": 5, "start": "0730"}, {"is_overnight": false, "end": "2000", "day": 6, "start": "0730"}], "hours_type": "REGULAR"}], "photos": ["https://s3-media4.fl.yelpcdn.com/bphoto/b7CPjz-xWDjlKi6LcRsNyQ/o.jpg", "https://s3-media4.fl.yelpcdn.com/bphoto/hGAwBrhINUqtktBsEFptRQ/o.jpg", "https://s3-media1.fl.yelpcdn.com/bphoto/65ahX9qRSwChJJOgO6P25Q/o.jpg"], "review_count": 108, "term": "attractions", "url": "https://www.yelp.com/biz/sanctuary-cruises-moss-landing-2?adjust_creative=92p07_JjKyriZTQxAXRiKQ&utm_campaign=yelp_api_v3&utm_medium=api_v3_business_lookup&utm_source=92p07_JjKyriZTQxAXRiKQ", "categories": [{"title": "Boat Charters", "alias": "boatcharters"}, {"title": "Tours", "alias": "tours"}], "location": {"address3": "", "zip_code": "95039", "address1": "Moss Landing Harbor", "address2": "7881 Sandholdt Rd", "city": "Moss Landing", "state": "CA", "country": "US"}, "is_closed": false, "phone": "+18319171042", "image_url": "https://s3-media1.fl.yelpcdn.com/bphoto/b7CPjz-xWDjlKi6LcRsNyQ/o.jpg", "name": "Sanctuary Cruises"}