{"id": "st-helens-central-railway-station-st-helens", "rating": 4.0, "coordinates": {"longitude": -2.7299747, "latitude": 53.4544752}, "is_claimed": false, "photos": ["https://s3-media3.fl.yelpcdn.com/bphoto/dO64Q-wL1rIAQJieFSlxvg/o.jpg", "https://s3-media2.fl.yelpcdn.com/bphoto/LuHkHJwjc87sMUIMVl1BLQ/o.jpg", "https://s3-media3.fl.yelpcdn.com/bphoto/8ZTB9nqVaYEqflDnqODmGQ/o.jpg"], "review_count": 4, "term": "attractions", "url": "https://www.yelp.com/biz/st-helens-central-railway-station-st-helens?adjust_creative=92p07_JjKyriZTQxAXRiKQ&utm_campaign=yelp_api_v3&utm_medium=api_v3_business_lookup&utm_source=92p07_JjKyriZTQxAXRiKQ", "categories": [{"title": "Train Stations", "alias": "trainstations"}], "image_url": "https://s3-media3.fl.yelpcdn.com/bphoto/dO64Q-wL1rIAQJieFSlxvg/o.jpg", "is_closed": false, "phone": "+448450000125", "location": {"address3": "", "zip_code": "WA10 1DQ", "address1": "Shaw Street", "state": "XMS", "city": "St Helens", "address2": "", "country": "GB"}, "name": "St Helens Central Railway Station"}