{"price": "$$", "rating": 4.5, "coordinates": {"longitude": 144.9801, "latitude": -37.7668899}, "is_claimed": false, "hours": [{"is_open_now": false, "open": [{"is_overnight": false, "day": 0, "start": "1000", "end": "1300"}, {"is_overnight": false, "day": 1, "start": "1000", "end": "1300"}, {"is_overnight": false, "day": 2, "start": "1000", "end": "1300"}, {"is_overnight": false, "day": 3, "start": "1000", "end": "1500"}, {"is_overnight": false, "day": 4, "start": "1000", "end": "1500"}, {"is_overnight": false, "day": 5, "start": "1000", "end": "1500"}, {"is_overnight": false, "day": 6, "start": "1100", "end": "1300"}], "hours_type": "REGULAR"}], "photos": ["https://s3-media1.fl.yelpcdn.com/bphoto/txQUdneBZmJ5NStwBQv8OA/o.jpg", "https://s3-media1.fl.yelpcdn.com/bphoto/FScdTL-5Ujc1MyMNl5ZQYQ/o.jpg", "https://s3-media2.fl.yelpcdn.com/bphoto/g6wkWWdP1SOkKciM8QcCOQ/o.jpg"], "review_count": 4, "id": "lomond-hotel-brunswick-east", "term": "attractions", "url": "https://www.yelp.com/biz/lomond-hotel-brunswick-east?adjust_creative=92p07_JjKyriZTQxAXRiKQ&utm_campaign=yelp_api_v3&utm_medium=api_v3_business_lookup&utm_source=92p07_JjKyriZTQxAXRiKQ", "categories": [{"alias": "pubs", "title": "Pubs"}, {"alias": "musicvenues", "title": "Music Venues"}, {"alias": "gastropubs", "title": "Gastropubs"}], "location": {"address3": null, "zip_code": "3057", "address1": "225 Nicholson St", "state": "VIC", "city": "Brunswick East", "address2": null, "country": "AU"}, "is_closed": false, "phone": "+61393801752", "image_url": "https://s3-media3.fl.yelpcdn.com/bphoto/txQUdneBZmJ5NStwBQv8OA/o.jpg", "name": "Lomond Hotel"}