{"id": "healthy-fit-fitzroy-north", "rating": 5.0, "coordinates": {"longitude": 144.98253, "latitude": -37.7845299}, "is_claimed": true, "hours": [{"is_open_now": true, "open": [{"is_overnight": false, "day": 0, "start": "0600", "end": "2100"}, {"is_overnight": false, "day": 1, "start": "0600", "end": "2100"}, {"is_overnight": false, "day": 2, "start": "0600", "end": "2100"}, {"is_overnight": false, "day": 3, "start": "0600", "end": "2100"}, {"is_overnight": false, "day": 4, "start": "0600", "end": "1800"}, {"is_overnight": false, "day": 5, "start": "0800", "end": "1700"}, {"is_overnight": false, "day": 6, "start": "0800", "end": "1700"}], "hours_type": "REGULAR"}], "photos": ["https://s3-media4.fl.yelpcdn.com/bphoto/fpfVscdBshTy6J7DFSApXA/o.jpg", "https://s3-media2.fl.yelpcdn.com/bphoto/JAFM-etB4CQ6ZUkgzmPAEw/o.jpg", "https://s3-media3.fl.yelpcdn.com/bphoto/JE2x-8NlJS1tqERrQhO-xw/o.jpg"], "review_count": 4, "term": "attractions", "url": "https://www.yelp.com/biz/healthy-fit-fitzroy-north?adjust_creative=92p07_JjKyriZTQxAXRiKQ&utm_campaign=yelp_api_v3&utm_medium=api_v3_business_lookup&utm_source=92p07_JjKyriZTQxAXRiKQ", "categories": [{"alias": "gyms", "title": "Gyms"}], "location": {"address3": null, "zip_code": "3068", "address1": "191 St Georges Rd", "address2": null, "city": "Fitzroy North", "state": "VIC", "country": "AU"}, "is_closed": false, "phone": "+61394862822", "image_url": "https://s3-media1.fl.yelpcdn.com/bphoto/fpfVscdBshTy6J7DFSApXA/o.jpg", "name": "Healthy Fit"}