{"id": "royal-park-parkville", "rating": 4.5, "coordinates": {"longitude": 144.951810836792, "latitude": -37.7910997792933}, "is_claimed": true, "photos": ["https://s3-media3.fl.yelpcdn.com/bphoto/VRsQZT-EclaxymlVjKsLXQ/o.jpg", "https://s3-media2.fl.yelpcdn.com/bphoto/02gftviXCZuPmtTlTRA08g/o.jpg", "https://s3-media3.fl.yelpcdn.com/bphoto/kHrh3RyvYb5mcH6BO_keBA/o.jpg"], "review_count": 6, "term": "attractions", "url": "https://www.yelp.com/biz/royal-park-parkville?adjust_creative=92p07_JjKyriZTQxAXRiKQ&utm_campaign=yelp_api_v3&utm_medium=api_v3_business_lookup&utm_source=92p07_JjKyriZTQxAXRiKQ", "categories": [{"alias": "parks", "title": "Parks"}, {"alias": "tennis", "title": "Tennis"}], "location": {"address3": "", "zip_code": "3052", "address1": "Cnr Royal Pde & Flemington Rd", "address2": "", "city": "Parkville", "state": "VIC", "country": "AU"}, "is_closed": false, "phone": "", "image_url": "https://s3-media2.fl.yelpcdn.com/bphoto/VRsQZT-EclaxymlVjKsLXQ/o.jpg", "name": "Royal Park"}