{"id": "playmobil-funpark-fresnes-4", "categories": [{"title": "Kids Activities", "alias": "kids_activities"}], "is_closed": false, "term": "attractions", "url": "https://www.yelp.com/biz/playmobil-funpark-fresnes-4?adjust_creative=92p07_JjKyriZTQxAXRiKQ&utm_campaign=yelp_api_v3&utm_medium=api_v3_business_lookup&utm_source=92p07_JjKyriZTQxAXRiKQ", "location": {"state": "94", "address2": "22 all\u00e9e des Jach\u00e8res", "zip_code": "94260", "country": "FR", "address1": "ZA la Cerisaie", "address3": null, "city": "Fresnes"}, "phone": "+33149849444", "photos": ["https://s3-media1.fl.yelpcdn.com/bphoto/0Ex8YVtHElaMzpO_Aq04-g/o.jpg", "https://s3-media3.fl.yelpcdn.com/bphoto/Q1nnZuceDkc_BDEXW0ds0w/o.jpg", "https://s3-media4.fl.yelpcdn.com/bphoto/qNaOrMwPOet3qe9vkoq7-w/o.jpg"], "hours": [{"is_open_now": false, "open": [{"start": "0900", "day": 1, "end": "1900", "is_overnight": false}, {"start": "0900", "day": 2, "end": "1900", "is_overnight": false}, {"start": "0900", "day": 3, "end": "1900", "is_overnight": false}, {"start": "0900", "day": 4, "end": "1900", "is_overnight": false}, {"start": "0900", "day": 5, "end": "1900", "is_overnight": false}, {"start": "0900", "day": 6, "end": "1900", "is_overnight": false}], "hours_type": "REGULAR"}], "is_claimed": true, "rating": 3.5, "review_count": 16, "image_url": "https://s3-media2.fl.yelpcdn.com/bphoto/0Ex8YVtHElaMzpO_Aq04-g/o.jpg", "coordinates": {"latitude": 48.755, "longitude": 2.33053}, "name": "Playmobil FunPark"}