{"id": "pyramid-warrington", "rating": 3.5, "coordinates": {"longitude": -2.59870645321466, "latitude": 53.3873221337591}, "is_claimed": false, "photos": ["https://s3-media1.fl.yelpcdn.com/bphoto/PP4BCpOV2jhZMJIB6ZTXpw/o.jpg", "https://s3-media3.fl.yelpcdn.com/bphoto/24tgys4uz_uayy2dJcwEkg/o.jpg", "https://s3-media1.fl.yelpcdn.com/bphoto/m5a4TJB9TEQE32gxiGig0A/o.jpg"], "review_count": 7, "term": "attractions", "url": "https://www.yelp.com/biz/pyramid-warrington?adjust_creative=92p07_JjKyriZTQxAXRiKQ&utm_campaign=yelp_api_v3&utm_medium=api_v3_business_lookup&utm_source=92p07_JjKyriZTQxAXRiKQ", "categories": [{"alias": "culturalcenter", "title": "Cultural Center"}, {"alias": "festivals", "title": "Festivals"}, {"alias": "theater", "title": "Performing Arts"}], "location": {"address3": "", "zip_code": "", "address1": "", "state": "WRT", "city": "Warrington", "address2": "", "country": "GB"}, "is_closed": false, "phone": "+441925442345", "image_url": "https://s3-media2.fl.yelpcdn.com/bphoto/PP4BCpOV2jhZMJIB6ZTXpw/o.jpg", "name": "Pyramid"}