{"id": "tania-park-balgowlah-heights", "rating": 5.0, "coordinates": {"longitude": 151.2672119, "latitude": -33.8103294}, "is_claimed": false, "photos": ["https://s3-media1.fl.yelpcdn.com/bphoto/ipULqu4dBnUmEcLuEFR09Q/o.jpg", "https://s3-media4.fl.yelpcdn.com/bphoto/WMy-ddjIhAfcxCMpzmgFlQ/o.jpg", "https://s3-media1.fl.yelpcdn.com/bphoto/of1cvmEAkz95DRoIh0Mu7w/o.jpg"], "review_count": 4, "term": "attractions", "url": "https://www.yelp.com/biz/tania-park-balgowlah-heights?adjust_creative=92p07_JjKyriZTQxAXRiKQ&utm_campaign=yelp_api_v3&utm_medium=api_v3_business_lookup&utm_source=92p07_JjKyriZTQxAXRiKQ", "categories": [{"title": "Hiking", "alias": "hiking"}, {"title": "Parks", "alias": "parks"}, {"title": "Playgrounds", "alias": "playgrounds"}], "location": {"address3": "", "zip_code": "2093", "address1": "Dobroyd Scenic Drive", "address2": "", "city": "Balgowlah Heights", "state": "NSW", "country": "AU"}, "is_closed": false, "phone": "+61299761540", "image_url": "https://s3-media3.fl.yelpcdn.com/bphoto/ipULqu4dBnUmEcLuEFR09Q/o.jpg", "name": "Tania Park"}