{"id": "capri-theatre-goodwood", "rating": 4.5, "coordinates": {"longitude": 138.5901184, "latitude": -34.9528999}, "is_claimed": false, "hours": [{"is_open_now": true, "open": [{"is_overnight": false, "day": 0, "start": "1300", "end": "2300"}, {"is_overnight": false, "day": 1, "start": "1300", "end": "2300"}, {"is_overnight": false, "day": 2, "start": "1300", "end": "2300"}, {"is_overnight": false, "day": 3, "start": "1830", "end": "2300"}, {"is_overnight": false, "day": 4, "start": "1830", "end": "2300"}, {"is_overnight": false, "day": 5, "start": "1830", "end": "2300"}, {"is_overnight": false, "day": 6, "start": "1830", "end": "2300"}], "hours_type": "REGULAR"}], "photos": ["https://s3-media2.fl.yelpcdn.com/bphoto/6Gx4Exp5lCIwKObFLk4CLw/o.jpg", "https://s3-media3.fl.yelpcdn.com/bphoto/_Rl5KDiX3pwiSPiBCr7StQ/o.jpg", "https://s3-media2.fl.yelpcdn.com/bphoto/YTt9fkPHS2rIEYgmLGRFDQ/o.jpg"], "review_count": 8, "term": "attractions", "url": "https://www.yelp.com/biz/capri-theatre-goodwood?adjust_creative=92p07_JjKyriZTQxAXRiKQ&utm_campaign=yelp_api_v3&utm_medium=api_v3_business_lookup&utm_source=92p07_JjKyriZTQxAXRiKQ", "categories": [{"alias": "movietheaters", "title": "Cinema"}, {"alias": "venues", "title": "Venues & Event Spaces"}], "location": {"address3": null, "zip_code": "5034", "address1": "141 Goodwood Rd", "address2": null, "city": "Goodwood", "state": "SA", "country": "AU"}, "is_closed": false, "phone": "+61882721177", "image_url": "https://s3-media2.fl.yelpcdn.com/bphoto/6Gx4Exp5lCIwKObFLk4CLw/o.jpg", "name": "Capri Theatre"}