{"photos": ["https://s3-media1.fl.yelpcdn.com/bphoto/yQXeE4Xcj5AR6Bau74knzA/o.jpg", "https://s3-media4.fl.yelpcdn.com/bphoto/rNLJ3q-HMOu_BB1cocBJyg/o.jpg", "https://s3-media2.fl.yelpcdn.com/bphoto/4Fu1gkuNxMgQMPaQL7G8MQ/o.jpg"], "is_closed": false, "price": "$$", "location": {"zip_code": "6003", "address1": "198 William St", "address3": null, "country": "AU", "state": "WA", "city": "Northbridge", "address2": null}, "image_url": "https://s3-media3.fl.yelpcdn.com/bphoto/yQXeE4Xcj5AR6Bau74knzA/o.jpg", "term": "restaurants", "is_claimed": true, "review_count": 72, "id": "bivouac-northbridge", "hours": [{"is_open_now": false, "hours_type": "REGULAR", "open": [{"is_overnight": false, "day": 1, "end": "2300", "start": "1200"}, {"is_overnight": false, "day": 2, "end": "2300", "start": "1200"}, {"is_overnight": false, "day": 3, "end": "2300", "start": "1200"}, {"is_overnight": false, "day": 4, "end": "2300", "start": "1200"}, {"is_overnight": false, "day": 5, "end": "2300", "start": "1200"}]}], "categories": [{"title": "Bars", "alias": "bars"}, {"title": "Modern Australian", "alias": "modern_australian"}, {"title": "Mediterranean", "alias": "mediterranean"}], "phone": "+61892270883", "rating": 4.0, "name": "Bivouac", "url": "https://www.yelp.com/biz/bivouac-northbridge?adjust_creative=92p07_JjKyriZTQxAXRiKQ&utm_campaign=yelp_api_v3&utm_medium=api_v3_business_lookup&utm_source=92p07_JjKyriZTQxAXRiKQ", "coordinates": {"latitude": -31.9492406, "longitude": 115.859246}}