{"id": "buxton-opera-house-box-office-buxton", "rating": 4.5, "coordinates": {"longitude": -1.91682, "latitude": 53.25862}, "is_claimed": false, "photos": ["https://s3-media4.fl.yelpcdn.com/bphoto/EnX8osvuICMIecMrXDf__A/o.jpg", "https://s3-media4.fl.yelpcdn.com/bphoto/ENGjh3txnjZKtKG-q9aUCg/o.jpg", "https://s3-media2.fl.yelpcdn.com/bphoto/a2_wcXpGYBdfirQFOf2M6w/o.jpg"], "review_count": 7, "term": "attractions", "url": "https://www.yelp.com/biz/buxton-opera-house-box-office-buxton?adjust_creative=92p07_JjKyriZTQxAXRiKQ&utm_campaign=yelp_api_v3&utm_medium=api_v3_business_lookup&utm_source=92p07_JjKyriZTQxAXRiKQ", "categories": [{"alias": "theater", "title": "Performing Arts"}], "location": {"address3": "", "zip_code": "SK17 6XN", "address1": "Water Street", "address2": "", "city": "Buxton", "state": "DBY", "country": "GB"}, "is_closed": false, "phone": "+44129872190", "image_url": "https://s3-media3.fl.yelpcdn.com/bphoto/EnX8osvuICMIecMrXDf__A/o.jpg", "name": "Buxton Opera House Box Office"}