{"price": "$", "rating": 4.0, "coordinates": {"longitude": 138.6089783, "latitude": -34.9062958}, "is_claimed": true, "hours": [{"is_open_now": true, "open": [{"is_overnight": false, "day": 0, "end": "0000", "start": "0900"}, {"is_overnight": false, "day": 1, "end": "0000", "start": "0900"}, {"is_overnight": false, "day": 2, "end": "0000", "start": "0900"}, {"is_overnight": false, "day": 3, "end": "0000", "start": "0900"}, {"is_overnight": true, "day": 4, "end": "0200", "start": "0900"}, {"is_overnight": true, "day": 5, "end": "0100", "start": "0900"}, {"is_overnight": false, "day": 6, "end": "0000", "start": "0900"}], "hours_type": "REGULAR"}], "photos": ["https://s3-media4.fl.yelpcdn.com/bphoto/m2cyVyes1NU5-5Q6mOQXuA/o.jpg", "https://s3-media3.fl.yelpcdn.com/bphoto/ik5ChfWSXeKbfJbxJoyg3w/o.jpg", "https://s3-media1.fl.yelpcdn.com/bphoto/nuWBknCLowJMGad-rd-gCw/o.jpg"], "review_count": 5, "id": "lord-melbourne-hotel-sa", "term": "hotels", "url": "https://www.yelp.com/biz/lord-melbourne-hotel-sa?adjust_creative=92p07_JjKyriZTQxAXRiKQ&utm_campaign=yelp_api_v3&utm_medium=api_v3_business_lookup&utm_source=92p07_JjKyriZTQxAXRiKQ", "categories": [{"alias": "venues", "title": "Venues & Event Spaces"}], "location": {"address3": null, "zip_code": "5006", "address1": "63 Melbourne Street", "state": "SA", "city": "SA", "address2": "", "country": "AU"}, "is_closed": false, "phone": "+61882671157", "image_url": "https://s3-media4.fl.yelpcdn.com/bphoto/m2cyVyes1NU5-5Q6mOQXuA/o.jpg", "name": "Lord Melbourne Hotel"}