{"location": {"address2": null, "country": "NZ", "zip_code": "0627", "state": "WKO", "address3": null, "address1": "Silverfield, Wairau Valley, Auckland", "city": "Wairau Valley"}, "term": "attractions", "url": "https://www.yelp.com/biz/north-shore-events-centre-wairau-valley?adjust_creative=92p07_JjKyriZTQxAXRiKQ&utm_campaign=yelp_api_v3&utm_medium=api_v3_business_lookup&utm_source=92p07_JjKyriZTQxAXRiKQ", "coordinates": {"latitude": -36.7815895, "longitude": 174.7436981}, "id": "north-shore-events-centre-wairau-valley", "name": "North Shore Events Centre", "photos": [], "is_claimed": false, "review_count": 6, "categories": [{"alias": "recreation", "title": "Recreation Centers"}, {"alias": "venues", "title": "Venues & Event Spaces"}, {"alias": "stadiumsarenas", "title": "Stadiums & Arenas"}], "is_closed": false, "image_url": "", "rating": 3.5, "phone": "+6494438199"}