{"id": "enmore-park-enmore", "rating": 4.0, "coordinates": {"longitude": 151.1716766, "latitude": -33.8991318}, "is_claimed": false, "photos": ["https://s3-media2.fl.yelpcdn.com/bphoto/EWm9-Qj2ZFaPYBaogmowmQ/o.jpg", "https://s3-media2.fl.yelpcdn.com/bphoto/_TBbfcgyljYZUbYgPIf3AA/o.jpg"], "review_count": 2, "term": "attractions", "url": "https://www.yelp.com/biz/enmore-park-enmore?adjust_creative=92p07_JjKyriZTQxAXRiKQ&utm_campaign=yelp_api_v3&utm_medium=api_v3_business_lookup&utm_source=92p07_JjKyriZTQxAXRiKQ", "categories": [{"alias": "parks", "title": "Parks"}, {"alias": "swimmingpools", "title": "Swimming Pools"}], "location": {"address3": "", "zip_code": "2042", "address1": "Enmore Road", "address2": "", "city": "Enmore", "state": "NSW", "country": "AU"}, "is_closed": false, "phone": "+61295651906", "image_url": "https://s3-media1.fl.yelpcdn.com/bphoto/EWm9-Qj2ZFaPYBaogmowmQ/o.jpg", "name": "Enmore Park"}