{"price": "$$$", "rating": 5.0, "coordinates": {"longitude": 149.0818787, "latitude": -35.3627892}, "is_claimed": false, "photos": ["https://s3-media3.fl.yelpcdn.com/bphoto/NFUJSiQY0Bv1p8p66OFh-Q/o.jpg"], "review_count": 3, "id": "ramas-fijian-restaurant-pearce", "term": "restaurants", "url": "https://www.yelp.com/biz/ramas-fijian-restaurant-pearce?adjust_creative=92p07_JjKyriZTQxAXRiKQ&utm_campaign=yelp_api_v3&utm_medium=api_v3_business_lookup&utm_source=92p07_JjKyriZTQxAXRiKQ", "categories": [{"alias": "indpak", "title": "Indian"}], "location": {"address3": "", "zip_code": "2607", "address1": "70 Hodgson St", "address2": "", "city": "Pearce", "state": "ACT", "country": "AU"}, "is_closed": false, "phone": "+61262861964", "image_url": "https://s3-media2.fl.yelpcdn.com/bphoto/NFUJSiQY0Bv1p8p66OFh-Q/o.jpg", "name": "Rama's Fijian Restaurant"}