{"id": "imax-sydney-darling-harbour", "rating": 3.5, "coordinates": {"longitude": 151.20160728109, "latitude": -33.8734721239879}, "is_claimed": false, "hours": [{"is_open_now": true, "open": [{"is_overnight": false, "day": 0, "start": "1000", "end": "2200"}, {"is_overnight": false, "day": 1, "start": "1000", "end": "2200"}, {"is_overnight": false, "day": 2, "start": "1000", "end": "2200"}, {"is_overnight": false, "day": 3, "start": "1000", "end": "2200"}, {"is_overnight": false, "day": 4, "start": "1000", "end": "2200"}, {"is_overnight": false, "day": 5, "start": "1000", "end": "2200"}, {"is_overnight": false, "day": 6, "start": "1000", "end": "2200"}], "hours_type": "REGULAR"}], "photos": ["https://s3-media4.fl.yelpcdn.com/bphoto/HhFTzIAjdQG-89ecPdiSmQ/o.jpg", "https://s3-media1.fl.yelpcdn.com/bphoto/mlAGcICCDKVwNvE5n6iFNA/o.jpg", "https://s3-media2.fl.yelpcdn.com/bphoto/d6BC1tvf4XEvyx5WtJPBdg/o.jpg"], "review_count": 28, "term": "attractions", "url": "https://www.yelp.com/biz/imax-sydney-darling-harbour?adjust_creative=92p07_JjKyriZTQxAXRiKQ&utm_campaign=yelp_api_v3&utm_medium=api_v3_business_lookup&utm_source=92p07_JjKyriZTQxAXRiKQ", "categories": [{"alias": "movietheaters", "title": "Cinema"}], "location": {"address3": "", "zip_code": "2000", "address1": "31 Wheat Rd", "address2": "", "city": "Darling Harbour", "state": "NSW", "country": "AU"}, "is_closed": false, "phone": "+61292813300", "image_url": "https://s3-media1.fl.yelpcdn.com/bphoto/HhFTzIAjdQG-89ecPdiSmQ/o.jpg", "name": "IMAX Sydney"}