{"id": "baldwin-hills-scenic-overlook-culver-city", "rating": 4.5, "coordinates": {"longitude": -118.384059, "latitude": 34.0176}, "is_claimed": false, "hours": [{"is_open_now": false, "open": [{"is_overnight": false, "day": 0, "end": "1900", "start": "0800"}, {"is_overnight": false, "day": 1, "end": "1900", "start": "0800"}, {"is_overnight": false, "day": 2, "end": "1900", "start": "0800"}, {"is_overnight": false, "day": 3, "end": "1900", "start": "0800"}, {"is_overnight": false, "day": 4, "end": "1900", "start": "0800"}, {"is_overnight": false, "day": 5, "end": "1900", "start": "0800"}, {"is_overnight": false, "day": 6, "end": "1900", "start": "0800"}], "hours_type": "REGULAR"}], "photos": ["https://s3-media3.fl.yelpcdn.com/bphoto/Y6PFVcItGiOcjgoHkMRAEA/o.jpg", "https://s3-media2.fl.yelpcdn.com/bphoto/Z1ekgQfmCV42xNdhf-M68A/o.jpg", "https://s3-media3.fl.yelpcdn.com/bphoto/B_Qw1VhJ-BnlGfMukxze_Q/o.jpg"], "review_count": 757, "term": "attractions", "url": "https://www.yelp.com/biz/baldwin-hills-scenic-overlook-culver-city?adjust_creative=92p07_JjKyriZTQxAXRiKQ&utm_campaign=yelp_api_v3&utm_medium=api_v3_business_lookup&utm_source=92p07_JjKyriZTQxAXRiKQ", "categories": [{"alias": "parks", "title": "Parks"}, {"alias": "hiking", "title": "Hiking"}], "location": {"address3": "", "zip_code": "90232", "address1": "6300 Hetzler Rd", "state": "CA", "city": "Culver City", "address2": "", "country": "US"}, "is_closed": false, "phone": "", "image_url": "https://s3-media3.fl.yelpcdn.com/bphoto/Y6PFVcItGiOcjgoHkMRAEA/o.jpg", "name": "Baldwin Hills Scenic Overlook"}