{"id": "pace-gallery-menlo-park", "rating": 4.5, "coordinates": {"longitude": -122.174772778611, "latitude": 37.4492746920037}, "is_claimed": true, "hours": [{"is_open_now": false, "open": [{"is_overnight": false, "day": 1, "start": "1100", "end": "1900"}, {"is_overnight": false, "day": 2, "start": "1100", "end": "1900"}, {"is_overnight": false, "day": 3, "start": "1100", "end": "1900"}, {"is_overnight": false, "day": 4, "start": "1100", "end": "1900"}, {"is_overnight": false, "day": 5, "start": "1100", "end": "1900"}, {"is_overnight": false, "day": 6, "start": "1100", "end": "1900"}], "hours_type": "REGULAR"}], "photos": ["https://s3-media4.fl.yelpcdn.com/bphoto/X6GZcSCBD3ZEQBUVwZTAxQ/o.jpg", "https://s3-media3.fl.yelpcdn.com/bphoto/0qhc6VD2zR_8PirmiGj8sw/o.jpg", "https://s3-media3.fl.yelpcdn.com/bphoto/bps_yZn7-v-EqZfEsPeTiQ/o.jpg"], "review_count": 292, "price": "$$", "term": "attractions", "url": "https://www.yelp.com/biz/pace-gallery-menlo-park?adjust_creative=92p07_JjKyriZTQxAXRiKQ&utm_campaign=yelp_api_v3&utm_medium=api_v3_business_lookup&utm_source=92p07_JjKyriZTQxAXRiKQ", "categories": [{"title": "Art Galleries", "alias": "galleries"}], "image_url": "https://s3-media2.fl.yelpcdn.com/bphoto/X6GZcSCBD3ZEQBUVwZTAxQ/o.jpg", "is_closed": false, "phone": "+16504621368", "location": {"address3": "", "zip_code": "94025", "address1": "300 El Camino Real", "state": "CA", "city": "Menlo Park", "address2": "", "country": "US"}, "name": "Pace Gallery"}