{"price": "$$", "rating": 3.0, "coordinates": {"longitude": 138.5644114, "latitude": -34.942534}, "is_claimed": true, "hours": [{"is_open_now": false, "open": [{"is_overnight": false, "day": 0, "end": "1400", "start": "1130"}, {"is_overnight": false, "day": 0, "end": "2000", "start": "1730"}, {"is_overnight": false, "day": 1, "end": "1400", "start": "1130"}, {"is_overnight": false, "day": 1, "end": "2000", "start": "1730"}, {"is_overnight": false, "day": 2, "end": "1400", "start": "1130"}, {"is_overnight": false, "day": 2, "end": "2000", "start": "1730"}, {"is_overnight": false, "day": 3, "end": "1400", "start": "1130"}, {"is_overnight": false, "day": 3, "end": "2000", "start": "1730"}, {"is_overnight": false, "day": 4, "end": "1400", "start": "1130"}, {"is_overnight": false, "day": 4, "end": "2030", "start": "1730"}, {"is_overnight": false, "day": 5, "end": "1400", "start": "1130"}, {"is_overnight": false, "day": 5, "end": "2030", "start": "1730"}, {"is_overnight": false, "day": 6, "end": "1400", "start": "1130"}, {"is_overnight": false, "day": 6, "end": "2000", "start": "1730"}], "hours_type": "REGULAR"}], "photos": ["https://s3-media2.fl.yelpcdn.com/bphoto/xMRHr1ZAMJht5RXNOIx60w/o.jpg", "https://s3-media4.fl.yelpcdn.com/bphoto/blqg9CQILOc2s-zXvksDug/o.jpg", "https://s3-media2.fl.yelpcdn.com/bphoto/DB6eFqZigiESDNp-MmzeTw/o.jpg"], "review_count": 5, "id": "rex-hotel-marleston", "term": "hotels", "url": "https://www.yelp.com/biz/rex-hotel-marleston?adjust_creative=92p07_JjKyriZTQxAXRiKQ&utm_campaign=yelp_api_v3&utm_medium=api_v3_business_lookup&utm_source=92p07_JjKyriZTQxAXRiKQ", "categories": [{"alias": "pubfood", "title": "Pub Food"}, {"alias": "hotels", "title": "Hotels"}], "location": {"address3": null, "zip_code": "5033", "address1": "172 Richmond Rd", "state": "SA", "city": "Marleston", "address2": null, "country": "AU"}, "is_closed": false, "phone": "+61884438188", "image_url": "https://s3-media3.fl.yelpcdn.com/bphoto/xMRHr1ZAMJht5RXNOIx60w/o.jpg", "name": "Rex Hotel"}