{"url": "https://www.yelp.com/biz/onetangi-beach-apartments-waiheke-island?adjust_creative=92p07_JjKyriZTQxAXRiKQ&utm_campaign=yelp_api_v3&utm_medium=api_v3_business_lookup&utm_source=92p07_JjKyriZTQxAXRiKQ", "rating": 4.0, "image_url": "", "is_closed": false, "review_count": 1, "phone": "+6493725056", "is_claimed": false, "term": "hotels", "location": {"zip_code": "1081", "city": "Waiheke Island", "address3": null, "address1": "5 Fourth Ave", "address2": null, "country": "NZ", "state": "AUK"}, "categories": [{"title": "Hotels", "alias": "hotels"}], "photos": [], "name": "Onetangi Beach Apartments", "coordinates": {"latitude": -36.7886581, "longitude": 175.0814056}, "id": "onetangi-beach-apartments-waiheke-island"}