{"id": "brisbane-airport-brisbane-airport-2", "rating": 3.5, "coordinates": {"longitude": 153.114284875622, "latitude": -27.3952988831074}, "is_claimed": false, "hours": [{"is_open_now": true, "open": [{"is_overnight": false, "day": 0, "start": "0500", "end": "0000"}, {"is_overnight": false, "day": 1, "start": "0500", "end": "0000"}, {"is_overnight": false, "day": 2, "start": "0500", "end": "0000"}, {"is_overnight": false, "day": 3, "start": "0500", "end": "0000"}, {"is_overnight": false, "day": 4, "start": "0500", "end": "0000"}, {"is_overnight": false, "day": 5, "start": "0500", "end": "0000"}, {"is_overnight": false, "day": 6, "start": "0500", "end": "0000"}], "hours_type": "REGULAR"}], "photos": ["https://s3-media1.fl.yelpcdn.com/bphoto/d95mB1Lf32FEuDO0ow--XQ/o.jpg", "https://s3-media2.fl.yelpcdn.com/bphoto/eI7H9UWuRLeMzCwfCVT_9w/o.jpg", "https://s3-media1.fl.yelpcdn.com/bphoto/7_qIVpshpljJ_GQxaX4U7A/o.jpg"], "review_count": 64, "price": "$$", "term": "attractions", "url": "https://www.yelp.com/biz/brisbane-airport-brisbane-airport-2?adjust_creative=92p07_JjKyriZTQxAXRiKQ&utm_campaign=yelp_api_v3&utm_medium=api_v3_business_lookup&utm_source=92p07_JjKyriZTQxAXRiKQ", "categories": [{"alias": "airports", "title": "Airports"}], "location": {"address3": null, "zip_code": "4008", "address1": "11 The Circuit", "address2": null, "city": "Brisbane Airport", "state": "QLD", "country": "AU"}, "is_closed": false, "phone": "+61734063000", "image_url": "https://s3-media2.fl.yelpcdn.com/bphoto/d95mB1Lf32FEuDO0ow--XQ/o.jpg", "name": "Brisbane Airport"}