{"id": "mads-attractions-macclesfield", "rating": 0.0, "coordinates": {"longitude": -2.1232, "latitude": 53.25462}, "is_claimed": false, "photos": [], "review_count": 0, "term": "attractions", "url": "https://www.yelp.com/biz/mads-attractions-macclesfield?adjust_creative=92p07_JjKyriZTQxAXRiKQ&utm_campaign=yelp_api_v3&utm_medium=api_v3_business_lookup&utm_source=92p07_JjKyriZTQxAXRiKQ", "categories": [{"title": "Local Flavor", "alias": "localflavor"}], "image_url": "", "is_closed": false, "phone": "+441625611974", "location": {"address3": "", "zip_code": "SK11 6SY", "address1": "The Little Theatre", "state": "CHE", "city": "Macclesfield", "address2": "Lord Street", "country": "GB"}, "name": "Mads Attractions"}