{"id": "gordons-bay-coogee", "rating": 5.0, "coordinates": {"longitude": 151.261739271448, "latitude": -33.9151514189452}, "is_claimed": false, "photos": ["https://s3-media2.fl.yelpcdn.com/bphoto/MBX75TT038Y_p0KcZQAA9Q/o.jpg", "https://s3-media2.fl.yelpcdn.com/bphoto/x5vMziQ19ih21zab7q0r6w/o.jpg", "https://s3-media2.fl.yelpcdn.com/bphoto/MzDiQ5Ue-IQPIIFBmj3m9A/o.jpg"], "review_count": 3, "term": "attractions", "url": "https://www.yelp.com/biz/gordons-bay-coogee?adjust_creative=92p07_JjKyriZTQxAXRiKQ&utm_campaign=yelp_api_v3&utm_medium=api_v3_business_lookup&utm_source=92p07_JjKyriZTQxAXRiKQ", "categories": [{"title": "Beaches", "alias": "beaches"}], "image_url": "https://s3-media4.fl.yelpcdn.com/bphoto/MBX75TT038Y_p0KcZQAA9Q/o.jpg", "is_closed": false, "phone": "", "location": {"address3": "", "zip_code": "2034", "address1": "13 Gordon Ave", "address2": "", "city": "Coogee", "state": "NSW", "country": "AU"}, "name": "Gordon's Bay"}