{"id": "colasanti-tropical-gardens-kingsville", "rating": 4.0, "coordinates": {"longitude": -82.6783264, "latitude": 42.0625339}, "is_claimed": true, "hours": [{"is_open_now": false, "open": [{"is_overnight": false, "day": 0, "start": "0800", "end": "1700"}, {"is_overnight": false, "day": 1, "start": "0800", "end": "1700"}, {"is_overnight": false, "day": 2, "start": "0800", "end": "1700"}, {"is_overnight": false, "day": 3, "start": "0800", "end": "1700"}, {"is_overnight": false, "day": 4, "start": "0800", "end": "1800"}, {"is_overnight": false, "day": 5, "start": "0800", "end": "1800"}, {"is_overnight": false, "day": 6, "start": "0800", "end": "1800"}], "hours_type": "REGULAR"}], "photos": ["https://s3-media3.fl.yelpcdn.com/bphoto/Ej-_j43OpEWZKKv1njGIkg/o.jpg", "https://s3-media3.fl.yelpcdn.com/bphoto/2MVpkgBOcwziUj4BhFtqtg/o.jpg", "https://s3-media1.fl.yelpcdn.com/bphoto/eiFVHWY8O1H2r9zVSovqyg/o.jpg"], "review_count": 9, "term": "attractions", "url": "https://www.yelp.com/biz/colasanti-tropical-gardens-kingsville?adjust_creative=92p07_JjKyriZTQxAXRiKQ&utm_campaign=yelp_api_v3&utm_medium=api_v3_business_lookup&utm_source=92p07_JjKyriZTQxAXRiKQ", "categories": [{"alias": "amusementparks", "title": "Amusement Parks"}, {"alias": "zoos", "title": "Zoos"}, {"alias": "mini_golf", "title": "Mini Golf"}], "location": {"address3": "", "zip_code": "N9Y 2E5", "address1": "1550 Road 3 E", "address2": "", "city": "Kingsville", "state": "ON", "country": "CA"}, "is_closed": false, "phone": "+15193263287", "image_url": "https://s3-media1.fl.yelpcdn.com/bphoto/Ej-_j43OpEWZKKv1njGIkg/o.jpg", "name": "Colasanti Tropical Gardens"}