{"id": "leverhulme-hotel-port-sunlight", "rating": 5.0, "coordinates": {"longitude": -2.9978125, "latitude": 53.356707}, "is_claimed": false, "hours": [{"is_open_now": false, "open": [{"is_overnight": false, "day": 0, "start": "0900", "end": "1800"}, {"is_overnight": false, "day": 1, "start": "0900", "end": "1800"}, {"is_overnight": false, "day": 2, "start": "0900", "end": "1800"}, {"is_overnight": false, "day": 3, "start": "0900", "end": "1800"}, {"is_overnight": false, "day": 4, "start": "0900", "end": "1800"}, {"is_overnight": false, "day": 5, "start": "0900", "end": "1800"}], "hours_type": "REGULAR"}], "photos": [], "review_count": 1, "price": "\u00a3\u00a3", "term": "attractions", "url": "https://www.yelp.com/biz/leverhulme-hotel-port-sunlight?adjust_creative=92p07_JjKyriZTQxAXRiKQ&utm_campaign=yelp_api_v3&utm_medium=api_v3_business_lookup&utm_source=92p07_JjKyriZTQxAXRiKQ", "categories": [{"alias": "hotels", "title": "Hotels"}], "location": {"address3": null, "zip_code": "CH62 5EH", "address1": "Central Road", "address2": null, "city": "Port Sunlight", "state": "WRL", "country": "GB"}, "is_closed": false, "phone": "+441516446655", "image_url": "", "name": "Leverhulme Hotel"}