{"price": "$$", "rating": 4.0, "coordinates": {"longitude": 151.22943, "latitude": -33.88587}, "is_claimed": false, "hours": [{"is_open_now": true, "open": [{"is_overnight": false, "day": 0, "end": "1700", "start": "0930"}, {"is_overnight": false, "day": 1, "end": "1700", "start": "0930"}, {"is_overnight": false, "day": 2, "end": "1700", "start": "0930"}, {"is_overnight": false, "day": 3, "end": "1700", "start": "0930"}, {"is_overnight": false, "day": 4, "end": "1700", "start": "0930"}, {"is_overnight": false, "day": 5, "end": "1700", "start": "0930"}, {"is_overnight": false, "day": 6, "end": "1700", "start": "0930"}], "hours_type": "REGULAR"}], "photos": ["https://s3-media2.fl.yelpcdn.com/bphoto/ODJL6v0q-LlYV8264eH2iQ/o.jpg", "https://s3-media1.fl.yelpcdn.com/bphoto/eoTw_9b1FHcAZR3SYxbh0A/o.jpg", "https://s3-media2.fl.yelpcdn.com/bphoto/N-gfzG0dJsZ_8eNm92urbA/o.jpg"], "review_count": 28, "id": "australian-museum-darlinghurst", "term": "attractions", "url": "https://www.yelp.com/biz/australian-museum-darlinghurst?adjust_creative=92p07_JjKyriZTQxAXRiKQ&utm_campaign=yelp_api_v3&utm_medium=api_v3_business_lookup&utm_source=92p07_JjKyriZTQxAXRiKQ", "categories": [{"alias": "museums", "title": "Museums"}], "location": {"address3": null, "zip_code": "2010", "address1": "1 William St", "state": "NSW", "city": "Darlinghurst", "address2": null, "country": "AU"}, "is_closed": false, "phone": "+61293206000", "image_url": "https://s3-media4.fl.yelpcdn.com/bphoto/ODJL6v0q-LlYV8264eH2iQ/o.jpg", "name": "Australian Museum"}