{"price": "\u00a3\u00a3", "rating": 4.0, "coordinates": {"longitude": -0.1943731, "latitude": 51.5093255}, "is_claimed": false, "hours": [{"is_open_now": false, "open": [{"is_overnight": false, "end": "1800", "start": "0900", "day": 0}, {"is_overnight": false, "end": "1800", "start": "0900", "day": 1}, {"is_overnight": false, "end": "1800", "start": "0900", "day": 2}, {"is_overnight": false, "end": "1800", "start": "0900", "day": 3}, {"is_overnight": false, "end": "1800", "start": "0900", "day": 4}], "hours_type": "REGULAR"}], "photos": ["https://s3-media3.fl.yelpcdn.com/bphoto/zUnTTtkKZODVurYEIyILMQ/o.jpg", "https://s3-media4.fl.yelpcdn.com/bphoto/TlptsfsEVHUBoLtG22Rh3w/o.jpg", "https://s3-media1.fl.yelpcdn.com/bphoto/TqIKrTtsLsP-32KUNmUmqA/o.jpg"], "review_count": 59, "id": "notting-hill-arts-club-london", "term": "attractions", "url": "https://www.yelp.com/biz/notting-hill-arts-club-london?adjust_creative=92p07_JjKyriZTQxAXRiKQ&utm_campaign=yelp_api_v3&utm_medium=api_v3_business_lookup&utm_source=92p07_JjKyriZTQxAXRiKQ", "categories": [{"title": "Dance Clubs", "alias": "danceclubs"}, {"title": "Music Venues", "alias": "musicvenues"}], "image_url": "https://s3-media1.fl.yelpcdn.com/bphoto/zUnTTtkKZODVurYEIyILMQ/o.jpg", "is_closed": false, "phone": "+442075985226", "location": {"address3": "", "zip_code": "W11 3JQ", "address1": "21 Notting Hill Gate", "address2": "", "city": "London", "state": "LND", "country": "GB"}, "name": "Notting Hill Academy of Music"}