{"id": "hotel-royal-torrensville", "rating": 3.5, "coordinates": {"longitude": 138.560566, "latitude": -34.923675}, "is_claimed": true, "hours": [{"is_open_now": true, "open": [{"is_overnight": false, "day": 0, "start": "0830", "end": "0000"}, {"is_overnight": false, "day": 1, "start": "0830", "end": "0000"}, {"is_overnight": false, "day": 2, "start": "0830", "end": "0000"}, {"is_overnight": true, "day": 3, "start": "0830", "end": "0200"}, {"is_overnight": true, "day": 4, "start": "0830", "end": "0200"}, {"is_overnight": true, "day": 5, "start": "0830", "end": "0200"}, {"is_overnight": false, "day": 6, "start": "0900", "end": "0000"}], "hours_type": "REGULAR"}], "photos": ["https://s3-media1.fl.yelpcdn.com/bphoto/wfB4DmD5v8tKD1qZd3PBZw/o.jpg", "https://s3-media4.fl.yelpcdn.com/bphoto/84n-coUe1Ih6jc2BuV1_Pw/o.jpg", "https://s3-media1.fl.yelpcdn.com/bphoto/XdfpuyTDeSfV774QhcXGpQ/o.jpg"], "review_count": 7, "price": "$$", "term": "hotels", "url": "https://www.yelp.com/biz/hotel-royal-torrensville?adjust_creative=92p07_JjKyriZTQxAXRiKQ&utm_campaign=yelp_api_v3&utm_medium=api_v3_business_lookup&utm_source=92p07_JjKyriZTQxAXRiKQ", "categories": [{"title": "Venues & Event Spaces", "alias": "venues"}, {"title": "Bars", "alias": "bars"}, {"title": "Pub Food", "alias": "pubfood"}], "image_url": "https://s3-media1.fl.yelpcdn.com/bphoto/wfB4DmD5v8tKD1qZd3PBZw/o.jpg", "is_closed": false, "phone": "+61883527855", "location": {"address3": null, "zip_code": "5031", "address1": "180 Henley Beach Rd", "state": "SA", "city": "Torrensville", "address2": null, "country": "AU"}, "name": "Hotel Royal"}