{"id": "south-sydney-rabbitohs-redfern", "rating": 3.0, "coordinates": {"longitude": 151.2048492, "latitude": -33.8949623}, "is_claimed": false, "photos": [], "review_count": 2, "term": "attractions", "url": "https://www.yelp.com/biz/south-sydney-rabbitohs-redfern?adjust_creative=92p07_JjKyriZTQxAXRiKQ&utm_campaign=yelp_api_v3&utm_medium=api_v3_business_lookup&utm_source=92p07_JjKyriZTQxAXRiKQ", "categories": [{"alias": "sportsteams", "title": "Professional Sports Teams"}], "location": {"address3": "", "zip_code": "2016", "address1": "Level 4, 265 Chalmers Street", "address2": "", "city": "Redfern", "state": "NSW", "country": "AU"}, "is_closed": false, "phone": "+61283069900", "image_url": "", "name": "South Sydney Rabbitohs"}