{"id": "the-day-entertainment-millbrae-2", "rating": 5.0, "coordinates": {"longitude": -122.3907724, "latitude": 37.6002194}, "is_claimed": true, "hours": [{"is_open_now": false, "open": [{"is_overnight": false, "end": "1830", "start": "1030", "day": 0}, {"is_overnight": false, "end": "1830", "start": "1030", "day": 2}, {"is_overnight": false, "end": "1830", "start": "1030", "day": 3}, {"is_overnight": false, "end": "1830", "start": "1030", "day": 4}, {"is_overnight": false, "end": "1830", "start": "1030", "day": 5}, {"is_overnight": false, "end": "1830", "start": "1030", "day": 6}], "hours_type": "REGULAR"}], "photos": ["https://s3-media4.fl.yelpcdn.com/bphoto/Cf9xQTUQBjF_Nnk9RhtS2A/o.jpg", "https://s3-media4.fl.yelpcdn.com/bphoto/XaVObsiUd5QY33qah4Nvvg/o.jpg", "https://s3-media1.fl.yelpcdn.com/bphoto/LQB9ZyThjwqQmYaHo90mog/o.jpg"], "review_count": 92, "price": "$$", "term": "attractions", "url": "https://www.yelp.com/biz/the-day-entertainment-millbrae-2?adjust_creative=92p07_JjKyriZTQxAXRiKQ&utm_campaign=yelp_api_v3&utm_medium=api_v3_business_lookup&utm_source=92p07_JjKyriZTQxAXRiKQ", "categories": [{"title": "Wedding Planning", "alias": "wedding_planning"}, {"title": "Party & Event Planning", "alias": "eventplanning"}, {"title": "Photographers", "alias": "photographers"}], "location": {"address3": "", "zip_code": "94030", "address1": "216 Broadway", "address2": "", "city": "Millbrae", "state": "CA", "country": "US"}, "is_closed": false, "phone": "+14158138900", "image_url": "https://s3-media3.fl.yelpcdn.com/bphoto/Cf9xQTUQBjF_Nnk9RhtS2A/o.jpg", "name": "The Day Entertainment"}