{"id": "fall-creek-henry-cowell-redwoods-state-park-felton", "rating": 4.5, "coordinates": {"longitude": -122.083336988567, "latitude": 37.0497211907554}, "is_claimed": false, "photos": ["https://s3-media2.fl.yelpcdn.com/bphoto/4doElzByMpof3ddYXiOKPg/o.jpg", "https://s3-media3.fl.yelpcdn.com/bphoto/3rVhj8zcQKe9Ad8n7uqSXQ/o.jpg", "https://s3-media3.fl.yelpcdn.com/bphoto/M6DaIKlgPDvYEUpTg10ygw/o.jpg"], "review_count": 63, "term": "attractions", "url": "https://www.yelp.com/biz/fall-creek-henry-cowell-redwoods-state-park-felton?adjust_creative=92p07_JjKyriZTQxAXRiKQ&utm_campaign=yelp_api_v3&utm_medium=api_v3_business_lookup&utm_source=92p07_JjKyriZTQxAXRiKQ", "categories": [{"title": "Parks", "alias": "parks"}], "image_url": "https://s3-media2.fl.yelpcdn.com/bphoto/4doElzByMpof3ddYXiOKPg/o.jpg", "is_closed": false, "phone": "+18313354598", "location": {"address3": "", "zip_code": "95018", "address1": "1400 Felton Empire Rd", "address2": "", "city": "Felton", "state": "CA", "country": "US"}, "name": "Fall Creek - Henry Cowell Redwoods State Park"}