{"id": "dunbar-rovers-rushcutters-bay", "rating": 5.0, "coordinates": {"longitude": 151.2286682, "latitude": -33.8747902}, "is_claimed": false, "photos": ["https://s3-media2.fl.yelpcdn.com/bphoto/SCuVe4swlq56zO4b9yoihA/o.jpg"], "review_count": 1, "term": "attractions", "url": "https://www.yelp.com/biz/dunbar-rovers-rushcutters-bay?adjust_creative=92p07_JjKyriZTQxAXRiKQ&utm_campaign=yelp_api_v3&utm_medium=api_v3_business_lookup&utm_source=92p07_JjKyriZTQxAXRiKQ", "categories": [{"alias": "amateursportsteams", "title": "Amateur Sports Teams"}], "location": {"address3": "", "zip_code": "2011", "address1": "Reg Bartley Oval", "address2": "Waratah St", "city": "Rushcutters Bay", "state": "NSW", "country": "AU"}, "is_closed": false, "phone": "", "image_url": "https://s3-media3.fl.yelpcdn.com/bphoto/SCuVe4swlq56zO4b9yoihA/o.jpg", "name": "Dunbar Rovers"}