{"id": "elizabeth-bay-house-elizabeth-bay-2", "rating": 4.0, "coordinates": {"longitude": 151.2264252, "latitude": -33.8701096}, "is_claimed": false, "photos": ["https://s3-media2.fl.yelpcdn.com/bphoto/SxUMFupxmpbt_XCSvIvUEA/o.jpg", "https://s3-media4.fl.yelpcdn.com/bphoto/QGv7bSzy9tv2MbGO48THJQ/o.jpg", "https://s3-media1.fl.yelpcdn.com/bphoto/WBoJnxJkaR6F-8_rnPPdAQ/o.jpg"], "review_count": 5, "term": "attractions", "url": "https://www.yelp.com/biz/elizabeth-bay-house-elizabeth-bay-2?adjust_creative=92p07_JjKyriZTQxAXRiKQ&utm_campaign=yelp_api_v3&utm_medium=api_v3_business_lookup&utm_source=92p07_JjKyriZTQxAXRiKQ", "categories": [{"title": "Landmarks & Historical Buildings", "alias": "landmarks"}], "image_url": "https://s3-media1.fl.yelpcdn.com/bphoto/SxUMFupxmpbt_XCSvIvUEA/o.jpg", "is_closed": false, "phone": "+61282392288", "location": {"address3": null, "zip_code": "2011", "address1": "7 Onslow Ave", "address2": null, "city": "Elizabeth Bay", "state": "NSW", "country": "AU"}, "name": "Elizabeth Bay House"}