{"id": "sydney-dance-company-dance-studios-walsh-bay", "rating": 4.5, "coordinates": {"longitude": 151.205785047607, "latitude": -33.8563580929467}, "is_claimed": false, "hours": [{"is_open_now": true, "open": [{"is_overnight": false, "day": 0, "end": "2000", "start": "0900"}, {"is_overnight": false, "day": 1, "end": "2130", "start": "0900"}, {"is_overnight": false, "day": 2, "end": "2130", "start": "0900"}, {"is_overnight": false, "day": 3, "end": "2130", "start": "0900"}, {"is_overnight": false, "day": 4, "end": "2130", "start": "0900"}, {"is_overnight": false, "day": 5, "end": "1600", "start": "0930"}, {"is_overnight": false, "day": 6, "end": "1430", "start": "0930"}], "hours_type": "REGULAR"}], "photos": ["https://s3-media2.fl.yelpcdn.com/bphoto/IO-2rlpI4FLUhrR_lraBvg/o.jpg", "https://s3-media2.fl.yelpcdn.com/bphoto/MA1GYO_JaxcQ03Matc17-A/o.jpg", "https://s3-media1.fl.yelpcdn.com/bphoto/8SITJy_UXdK_DdzM25RYxw/o.jpg"], "review_count": 10, "term": "attractions", "url": "https://www.yelp.com/biz/sydney-dance-company-dance-studios-walsh-bay?adjust_creative=92p07_JjKyriZTQxAXRiKQ&utm_campaign=yelp_api_v3&utm_medium=api_v3_business_lookup&utm_source=92p07_JjKyriZTQxAXRiKQ", "categories": [{"alias": "dancestudio", "title": "Dance Studios"}], "location": {"address3": null, "zip_code": "2000", "address1": "The Wharf, Pier 4", "state": "NSW", "city": "Walsh Bay", "address2": "Hickson Road", "country": "AU"}, "is_closed": false, "phone": "+61292214811", "image_url": "https://s3-media3.fl.yelpcdn.com/bphoto/IO-2rlpI4FLUhrR_lraBvg/o.jpg", "name": "Sydney Dance Company Dance Studios"}