{"is_closed": false, "photos": ["https://s3-media3.fl.yelpcdn.com/bphoto/uLQtSqW9SvX2s9DKMm3u5Q/o.jpg", "https://s3-media3.fl.yelpcdn.com/bphoto/0aXRLkwwhVv6zkahZ1HaXg/o.jpg", "https://s3-media1.fl.yelpcdn.com/bphoto/hJCUu_rKdLqEIuhMsdw0IA/o.jpg"], "review_count": 33, "price": "$$$", "term": "restaurants", "is_claimed": false, "image_url": "https://s3-media1.fl.yelpcdn.com/bphoto/uLQtSqW9SvX2s9DKMm3u5Q/o.jpg", "id": "heirloom-east-perth", "hours": [{"is_open_now": true, "hours_type": "REGULAR", "open": [{"is_overnight": false, "start": "0600", "end": "1430", "day": 0}, {"is_overnight": false, "start": "1700", "end": "2130", "day": 0}, {"is_overnight": false, "start": "0600", "end": "1430", "day": 1}, {"is_overnight": false, "start": "1700", "end": "2130", "day": 1}, {"is_overnight": false, "start": "0600", "end": "1430", "day": 2}, {"is_overnight": false, "start": "1700", "end": "2130", "day": 2}, {"is_overnight": false, "start": "0600", "end": "1430", "day": 3}, {"is_overnight": false, "start": "1700", "end": "2130", "day": 3}, {"is_overnight": false, "start": "0600", "end": "1430", "day": 4}, {"is_overnight": false, "start": "1700", "end": "2130", "day": 4}, {"is_overnight": false, "start": "0700", "end": "1430", "day": 5}, {"is_overnight": false, "start": "1700", "end": "2130", "day": 5}, {"is_overnight": false, "start": "0700", "end": "1430", "day": 6}, {"is_overnight": false, "start": "1700", "end": "2130", "day": 6}]}], "location": {"zip_code": "6004", "address1": "10 Adelaide Terrace", "address3": "", "address2": "", "city": "East Perth", "country": "AU", "state": "WA"}, "categories": [{"title": "Live/Raw Food", "alias": "raw_food"}, {"title": "Vegetarian", "alias": "vegetarian"}, {"title": "Modern Australian", "alias": "modern_australian"}], "phone": "+61892610035", "rating": 4.0, "name": "Heirloom", "url": "https://www.yelp.com/biz/heirloom-east-perth?adjust_creative=92p07_JjKyriZTQxAXRiKQ&utm_campaign=yelp_api_v3&utm_medium=api_v3_business_lookup&utm_source=92p07_JjKyriZTQxAXRiKQ", "coordinates": {"latitude": -31.9613943312085, "longitude": 115.877317635664}}