{"id": "swan-valley-cuddly-animal-farm-henley-brook", "rating": 4.0, "coordinates": {"longitude": 115.9861374, "latitude": -31.7985191}, "is_claimed": false, "hours": [{"is_open_now": false, "open": [{"is_overnight": false, "day": 0, "end": "1600", "start": "0930"}, {"is_overnight": false, "day": 1, "end": "1600", "start": "0930"}, {"is_overnight": false, "day": 2, "end": "1600", "start": "0930"}, {"is_overnight": false, "day": 3, "end": "1600", "start": "0930"}, {"is_overnight": false, "day": 4, "end": "1600", "start": "0930"}, {"is_overnight": false, "day": 5, "end": "1600", "start": "0930"}, {"is_overnight": false, "day": 6, "end": "1600", "start": "0930"}], "hours_type": "REGULAR"}], "photos": [], "review_count": 5, "term": "attractions", "url": "https://www.yelp.com/biz/swan-valley-cuddly-animal-farm-henley-brook?adjust_creative=92p07_JjKyriZTQxAXRiKQ&utm_campaign=yelp_api_v3&utm_medium=api_v3_business_lookup&utm_source=92p07_JjKyriZTQxAXRiKQ", "categories": [{"alias": "amusementparks", "title": "Amusement Parks"}], "location": {"address3": null, "zip_code": "6055", "address1": "128 John St", "state": "WA", "city": "Henley Brook", "address2": null, "country": "AU"}, "is_closed": false, "phone": "+61424209730", "image_url": "", "name": "Swan Valley Cuddly Animal Farm"}