{"id": "mcmahon-holdings-glenside", "rating": 0.0, "coordinates": {"longitude": 138.6308594, "latitude": -34.9434624}, "is_claimed": false, "photos": [], "review_count": 0, "term": "hotels", "url": "https://www.yelp.com/biz/mcmahon-holdings-glenside?adjust_creative=92p07_JjKyriZTQxAXRiKQ&utm_campaign=yelp_api_v3&utm_medium=api_v3_business_lookup&utm_source=92p07_JjKyriZTQxAXRiKQ", "categories": [{"title": "Hotels", "alias": "hotels"}], "image_url": "", "is_closed": false, "phone": "+61883382309", "location": {"address3": null, "zip_code": "5065", "address1": "40 Cedar Drv", "state": "SA", "city": "Glenside", "address2": null, "country": "AU"}, "name": "McMahon Holdings"}