{"id": "hale-country-club-and-spa-gt-man", "rating": 4.5, "coordinates": {"longitude": -2.31196787221325, "latitude": 53.3864818819116}, "is_claimed": false, "hours": [{"is_open_now": false, "open": [{"is_overnight": false, "end": "2200", "day": 0, "start": "0630"}, {"is_overnight": false, "end": "2200", "day": 1, "start": "0630"}, {"is_overnight": false, "end": "2200", "day": 2, "start": "0630"}, {"is_overnight": false, "end": "2200", "day": 3, "start": "0630"}, {"is_overnight": false, "end": "2100", "day": 4, "start": "0630"}, {"is_overnight": false, "end": "2100", "day": 5, "start": "0800"}, {"is_overnight": false, "end": "2100", "day": 6, "start": "0800"}], "hours_type": "REGULAR"}], "photos": ["https://s3-media2.fl.yelpcdn.com/bphoto/OEChrnJ0ZYGIgS8VDOznsw/o.jpg", "https://s3-media1.fl.yelpcdn.com/bphoto/Td4ayVmuYq8UqDVkCCjzjg/o.jpg", "https://s3-media1.fl.yelpcdn.com/bphoto/O-CLoeF94Paa7OmAkVbY1A/o.jpg"], "review_count": 3, "price": "\u00a3\u00a3\u00a3", "term": "attractions", "url": "https://www.yelp.com/biz/hale-country-club-and-spa-gt-man?adjust_creative=92p07_JjKyriZTQxAXRiKQ&utm_campaign=yelp_api_v3&utm_medium=api_v3_business_lookup&utm_source=92p07_JjKyriZTQxAXRiKQ", "categories": [{"title": "Day Spas", "alias": "spas"}, {"title": "Sports Clubs", "alias": "sports_clubs"}, {"title": "Yoga", "alias": "yoga"}], "location": {"address3": "", "zip_code": "WA15 7AF", "address1": "Clay Lane", "address2": "Hale", "city": "Gt Man", "state": "XGM", "country": "GB"}, "is_closed": false, "phone": "+441619045939", "image_url": "https://s3-media2.fl.yelpcdn.com/bphoto/OEChrnJ0ZYGIgS8VDOznsw/o.jpg", "name": "Hale Country Club and Spa"}