{"id": "glasgow-airport-renfrewshire", "rating": 3.5, "coordinates": {"longitude": -4.43191839014948, "latitude": 55.8610549119814}, "is_claimed": false, "hours": [{"is_open_now": true, "open": [{"is_overnight": false, "day": 0, "start": "0000", "end": "0000"}, {"is_overnight": false, "day": 1, "start": "0000", "end": "0000"}, {"is_overnight": false, "day": 2, "start": "0000", "end": "0000"}, {"is_overnight": false, "day": 3, "start": "0000", "end": "0000"}, {"is_overnight": false, "day": 4, "start": "0000", "end": "0000"}, {"is_overnight": false, "day": 5, "start": "0000", "end": "0000"}, {"is_overnight": false, "day": 6, "start": "0000", "end": "0000"}], "hours_type": "REGULAR"}], "photos": ["https://s3-media2.fl.yelpcdn.com/bphoto/sUFWSsCvgH3rgWvzbLcP9g/o.jpg", "https://s3-media2.fl.yelpcdn.com/bphoto/M3YBfbSlZqlw8fZXCt_CNQ/o.jpg", "https://s3-media2.fl.yelpcdn.com/bphoto/EF_PV5nbZ6SGVGf29eknlA/o.jpg"], "review_count": 96, "price": "\u00a3\u00a3", "term": "attractions", "url": "https://www.yelp.com/biz/glasgow-airport-renfrewshire?adjust_creative=92p07_JjKyriZTQxAXRiKQ&utm_campaign=yelp_api_v3&utm_medium=api_v3_business_lookup&utm_source=92p07_JjKyriZTQxAXRiKQ", "categories": [{"alias": "airports", "title": "Airports"}], "location": {"address3": "", "zip_code": "PA3 2SW", "address1": "Glasgow International Airport", "address2": "Paisley", "city": "Renfrewshire", "state": "RFW", "country": "GB"}, "is_closed": false, "phone": "+448444815555", "image_url": "https://s3-media4.fl.yelpcdn.com/bphoto/sUFWSsCvgH3rgWvzbLcP9g/o.jpg", "name": "Glasgow Airport"}