{"rating": 0.0, "url": "https://www.yelp.com/biz/hilton-garden-inn-riverhead-riverhead-3?adjust_creative=92p07_JjKyriZTQxAXRiKQ&utm_campaign=yelp_api_v3&utm_medium=api_v3_business_lookup&utm_source=92p07_JjKyriZTQxAXRiKQ", "image_url": "", "is_closed": false, "review_count": 0, "phone": "", "is_claimed": false, "term": "hotels", "location": {"city": "Riverhead", "zip_code": "", "address2": null, "address1": "2038 Old Country", "address3": null, "country": "NZ", "state": "AUK"}, "categories": [{"title": "Hotels", "alias": "hotels"}], "photos": [], "name": "Hilton Garden Inn Riverhead", "coordinates": {"latitude": -36.7021294, "longitude": 174.4775848}, "id": "hilton-garden-inn-riverhead-riverhead-3"}