{"price": "\u00a3", "rating": 3.5, "coordinates": {"longitude": -1.55011, "latitude": 53.80325}, "is_claimed": true, "hours": [{"is_open_now": false, "open": [{"is_overnight": false, "day": 0, "end": "0000", "start": "1200"}, {"is_overnight": false, "day": 1, "end": "0000", "start": "1200"}, {"is_overnight": false, "day": 2, "end": "0000", "start": "1200"}, {"is_overnight": false, "day": 3, "end": "0000", "start": "1200"}, {"is_overnight": false, "day": 4, "end": "0000", "start": "1200"}, {"is_overnight": false, "day": 5, "end": "0000", "start": "1200"}, {"is_overnight": false, "day": 6, "end": "0000", "start": "1200"}], "hours_type": "REGULAR"}], "photos": ["https://s3-media3.fl.yelpcdn.com/bphoto/k4Jk_RKcLfYr8Fip9caNkQ/o.jpg", "https://s3-media2.fl.yelpcdn.com/bphoto/w3oVXnDZ1PykHeODtwithQ/o.jpg"], "review_count": 19, "id": "carpe-diem-leeds", "term": "attractions", "url": "https://www.yelp.com/biz/carpe-diem-leeds?adjust_creative=92p07_JjKyriZTQxAXRiKQ&utm_campaign=yelp_api_v3&utm_medium=api_v3_business_lookup&utm_source=92p07_JjKyriZTQxAXRiKQ", "categories": [{"alias": "pubs", "title": "Pubs"}, {"alias": "musicvenues", "title": "Music Venues"}], "location": {"address3": "", "zip_code": "LS1 3ED", "address1": "", "state": "XWY", "city": "Leeds", "address2": "Calverley Street", "country": "GB"}, "is_closed": false, "phone": "+441132436264", "image_url": "https://s3-media3.fl.yelpcdn.com/bphoto/k4Jk_RKcLfYr8Fip9caNkQ/o.jpg", "name": "Carpe Diem"}