{"id": "barton-cottage-battery-point", "rating": 0.0, "coordinates": {"longitude": 147.3322906, "latitude": -42.8899002}, "is_claimed": false, "photos": [], "review_count": 0, "term": "hotels", "url": "https://www.yelp.com/biz/barton-cottage-battery-point?adjust_creative=92p07_JjKyriZTQxAXRiKQ&utm_campaign=yelp_api_v3&utm_medium=api_v3_business_lookup&utm_source=92p07_JjKyriZTQxAXRiKQ", "categories": [{"title": "Bed & Breakfast", "alias": "bedbreakfast"}], "image_url": "", "is_closed": false, "phone": "+61362241606", "location": {"address3": null, "zip_code": "7004", "address1": "72 Hampden Rd", "state": "TAS", "city": "Battery Point", "address2": null, "country": "AU"}, "name": "Barton Cottage"}