{"id": "chester-sightseeing-tour-chester", "rating": 5.0, "coordinates": {"longitude": -2.9070899, "latitude": 53.1624603}, "is_claimed": false, "photos": ["https://s3-media1.fl.yelpcdn.com/bphoto/rlhMTvwqCYvhPqqSNNgMIA/o.jpg"], "review_count": 2, "term": "attractions", "url": "https://www.yelp.com/biz/chester-sightseeing-tour-chester?adjust_creative=92p07_JjKyriZTQxAXRiKQ&utm_campaign=yelp_api_v3&utm_medium=api_v3_business_lookup&utm_source=92p07_JjKyriZTQxAXRiKQ", "categories": [{"alias": "tours", "title": "Tours"}], "location": {"address3": "", "zip_code": "", "address1": "Chester Railway Station & Bus Exchange", "address2": "", "city": "Chester", "state": "CT", "country": "GB"}, "is_closed": false, "phone": "+44124381461", "image_url": "https://s3-media3.fl.yelpcdn.com/bphoto/rlhMTvwqCYvhPqqSNNgMIA/o.jpg", "name": "Chester Sightseeing Tour"}