{"id": "dunham-massey-national-trust-altrincham", "rating": 4.5, "coordinates": {"longitude": -2.4003071, "latitude": 53.3824082183095}, "is_claimed": false, "hours": [{"is_open_now": false, "open": [{"is_overnight": false, "end": "1730", "start": "0900", "day": 0}, {"is_overnight": false, "end": "1730", "start": "1100", "day": 1}, {"is_overnight": false, "end": "1730", "start": "1100", "day": 2}, {"is_overnight": false, "end": "1730", "start": "1100", "day": 3}, {"is_overnight": false, "end": "1730", "start": "1100", "day": 4}, {"is_overnight": false, "end": "1730", "start": "1100", "day": 5}, {"is_overnight": false, "end": "1730", "start": "1100", "day": 6}], "hours_type": "REGULAR"}], "photos": ["https://s3-media2.fl.yelpcdn.com/bphoto/aJq2TA-BCUUyDdwjHCsXvQ/o.jpg", "https://s3-media3.fl.yelpcdn.com/bphoto/UwnZSAitGZ_mD3hIQSA02A/o.jpg", "https://s3-media4.fl.yelpcdn.com/bphoto/Ib7sReX3Yj1SylZzvxDvGw/o.jpg"], "review_count": 13, "term": "attractions", "url": "https://www.yelp.com/biz/dunham-massey-national-trust-altrincham?adjust_creative=92p07_JjKyriZTQxAXRiKQ&utm_campaign=yelp_api_v3&utm_medium=api_v3_business_lookup&utm_source=92p07_JjKyriZTQxAXRiKQ", "categories": [{"title": "Landmarks & Historical Buildings", "alias": "landmarks"}, {"title": "Local Flavor", "alias": "localflavor"}, {"title": "Parks", "alias": "parks"}], "image_url": "https://s3-media3.fl.yelpcdn.com/bphoto/aJq2TA-BCUUyDdwjHCsXvQ/o.jpg", "is_closed": false, "phone": "+441619411025", "location": {"address3": "", "zip_code": "WA14 4SJ", "address1": "", "address2": "", "city": "Altrincham", "state": "XGM", "country": "GB"}, "name": "Dunham Massey - National Trust"}