{"id": "bunker-milton", "rating": 5.0, "coordinates": {"longitude": 153.00631785037, "latitude": -27.4691184577568}, "is_claimed": false, "hours": [{"is_open_now": false, "open": [{"is_overnight": false, "end": "1530", "day": 0, "start": "0630"}, {"is_overnight": false, "end": "1530", "day": 1, "start": "0630"}, {"is_overnight": false, "end": "1530", "day": 2, "start": "0630"}, {"is_overnight": false, "end": "1530", "day": 3, "start": "0630"}, {"is_overnight": false, "end": "1530", "day": 4, "start": "0630"}], "hours_type": "REGULAR"}], "photos": ["https://s3-media4.fl.yelpcdn.com/bphoto/iqM7qlrXEQfLAc6vm-ExVg/o.jpg", "https://s3-media1.fl.yelpcdn.com/bphoto/avhb3yXI4njwUeKkfEsmww/o.jpg", "https://s3-media1.fl.yelpcdn.com/bphoto/ZcGi0REDrVj8eUiESiKIAw/o.jpg"], "review_count": 27, "price": "$", "term": "restaurants", "url": "https://www.yelp.com/biz/bunker-milton?adjust_creative=92p07_JjKyriZTQxAXRiKQ&utm_campaign=yelp_api_v3&utm_medium=api_v3_business_lookup&utm_source=92p07_JjKyriZTQxAXRiKQ", "categories": [{"title": "Coffee & Tea", "alias": "coffee"}, {"title": "Cafes", "alias": "cafes"}], "location": {"address3": "", "zip_code": "4064", "address1": "21 Railway Ter", "address2": "", "city": "Milton", "state": "QLD", "country": "AU"}, "is_closed": false, "phone": "+61422124767", "image_url": "https://s3-media2.fl.yelpcdn.com/bphoto/iqM7qlrXEQfLAc6vm-ExVg/o.jpg", "name": "Bunker"}