{"id": "clayton-j-mitchell-photography-alameda", "rating": 5.0, "coordinates": {"longitude": -122.2351197, "latitude": 37.7693498}, "is_claimed": true, "hours": [{"is_open_now": false, "open": [{"is_overnight": false, "end": "1800", "start": "0900", "day": 0}, {"is_overnight": false, "end": "1800", "start": "0900", "day": 1}, {"is_overnight": false, "end": "1800", "start": "0900", "day": 2}, {"is_overnight": false, "end": "1800", "start": "0900", "day": 3}, {"is_overnight": false, "end": "1800", "start": "0900", "day": 4}, {"is_overnight": false, "end": "1800", "start": "0900", "day": 5}, {"is_overnight": false, "end": "1800", "start": "0900", "day": 6}], "hours_type": "REGULAR"}], "photos": ["https://s3-media2.fl.yelpcdn.com/bphoto/BWNNqGuRzDj4eH3nILPzAg/o.jpg", "https://s3-media3.fl.yelpcdn.com/bphoto/lbPAgBUOExiPug6bB37BiQ/o.jpg", "https://s3-media3.fl.yelpcdn.com/bphoto/LHLTHtGD37MHkj5uzRxeQw/o.jpg"], "review_count": 35, "term": "attractions", "url": "https://www.yelp.com/biz/clayton-j-mitchell-photography-alameda?adjust_creative=92p07_JjKyriZTQxAXRiKQ&utm_campaign=yelp_api_v3&utm_medium=api_v3_business_lookup&utm_source=92p07_JjKyriZTQxAXRiKQ", "categories": [{"title": "Event Photography", "alias": "eventphotography"}, {"title": "Session Photography", "alias": "sessionphotography"}], "image_url": "https://s3-media2.fl.yelpcdn.com/bphoto/BWNNqGuRzDj4eH3nILPzAg/o.jpg", "is_closed": false, "phone": "+15108128887", "location": {"address3": "", "zip_code": "94501", "address1": "2516 Blanding Ave", "address2": "", "city": "Alameda", "state": "CA", "country": "US"}, "name": "Clayton J Mitchell Photography"}