{"id": "monaro-coaches-erindale-centre", "rating": 0.0, "coordinates": {"longitude": 149.0971375, "latitude": -35.4066505}, "is_claimed": false, "photos": ["https://s3-media2.fl.yelpcdn.com/bphoto/l_QI5QrJxfzNdXvi4LbjtQ/o.jpg", "https://s3-media2.fl.yelpcdn.com/bphoto/gt5_4UzDAUL0ShV7Cvj7wA/o.jpg", "https://s3-media2.fl.yelpcdn.com/bphoto/zTqy0kQqGEUh-nU_zuWrVA/o.jpg"], "review_count": 0, "term": "hotels", "url": "https://www.yelp.com/biz/monaro-coaches-erindale-centre?adjust_creative=92p07_JjKyriZTQxAXRiKQ&utm_campaign=yelp_api_v3&utm_medium=api_v3_business_lookup&utm_source=92p07_JjKyriZTQxAXRiKQ", "categories": [{"title": "Tours", "alias": "tours"}], "image_url": "https://s3-media2.fl.yelpcdn.com/bphoto/l_QI5QrJxfzNdXvi4LbjtQ/o.jpg", "is_closed": false, "phone": "+61261616300", "location": {"address3": null, "zip_code": "2903", "address1": "", "address2": null, "city": "Erindale Centre", "state": "ACT", "country": "AU"}, "name": "Monaro Coaches"}