{"id": "bober-furniture-botany", "rating": 0.0, "coordinates": {"longitude": 151.2028198, "latitude": -33.9535561}, "is_claimed": false, "photos": ["https://s3-media3.fl.yelpcdn.com/bphoto/EISQ_Sd7IHLhb4brrDocMA/o.jpg", "https://s3-media1.fl.yelpcdn.com/bphoto/qxdpHQb3dafHum5kZsUgMw/o.jpg", "https://s3-media2.fl.yelpcdn.com/bphoto/Erqd5FzcvR4cZtAQIQR-Ag/o.jpg"], "review_count": 0, "term": "attractions", "url": "https://www.yelp.com/biz/bober-furniture-botany?adjust_creative=92p07_JjKyriZTQxAXRiKQ&utm_campaign=yelp_api_v3&utm_medium=api_v3_business_lookup&utm_source=92p07_JjKyriZTQxAXRiKQ", "categories": [], "location": {"address3": null, "zip_code": "2019", "address1": "1605 Botany Rd", "state": "NSW", "city": "Botany", "address2": null, "country": "AU"}, "is_closed": false, "phone": "+61293168199", "image_url": "https://s3-media1.fl.yelpcdn.com/bphoto/EISQ_Sd7IHLhb4brrDocMA/o.jpg", "name": "Bober Furniture"}