{"id": "blackpool-illuminations-blackpool", "rating": 4.0, "coordinates": {"longitude": -3.0534301, "latitude": 53.8513412}, "is_claimed": false, "photos": ["https://s3-media2.fl.yelpcdn.com/bphoto/PKLr_B9FY9ryaIJdLltrlA/o.jpg", "https://s3-media2.fl.yelpcdn.com/bphoto/X7wlJKRzjOSshpg3lt0lnA/o.jpg", "https://s3-media2.fl.yelpcdn.com/bphoto/R1hln9FYmaxeOX32xLlj6A/o.jpg"], "review_count": 43, "term": "attractions", "url": "https://www.yelp.com/biz/blackpool-illuminations-blackpool?adjust_creative=92p07_JjKyriZTQxAXRiKQ&utm_campaign=yelp_api_v3&utm_medium=api_v3_business_lookup&utm_source=92p07_JjKyriZTQxAXRiKQ", "categories": [{"title": "Local Flavor", "alias": "localflavor"}], "image_url": "https://s3-media2.fl.yelpcdn.com/bphoto/PKLr_B9FY9ryaIJdLltrlA/o.jpg", "is_closed": false, "phone": "", "location": {"address3": "", "zip_code": "FY5 1", "address1": "Blackpool Promenade", "address2": "", "city": "Blackpool", "state": "BPL", "country": "GB"}, "name": "Blackpool Illuminations"}