{"id": "flight-woden", "rating": 0.0, "coordinates": {"longitude": 149.0845642, "latitude": -35.3470802}, "is_claimed": false, "photos": [], "review_count": 0, "term": "hotels", "url": "https://www.yelp.com/biz/flight-woden?adjust_creative=92p07_JjKyriZTQxAXRiKQ&utm_campaign=yelp_api_v3&utm_medium=api_v3_business_lookup&utm_source=92p07_JjKyriZTQxAXRiKQ", "categories": [{"alias": "travelservices", "title": "Travel Services"}], "location": {"address3": null, "zip_code": "2606", "address1": "Woden Plaza", "state": "ACT", "city": "Woden", "address2": null, "country": "AU"}, "is_closed": false, "phone": "+61262852344", "image_url": "", "name": "Flight"}