{"id": "dee-why-beach-dee-why", "rating": 4.0, "coordinates": {"longitude": 151.296524, "latitude": -33.7538185}, "is_claimed": false, "hours": [{"is_open_now": true, "open": [{"is_overnight": false, "day": 0, "end": "0000", "start": "0000"}, {"is_overnight": false, "day": 1, "end": "0000", "start": "0000"}, {"is_overnight": false, "day": 2, "end": "0000", "start": "0000"}, {"is_overnight": false, "day": 3, "end": "0000", "start": "0000"}, {"is_overnight": false, "day": 4, "end": "0000", "start": "0000"}, {"is_overnight": false, "day": 5, "end": "0000", "start": "0000"}, {"is_overnight": false, "day": 6, "end": "0000", "start": "0000"}], "hours_type": "REGULAR"}], "photos": ["https://s3-media3.fl.yelpcdn.com/bphoto/1tonLJIk0kx6dyhgjFcueQ/o.jpg", "https://s3-media3.fl.yelpcdn.com/bphoto/a0jVZNkzEt5d2LoJjtnMWg/o.jpg", "https://s3-media4.fl.yelpcdn.com/bphoto/5C-h2UvlBwQW_pH6c9_9zA/o.jpg"], "review_count": 9, "term": "attractions", "url": "https://www.yelp.com/biz/dee-why-beach-dee-why?adjust_creative=92p07_JjKyriZTQxAXRiKQ&utm_campaign=yelp_api_v3&utm_medium=api_v3_business_lookup&utm_source=92p07_JjKyriZTQxAXRiKQ", "categories": [{"alias": "playgrounds", "title": "Playgrounds"}, {"alias": "beaches", "title": "Beaches"}, {"alias": "swimmingpools", "title": "Swimming Pools"}], "location": {"address3": "", "zip_code": "2099", "address1": "The Strand", "state": "NSW", "city": "Dee Why", "address2": "", "country": "AU"}, "is_closed": false, "phone": "", "image_url": "https://s3-media4.fl.yelpcdn.com/bphoto/1tonLJIk0kx6dyhgjFcueQ/o.jpg", "name": "Dee Why Beach"}