{"price": "$$$", "rating": 4.0, "coordinates": {"longitude": 151.17835, "latitude": -33.90008}, "is_claimed": false, "hours": [{"is_open_now": true, "open": [{"is_overnight": false, "end": "2300", "start": "1700", "day": 0}, {"is_overnight": false, "end": "2300", "start": "1700", "day": 1}, {"is_overnight": false, "end": "2300", "start": "1700", "day": 2}, {"is_overnight": false, "end": "2300", "start": "1700", "day": 3}, {"is_overnight": false, "end": "2300", "start": "1700", "day": 4}, {"is_overnight": false, "end": "2330", "start": "1200", "day": 5}, {"is_overnight": false, "end": "2200", "start": "1200", "day": 6}], "hours_type": "REGULAR"}], "photos": ["https://s3-media3.fl.yelpcdn.com/bphoto/4dFcpWubuX4pq2hoq62Lww/o.jpg", "https://s3-media2.fl.yelpcdn.com/bphoto/ndj2PbY6mM3MUdv1rPG1YQ/o.jpg", "https://s3-media1.fl.yelpcdn.com/bphoto/L4PvByk4XNnkU34RsPHmjQ/o.jpg"], "review_count": 34, "id": "bloodwood-newtown", "term": "restaurants", "url": "https://www.yelp.com/biz/bloodwood-newtown?adjust_creative=92p07_JjKyriZTQxAXRiKQ&utm_campaign=yelp_api_v3&utm_medium=api_v3_business_lookup&utm_source=92p07_JjKyriZTQxAXRiKQ", "categories": [{"title": "Modern Australian", "alias": "modern_australian"}], "image_url": "https://s3-media2.fl.yelpcdn.com/bphoto/4dFcpWubuX4pq2hoq62Lww/o.jpg", "is_closed": false, "phone": "+61295577699", "location": {"address3": "", "zip_code": "2042", "address1": "416 King St", "address2": "", "city": "Newtown", "state": "NSW", "country": "AU"}, "name": "Bloodwood"}