{"id": "monash-aquatic-and-recreation-centre-glen-waverley", "rating": 4.5, "coordinates": {"longitude": 145.15587, "latitude": -37.88814}, "is_claimed": true, "hours": [{"is_open_now": true, "open": [{"is_overnight": false, "day": 0, "start": "0600", "end": "2100"}, {"is_overnight": false, "day": 1, "start": "0600", "end": "2100"}, {"is_overnight": false, "day": 2, "start": "0600", "end": "2100"}, {"is_overnight": false, "day": 3, "start": "0600", "end": "2100"}, {"is_overnight": false, "day": 4, "start": "0600", "end": "2100"}, {"is_overnight": false, "day": 5, "start": "0800", "end": "1900"}, {"is_overnight": false, "day": 6, "start": "0800", "end": "1900"}], "hours_type": "REGULAR"}], "photos": ["https://s3-media1.fl.yelpcdn.com/bphoto/nsA3m8NYU2-1RHEBtW8xow/o.jpg", "https://s3-media3.fl.yelpcdn.com/bphoto/TmQrjf4myz-aE9eir3pjJQ/o.jpg", "https://s3-media2.fl.yelpcdn.com/bphoto/eG6YdNt-3Rbg-LcqUgmbmQ/o.jpg"], "review_count": 4, "term": "attractions", "url": "https://www.yelp.com/biz/monash-aquatic-and-recreation-centre-glen-waverley?adjust_creative=92p07_JjKyriZTQxAXRiKQ&utm_campaign=yelp_api_v3&utm_medium=api_v3_business_lookup&utm_source=92p07_JjKyriZTQxAXRiKQ", "categories": [{"alias": "healthtrainers", "title": "Trainers"}, {"alias": "recreation", "title": "Recreation Centers"}, {"alias": "swimminglessons", "title": "Swimming Lessons/Schools"}], "location": {"address3": null, "zip_code": "3150", "address1": "626 Waverley Rd", "address2": null, "city": "Glen Waverley", "state": "VIC", "country": "AU"}, "is_closed": false, "phone": "+61392654888", "image_url": "https://s3-media1.fl.yelpcdn.com/bphoto/nsA3m8NYU2-1RHEBtW8xow/o.jpg", "name": "Monash Aquatic & Recreation Centre"}