{"url": "https://www.yelp.com/biz/quality-hotel-parnell-parnell-2?adjust_creative=92p07_JjKyriZTQxAXRiKQ&utm_campaign=yelp_api_v3&utm_medium=api_v3_business_lookup&utm_source=92p07_JjKyriZTQxAXRiKQ", "rating": 4.0, "image_url": "https://s3-media1.fl.yelpcdn.com/bphoto/Yg5j8hkDV5FFONjix2LvnA/o.jpg", "is_closed": false, "is_claimed": true, "phone": "+6493033789", "hours": [{"is_open_now": true, "open": [{"is_overnight": false, "start": "0000", "day": 0, "end": "0000"}, {"is_overnight": false, "start": "0000", "day": 1, "end": "0000"}, {"is_overnight": false, "start": "0000", "day": 2, "end": "0000"}, {"is_overnight": false, "start": "0000", "day": 3, "end": "0000"}, {"is_overnight": false, "start": "0000", "day": 4, "end": "0000"}, {"is_overnight": false, "start": "0000", "day": 5, "end": "0000"}, {"is_overnight": false, "start": "0000", "day": 6, "end": "0000"}], "hours_type": "REGULAR"}], "price": "$$", "term": "hotels", "location": {"zip_code": "1052", "city": "Parnell", "address3": null, "address1": "10-20 Gladstone Road", "address2": "", "country": "NZ", "state": "AUK"}, "categories": [{"title": "Hotels", "alias": "hotels"}, {"title": "Venues & Event Spaces", "alias": "venues"}], "photos": ["https://s3-media2.fl.yelpcdn.com/bphoto/Yg5j8hkDV5FFONjix2LvnA/o.jpg", "https://s3-media2.fl.yelpcdn.com/bphoto/MngVAxSP4V4DMrPHRdUVug/o.jpg", "https://s3-media2.fl.yelpcdn.com/bphoto/yS279IHeUPGMPhPsTakCWw/o.jpg"], "name": "Quality Hotel Parnell", "coordinates": {"latitude": -36.8557205, "longitude": 174.7868958}, "id": "quality-hotel-parnell-parnell-2", "review_count": 2}