{"id": "spaceport-wallasey", "rating": 3.5, "coordinates": {"longitude": -3.0164299, "latitude": 53.4098015}, "is_claimed": false, "photos": ["https://s3-media3.fl.yelpcdn.com/bphoto/iIW2dVKvqPQrE290L6ZUtA/o.jpg", "https://s3-media3.fl.yelpcdn.com/bphoto/T6l0uY7rFkVPkx-wsDexPA/o.jpg", "https://s3-media1.fl.yelpcdn.com/bphoto/OaPhLSF6GW5-NcQb3JhKsw/o.jpg"], "review_count": 7, "term": "attractions", "url": "https://www.yelp.com/biz/spaceport-wallasey?adjust_creative=92p07_JjKyriZTQxAXRiKQ&utm_campaign=yelp_api_v3&utm_medium=api_v3_business_lookup&utm_source=92p07_JjKyriZTQxAXRiKQ", "categories": [{"alias": "museums", "title": "Museums"}], "location": {"address3": "", "zip_code": "CH44 6QY", "address1": "Victoria Place", "address2": "Seacombe", "city": "Wallasey", "state": "XMS", "country": "GB"}, "is_closed": false, "phone": "+441513301566", "image_url": "https://s3-media1.fl.yelpcdn.com/bphoto/iIW2dVKvqPQrE290L6ZUtA/o.jpg", "name": "Spaceport"}