{"id": "arriva-north-west-skelmersdale", "rating": 3.5, "coordinates": {"longitude": -2.80171, "latitude": 53.55538}, "is_claimed": false, "photos": ["https://s3-media2.fl.yelpcdn.com/bphoto/Pn3aQ78PWXXMDmtAK1hIsA/o.jpg", "https://s3-media2.fl.yelpcdn.com/bphoto/WK34YL45hHIXz54neLrSnw/o.jpg", "https://s3-media3.fl.yelpcdn.com/bphoto/A7evZgOBZF_2UvatM1AYpQ/o.jpg"], "review_count": 3, "term": "attractions", "url": "https://www.yelp.com/biz/arriva-north-west-skelmersdale?adjust_creative=92p07_JjKyriZTQxAXRiKQ&utm_campaign=yelp_api_v3&utm_medium=api_v3_business_lookup&utm_source=92p07_JjKyriZTQxAXRiKQ", "categories": [{"title": "Public Transportation", "alias": "publictransport"}], "image_url": "https://s3-media2.fl.yelpcdn.com/bphoto/Pn3aQ78PWXXMDmtAK1hIsA/o.jpg", "is_closed": false, "phone": "+441695727178", "location": {"address3": "", "zip_code": "WN8 8ED", "address1": "Neverstitch Road", "address2": "", "city": "Skelmersdale", "state": "LAN", "country": "GB"}, "name": "Arriva North West"}