{"id": "dna-tower-kings-park", "rating": 3.5, "coordinates": {"longitude": 115.8334808, "latitude": -31.9687099}, "is_claimed": false, "photos": ["https://s3-media2.fl.yelpcdn.com/bphoto/q64ZQOdYMguSaJiklf3aEQ/o.jpg", "https://s3-media2.fl.yelpcdn.com/bphoto/wSIda_vlNuxnWz-VFhTKqA/o.jpg", "https://s3-media1.fl.yelpcdn.com/bphoto/B_3qVRR7GFSPtwzOJ4gRGw/o.jpg"], "review_count": 2, "term": "attractions", "url": "https://www.yelp.com/biz/dna-tower-kings-park?adjust_creative=92p07_JjKyriZTQxAXRiKQ&utm_campaign=yelp_api_v3&utm_medium=api_v3_business_lookup&utm_source=92p07_JjKyriZTQxAXRiKQ", "categories": [{"title": "Landmarks & Historical Buildings", "alias": "landmarks"}], "image_url": "https://s3-media2.fl.yelpcdn.com/bphoto/q64ZQOdYMguSaJiklf3aEQ/o.jpg", "is_closed": false, "phone": "", "location": {"address3": "", "zip_code": "6005", "address1": "Forrest Dr", "state": "WA", "city": "Kings Park", "address2": "Kings Park", "country": "AU"}, "name": "DNA Tower"}