{"id": "satay-kitchen-waramanga", "rating": 4.0, "coordinates": {"longitude": 149.059433, "latitude": -35.3527184}, "is_claimed": false, "hours": [{"is_open_now": false, "open": [{"is_overnight": false, "day": 1, "start": "1700", "end": "2130"}, {"is_overnight": false, "day": 2, "start": "1700", "end": "2130"}, {"is_overnight": false, "day": 3, "start": "1700", "end": "2200"}, {"is_overnight": false, "day": 4, "start": "1700", "end": "2200"}, {"is_overnight": false, "day": 5, "start": "1700", "end": "2200"}, {"is_overnight": false, "day": 6, "start": "1700", "end": "2130"}], "hours_type": "REGULAR"}], "photos": [], "review_count": 1, "price": "$", "term": "restaurants", "url": "https://www.yelp.com/biz/satay-kitchen-waramanga?adjust_creative=92p07_JjKyriZTQxAXRiKQ&utm_campaign=yelp_api_v3&utm_medium=api_v3_business_lookup&utm_source=92p07_JjKyriZTQxAXRiKQ", "categories": [{"alias": "hotdogs", "title": "Fast Food"}], "location": {"address3": null, "zip_code": "2611", "address1": "15 Waramanga Pl", "address2": null, "city": "Waramanga", "state": "ACT", "country": "AU"}, "is_closed": false, "phone": "+61262881222", "image_url": "", "name": "Satay Kitchen"}