{"id": "glebe-street-fair-glebe", "rating": 4.5, "coordinates": {"longitude": 151.187753677368, "latitude": -33.880801826914}, "is_claimed": false, "photos": ["https://s3-media2.fl.yelpcdn.com/bphoto/Z9RP0IDg1Bj65cER0csZwg/o.jpg", "https://s3-media4.fl.yelpcdn.com/bphoto/7Kht2gs6ZO6dYO7N51HhwQ/o.jpg", "https://s3-media2.fl.yelpcdn.com/bphoto/67g3CCsdgAeWYboECDRQCg/o.jpg"], "review_count": 3, "term": "attractions", "url": "https://www.yelp.com/biz/glebe-street-fair-glebe?adjust_creative=92p07_JjKyriZTQxAXRiKQ&utm_campaign=yelp_api_v3&utm_medium=api_v3_business_lookup&utm_source=92p07_JjKyriZTQxAXRiKQ", "categories": [{"title": "Festivals", "alias": "festivals"}], "image_url": "https://s3-media2.fl.yelpcdn.com/bphoto/Z9RP0IDg1Bj65cER0csZwg/o.jpg", "is_closed": false, "phone": "", "location": {"address3": "", "zip_code": "2037", "address1": "Glebe Point Rd", "address2": "", "city": "Glebe", "state": "NSW", "country": "AU"}, "name": "Glebe Street Fair"}