{"location": {"city": "Vitry Sur Seine Cedex", "address2": null, "zip_code": "94407", "country": "FR", "address1": "2 Avenue Youri Gagarine", "address3": null, "state": "94"}, "categories": [{"title": "Landmarks & Historical Buildings", "alias": "landmarks"}, {"title": "Botanical Gardens", "alias": "gardens"}, {"title": "Parks", "alias": "parks"}], "is_closed": false, "term": "attractions", "url": "https://www.yelp.com/biz/parvis-et-h%C3%B4tel-de-ville-de-vitry-sur-seine-vitry-sur-seine-cedex?adjust_creative=92p07_JjKyriZTQxAXRiKQ&utm_campaign=yelp_api_v3&utm_medium=api_v3_business_lookup&utm_source=92p07_JjKyriZTQxAXRiKQ", "id": "parvis-et-h\u00f4tel-de-ville-de-vitry-sur-seine-vitry-sur-seine-cedex", "phone": "+33146828000", "photos": [], "is_claimed": false, "review_count": 0, "rating": 0.0, "image_url": "", "coordinates": {"latitude": 48.788802, "longitude": 2.389416}, "name": "Parvis et H\u00f4tel de Ville de Vitry Sur Seine"}