{"price": "$$", "rating": 0.0, "coordinates": {"longitude": 149.1540985, "latitude": -35.2895508}, "is_claimed": false, "photos": ["https://s3-media4.fl.yelpcdn.com/bphoto/GvPW144YfM5W5Xa7WfzoRA/o.jpg", "https://s3-media2.fl.yelpcdn.com/bphoto/VINKTrYrahicyp7mZjpexA/o.jpg"], "review_count": 0, "id": "hello-cafe-campbell", "term": "restaurants", "url": "https://www.yelp.com/biz/hello-cafe-campbell?adjust_creative=92p07_JjKyriZTQxAXRiKQ&utm_campaign=yelp_api_v3&utm_medium=api_v3_business_lookup&utm_source=92p07_JjKyriZTQxAXRiKQ", "categories": [{"alias": "cafes", "title": "Cafes"}], "location": {"address3": null, "zip_code": "2612", "address1": "Shp1/ 14-20 Blamey Pl", "state": "ACT", "city": "Campbell", "address2": null, "country": "AU"}, "is_closed": false, "phone": "+61261624356", "image_url": "https://s3-media4.fl.yelpcdn.com/bphoto/GvPW144YfM5W5Xa7WfzoRA/o.jpg", "name": "Hello Cafe"}