{"id": "shakespeares-globe-theatre-bankside", "rating": 4.5, "coordinates": {"longitude": -0.0971178304595242, "latitude": 51.5081259969922}, "is_claimed": true, "hours": [{"is_open_now": false, "open": [{"is_overnight": false, "day": 0, "start": "1000", "end": "1700"}, {"is_overnight": false, "day": 1, "start": "1000", "end": "1700"}, {"is_overnight": false, "day": 2, "start": "1000", "end": "1700"}, {"is_overnight": false, "day": 3, "start": "1000", "end": "1700"}, {"is_overnight": false, "day": 4, "start": "1000", "end": "1700"}, {"is_overnight": false, "day": 5, "start": "1000", "end": "1700"}, {"is_overnight": false, "day": 6, "start": "1000", "end": "1700"}], "hours_type": "REGULAR"}], "photos": ["https://s3-media1.fl.yelpcdn.com/bphoto/aVKFDDBalfzefq-9HuZh2w/o.jpg", "https://s3-media4.fl.yelpcdn.com/bphoto/-dBAV9wmmVv7sRMyN8LwtA/o.jpg", "https://s3-media1.fl.yelpcdn.com/bphoto/BUY-1TwPGSwmY5iePLQUxw/o.jpg"], "review_count": 190, "price": "\u00a3\u00a3", "term": "attractions", "url": "https://www.yelp.com/biz/shakespeares-globe-theatre-bankside?adjust_creative=92p07_JjKyriZTQxAXRiKQ&utm_campaign=yelp_api_v3&utm_medium=api_v3_business_lookup&utm_source=92p07_JjKyriZTQxAXRiKQ", "categories": [{"alias": "theater", "title": "Performing Arts"}], "location": {"address3": "", "zip_code": "SE1 9DT", "address1": "21 New Globe Walk", "address2": "", "city": "Bankside", "state": "XGL", "country": "GB"}, "is_closed": false, "phone": "+442074019919", "image_url": "https://s3-media2.fl.yelpcdn.com/bphoto/aVKFDDBalfzefq-9HuZh2w/o.jpg", "name": "Shakespeare's Globe Theatre"}