{"id": "cressington-station-garston", "rating": 4.0, "coordinates": {"longitude": -2.91189333769566, "latitude": 53.3587583826798}, "is_claimed": false, "photos": ["https://s3-media4.fl.yelpcdn.com/bphoto/5y77M_spesQHu4_hG4bEKA/o.jpg", "https://s3-media1.fl.yelpcdn.com/bphoto/SRv_KA-R-NbQ8NFRdljarg/o.jpg", "https://s3-media2.fl.yelpcdn.com/bphoto/PYx1jzvav0i0oEnEEx8iLQ/o.jpg"], "review_count": 2, "term": "attractions", "url": "https://www.yelp.com/biz/cressington-station-garston?adjust_creative=92p07_JjKyriZTQxAXRiKQ&utm_campaign=yelp_api_v3&utm_medium=api_v3_business_lookup&utm_source=92p07_JjKyriZTQxAXRiKQ", "categories": [{"title": "Train Stations", "alias": "trainstations"}], "image_url": "https://s3-media3.fl.yelpcdn.com/bphoto/5y77M_spesQHu4_hG4bEKA/o.jpg", "is_closed": false, "phone": "+441517022071", "location": {"address3": "", "zip_code": "L19 0PE", "address1": "Knowsley Road", "state": "XMS", "city": "Garston", "address2": "Cressington", "country": "GB"}, "name": "Cressington Station"}