{"price": "$$", "rating": 3.5, "coordinates": {"longitude": 138.6365814, "latitude": -34.8989716}, "is_claimed": false, "hours": [{"is_open_now": true, "open": [{"is_overnight": false, "end": "2300", "start": "1200", "day": 0}, {"is_overnight": false, "end": "2300", "start": "1200", "day": 1}, {"is_overnight": false, "end": "2300", "start": "1200", "day": 2}, {"is_overnight": false, "end": "2300", "start": "1200", "day": 3}, {"is_overnight": false, "end": "2300", "start": "1200", "day": 4}, {"is_overnight": false, "end": "2300", "start": "1200", "day": 5}, {"is_overnight": false, "end": "2300", "start": "1200", "day": 6}], "hours_type": "REGULAR"}], "photos": ["https://s3-media4.fl.yelpcdn.com/bphoto/OxEMWMr7MV2BB4gAt27DOA/o.jpg", "https://s3-media4.fl.yelpcdn.com/bphoto/i5P4FI3LiDSwurRC1CalHQ/o.jpg", "https://s3-media3.fl.yelpcdn.com/bphoto/cnw6d8MC9gsM9EM3qcNOJQ/o.jpg"], "review_count": 4, "id": "payneham-tavern-royston-park", "term": "hotels", "url": "https://www.yelp.com/biz/payneham-tavern-royston-park?adjust_creative=92p07_JjKyriZTQxAXRiKQ&utm_campaign=yelp_api_v3&utm_medium=api_v3_business_lookup&utm_source=92p07_JjKyriZTQxAXRiKQ", "categories": [{"alias": "hotels", "title": "Hotels"}, {"alias": "pubfood", "title": "Pub Food"}], "location": {"address3": null, "zip_code": "5070", "address1": "319 Payneham Rd", "state": "SA", "city": "Royston Park", "address2": null, "country": "AU"}, "is_closed": false, "phone": "+61883621495", "image_url": "https://s3-media1.fl.yelpcdn.com/bphoto/OxEMWMr7MV2BB4gAt27DOA/o.jpg", "name": "Payneham Tavern"}