{"id": "harbour-city-metrolink-salford-2", "rating": 2.0, "coordinates": {"longitude": -2.29185104370117, "latitude": 53.474063245565}, "is_claimed": false, "photos": ["https://s3-media3.fl.yelpcdn.com/bphoto/W7BYTok8xBXuTTodlrS9eg/o.jpg", "https://s3-media3.fl.yelpcdn.com/bphoto/J_oniVQGzy791WWpjRjgJw/o.jpg", "https://s3-media3.fl.yelpcdn.com/bphoto/XJZ31aMkd5PiBGghi6GElQ/o.jpg"], "review_count": 2, "term": "attractions", "url": "https://www.yelp.com/biz/harbour-city-metrolink-salford-2?adjust_creative=92p07_JjKyriZTQxAXRiKQ&utm_campaign=yelp_api_v3&utm_medium=api_v3_business_lookup&utm_source=92p07_JjKyriZTQxAXRiKQ", "categories": [{"title": "Public Transportation", "alias": "publictransport"}], "location": {"address3": "", "zip_code": "M50", "address1": "182 The Quays", "address2": "", "city": "Salford", "state": "XGM", "country": "GB"}, "is_closed": false, "phone": "", "image_url": "https://s3-media4.fl.yelpcdn.com/bphoto/W7BYTok8xBXuTTodlrS9eg/o.jpg", "name": "Harbour City Metrolink"}