{"id": "first-class-chauffeured-cars-ngunnawal-2", "rating": 0.0, "coordinates": {"longitude": 149.12238, "latitude": -35.17928}, "is_claimed": false, "photos": ["https://s3-media2.fl.yelpcdn.com/bphoto/uIng3T5xpUpnLPKGcKgUew/o.jpg", "https://s3-media1.fl.yelpcdn.com/bphoto/cz1pIDQpQBuVb5XNuzYcJA/o.jpg", "https://s3-media4.fl.yelpcdn.com/bphoto/sN3uBxrPrvQvhP7TfvlLNg/o.jpg"], "review_count": 0, "term": "hotels", "url": "https://www.yelp.com/biz/first-class-chauffeured-cars-ngunnawal-2?adjust_creative=92p07_JjKyriZTQxAXRiKQ&utm_campaign=yelp_api_v3&utm_medium=api_v3_business_lookup&utm_source=92p07_JjKyriZTQxAXRiKQ", "categories": [{"alias": "limos", "title": "Limos"}, {"alias": "carrental", "title": "Car Rental"}], "location": {"address3": null, "zip_code": "2913", "address1": "127 Paul Coe Cres", "state": "ACT", "city": "Ngunnawal", "address2": null, "country": "AU"}, "is_closed": false, "phone": "+61262425958", "image_url": "https://s3-media3.fl.yelpcdn.com/bphoto/uIng3T5xpUpnLPKGcKgUew/o.jpg", "name": "First Class Chauffeured Cars"}