{"id": "james-street-precinct-fortitude-valley", "rating": 4.0, "coordinates": {"longitude": 153.0411224, "latitude": -27.4577007}, "is_claimed": true, "photos": ["https://s3-media3.fl.yelpcdn.com/bphoto/QnOyQ7nNQGu53-YUtP6l-Q/o.jpg", "https://s3-media2.fl.yelpcdn.com/bphoto/MtRJ-HV7V770dNaqsrQa9A/o.jpg", "https://s3-media3.fl.yelpcdn.com/bphoto/W_OGBzAjeKv9Vp78eyHnEQ/o.jpg"], "review_count": 3, "term": "attractions", "url": "https://www.yelp.com/biz/james-street-precinct-fortitude-valley?adjust_creative=92p07_JjKyriZTQxAXRiKQ&utm_campaign=yelp_api_v3&utm_medium=api_v3_business_lookup&utm_source=92p07_JjKyriZTQxAXRiKQ", "categories": [{"alias": "restaurants", "title": "Restaurants"}, {"alias": "shopping", "title": "Shopping"}, {"alias": "arts", "title": "Arts & Entertainment"}], "location": {"address3": "", "zip_code": "4006", "address1": "James St", "state": "QLD", "city": "Fortitude Valley", "address2": "", "country": "AU"}, "is_closed": false, "phone": "+61738500111", "image_url": "https://s3-media4.fl.yelpcdn.com/bphoto/QnOyQ7nNQGu53-YUtP6l-Q/o.jpg", "name": "James Street Precinct"}