{"price": "$$$", "rating": 2.5, "coordinates": {"longitude": 144.9912012, "latitude": -37.8493879}, "is_claimed": false, "hours": [{"is_open_now": false, "open": [{"is_overnight": true, "day": 4, "start": "2100", "end": "0300"}, {"is_overnight": true, "day": 5, "start": "2100", "end": "0300"}], "hours_type": "REGULAR"}], "photos": ["https://s3-media2.fl.yelpcdn.com/bphoto/wNJHGCb1qaRM74tSROmKew/o.jpg", "https://s3-media1.fl.yelpcdn.com/bphoto/DwM_8cAL7LR5qojL9aAAGg/o.jpg", "https://s3-media3.fl.yelpcdn.com/bphoto/_HquCfvvpEN8e_ZTVDusNg/o.jpg"], "review_count": 3, "id": "boutique-prahran-2", "term": "attractions", "url": "https://www.yelp.com/biz/boutique-prahran-2?adjust_creative=92p07_JjKyriZTQxAXRiKQ&utm_campaign=yelp_api_v3&utm_medium=api_v3_business_lookup&utm_source=92p07_JjKyriZTQxAXRiKQ", "categories": [{"alias": "danceclubs", "title": "Dance Clubs"}, {"alias": "venues", "title": "Venues & Event Spaces"}], "location": {"address3": null, "zip_code": "3181", "address1": "134 Greville Street", "address2": null, "city": "Prahran", "state": "VIC", "country": "AU"}, "is_closed": false, "phone": "+61395252322", "image_url": "https://s3-media1.fl.yelpcdn.com/bphoto/wNJHGCb1qaRM74tSROmKew/o.jpg", "name": "Boutique"}