{"id": "farmaggedon-lancs", "rating": 5.0, "coordinates": {"longitude": -2.9754831, "latitude": 53.548315}, "is_claimed": false, "photos": ["https://s3-media1.fl.yelpcdn.com/bphoto/wl9k9cv_oPNq70MVOgIu5g/o.jpg", "https://s3-media3.fl.yelpcdn.com/bphoto/4v8yOQazXLYpo4_DXUlrZQ/o.jpg", "https://s3-media2.fl.yelpcdn.com/bphoto/e2djf57k8f0ux8Y5FPSL4g/o.jpg"], "review_count": 1, "term": "attractions", "url": "https://www.yelp.com/biz/farmaggedon-lancs?adjust_creative=92p07_JjKyriZTQxAXRiKQ&utm_campaign=yelp_api_v3&utm_medium=api_v3_business_lookup&utm_source=92p07_JjKyriZTQxAXRiKQ", "categories": [{"alias": "amusementparks", "title": "Amusement Parks"}, {"alias": "hauntedhouses", "title": "Haunted Houses"}], "location": {"address3": "", "zip_code": "L39 7HW", "address1": "Flatman's Lane", "address2": "", "city": "Lancs", "state": "LAN", "country": "GB"}, "is_closed": false, "phone": "", "image_url": "https://s3-media1.fl.yelpcdn.com/bphoto/wl9k9cv_oPNq70MVOgIu5g/o.jpg", "name": "Farmaggedon"}