{"url": "https://www.yelp.com/biz/candy-textiles-auckland?adjust_creative=92p07_JjKyriZTQxAXRiKQ&utm_campaign=yelp_api_v3&utm_medium=api_v3_business_lookup&utm_source=92p07_JjKyriZTQxAXRiKQ", "rating": 0.0, "image_url": "", "is_closed": false, "review_count": 0, "phone": "+6494147948", "is_claimed": false, "term": "hotels", "location": {"zip_code": "0632", "city": "Auckland", "address3": null, "address1": "25 Airborne Rd", "address2": null, "country": "NZ", "state": "STL"}, "categories": [{"title": "Hotels", "alias": "hotels"}], "photos": [], "name": "Candy Textiles", "coordinates": {"latitude": -36.7427788, "longitude": 174.7025146}, "id": "candy-textiles-auckland"}