{"id": "caulfield-racecourse-caulfield", "rating": 2.5, "coordinates": {"longitude": 145.0374603, "latitude": -37.8769188}, "is_claimed": false, "hours": [{"is_open_now": false, "open": [{"is_overnight": false, "end": "1700", "start": "1000", "day": 5}], "hours_type": "REGULAR"}], "photos": ["https://s3-media1.fl.yelpcdn.com/bphoto/G24qduBIxJ6ydjfGQDUK6A/o.jpg", "https://s3-media1.fl.yelpcdn.com/bphoto/ZRdq9f63zsY2vSSzM44IWQ/o.jpg", "https://s3-media1.fl.yelpcdn.com/bphoto/woESqJKmTHqrmKpCSkw3qA/o.jpg"], "review_count": 2, "term": "attractions", "url": "https://www.yelp.com/biz/caulfield-racecourse-caulfield?adjust_creative=92p07_JjKyriZTQxAXRiKQ&utm_campaign=yelp_api_v3&utm_medium=api_v3_business_lookup&utm_source=92p07_JjKyriZTQxAXRiKQ", "categories": [{"title": "Horseback Riding", "alias": "horsebackriding"}], "image_url": "https://s3-media3.fl.yelpcdn.com/bphoto/G24qduBIxJ6ydjfGQDUK6A/o.jpg", "is_closed": false, "phone": "+61392577200", "location": {"address3": null, "zip_code": "3162", "address1": "Station St", "address2": null, "city": "Caulfield", "state": "VIC", "country": "AU"}, "name": "Caulfield Racecourse"}