{"id": "richmond-park-richmond", "rating": 4.5, "coordinates": {"longitude": -0.268039538923228, "latitude": 51.4427186982618}, "is_claimed": false, "hours": [{"is_open_now": false, "open": [{"is_overnight": false, "day": 0, "start": "0700", "end": "1900"}, {"is_overnight": false, "day": 1, "start": "0700", "end": "1900"}, {"is_overnight": false, "day": 2, "start": "0700", "end": "1900"}, {"is_overnight": false, "day": 3, "start": "0700", "end": "1900"}, {"is_overnight": false, "day": 4, "start": "0700", "end": "1900"}, {"is_overnight": false, "day": 5, "start": "0700", "end": "1900"}, {"is_overnight": false, "day": 6, "start": "0700", "end": "1900"}], "hours_type": "REGULAR"}], "photos": ["https://s3-media4.fl.yelpcdn.com/bphoto/jfBO9vCDKTk-1C49ILz5cw/o.jpg", "https://s3-media3.fl.yelpcdn.com/bphoto/LGTWcAYuLA2V9Pm2sVqEgQ/o.jpg", "https://s3-media2.fl.yelpcdn.com/bphoto/5X438Zc5ITA5WT6513QhNg/o.jpg"], "review_count": 134, "price": "\u00a3", "term": "attractions", "url": "https://www.yelp.com/biz/richmond-park-richmond?adjust_creative=92p07_JjKyriZTQxAXRiKQ&utm_campaign=yelp_api_v3&utm_medium=api_v3_business_lookup&utm_source=92p07_JjKyriZTQxAXRiKQ", "categories": [{"alias": "parks", "title": "Parks"}, {"alias": "golf", "title": "Golf"}], "location": {"address3": "", "zip_code": "TW10 5HS", "address1": "Holly Lodge", "address2": "Richmond Park", "city": "Richmond", "state": "XGL", "country": "GB"}, "is_closed": false, "phone": "+442089483209", "image_url": "https://s3-media2.fl.yelpcdn.com/bphoto/jfBO9vCDKTk-1C49ILz5cw/o.jpg", "name": "Richmond Park"}