{"location": {"city": "Puteaux", "address2": "", "zip_code": "92800", "address3": "", "address1": "136 Rue de la R\u00e9publique", "country": "FR", "state": "92"}, "categories": [{"alias": "movietheaters", "title": "Cinema"}], "is_closed": false, "price": "\u20ac", "url": "https://www.yelp.com/biz/cin%C3%A9ma-le-central-puteaux-2?adjust_creative=92p07_JjKyriZTQxAXRiKQ&utm_campaign=yelp_api_v3&utm_medium=api_v3_business_lookup&utm_source=92p07_JjKyriZTQxAXRiKQ", "id": "cin\u00e9ma-le-central-puteaux-2", "phone": "", "photos": ["https://s3-media1.fl.yelpcdn.com/bphoto/UqM-Mlo2TjDKTMZhXU-BTw/o.jpg", "https://s3-media3.fl.yelpcdn.com/bphoto/F45DDYMxWUwoi2yqvqFK4Q/o.jpg", "https://s3-media1.fl.yelpcdn.com/bphoto/bYM1XXh0UBLXIsaNutH4KQ/o.jpg"], "term": "attractions", "is_claimed": false, "rating": 4.0, "review_count": 6, "image_url": "https://s3-media2.fl.yelpcdn.com/bphoto/UqM-Mlo2TjDKTMZhXU-BTw/o.jpg", "coordinates": {"latitude": 48.88441, "longitude": 2.23725}, "name": "Cin\u00e9ma Le Central"}