{"id": "maylands-tram-barn-maylands", "rating": 3.0, "coordinates": {"longitude": 138.6348114, "latitude": -34.9147911}, "is_claimed": false, "photos": ["https://s3-media1.fl.yelpcdn.com/bphoto/gWkXtO74EDA5XVxGertEPg/o.jpg", "https://s3-media4.fl.yelpcdn.com/bphoto/qJNZjDXg0-OfBpeYGYTDbg/o.jpg"], "review_count": 1, "term": "attractions", "url": "https://www.yelp.com/biz/maylands-tram-barn-maylands?adjust_creative=92p07_JjKyriZTQxAXRiKQ&utm_campaign=yelp_api_v3&utm_medium=api_v3_business_lookup&utm_source=92p07_JjKyriZTQxAXRiKQ", "categories": [{"title": "Landmarks & Historical Buildings", "alias": "landmarks"}], "image_url": "https://s3-media3.fl.yelpcdn.com/bphoto/gWkXtO74EDA5XVxGertEPg/o.jpg", "is_closed": false, "phone": "", "location": {"address3": "", "zip_code": "5069", "address1": "179 Magill Rd", "state": "SA", "city": "Maylands", "address2": "", "country": "AU"}, "name": "Maylands Tram Barn"}