{"id": "rutherglen-glencairn-fc-cambuslang", "rating": 3.0, "coordinates": {"longitude": -4.22602, "latitude": 55.82947}, "is_claimed": false, "photos": [], "review_count": 1, "term": "attractions", "url": "https://www.yelp.com/biz/rutherglen-glencairn-fc-cambuslang?adjust_creative=92p07_JjKyriZTQxAXRiKQ&utm_campaign=yelp_api_v3&utm_medium=api_v3_business_lookup&utm_source=92p07_JjKyriZTQxAXRiKQ", "categories": [{"alias": "football", "title": "Soccer"}], "location": {"address3": "", "zip_code": "G73 1", "address1": "Toryglen Road", "state": "SLK", "city": "Cambuslang", "address2": "Rutherglen", "country": "GB"}, "is_closed": false, "phone": "", "image_url": "", "name": "Rutherglen Glencairn FC"}