{"id": "majestic-hotels-rundle-mall", "rating": 0.0, "coordinates": {"longitude": 138.6015625, "latitude": -34.9228592}, "is_claimed": false, "photos": [], "review_count": 0, "term": "hotels", "url": "https://www.yelp.com/biz/majestic-hotels-rundle-mall?adjust_creative=92p07_JjKyriZTQxAXRiKQ&utm_campaign=yelp_api_v3&utm_medium=api_v3_business_lookup&utm_source=92p07_JjKyriZTQxAXRiKQ", "categories": [{"title": "Hotels", "alias": "hotels"}], "image_url": "", "is_closed": false, "phone": "+61882230599", "location": {"address3": null, "zip_code": "5000", "address1": "", "state": "SA", "city": "Rundle Mall", "address2": null, "country": "AU"}, "name": "Majestic Hotels"}