{"id": "bondi-beach-bondi-beach", "rating": 4.0, "coordinates": {"longitude": 151.276931762695, "latitude": -33.8917568199913}, "is_claimed": false, "photos": ["https://s3-media1.fl.yelpcdn.com/bphoto/9kgi865kscNMzCgAXZtyvg/o.jpg", "https://s3-media2.fl.yelpcdn.com/bphoto/APSmMo_PZoqwh6_nqLBISQ/o.jpg", "https://s3-media2.fl.yelpcdn.com/bphoto/W4_i_3hJoIBIuKiSv_RbvA/o.jpg"], "review_count": 91, "term": "attractions", "url": "https://www.yelp.com/biz/bondi-beach-bondi-beach?adjust_creative=92p07_JjKyriZTQxAXRiKQ&utm_campaign=yelp_api_v3&utm_medium=api_v3_business_lookup&utm_source=92p07_JjKyriZTQxAXRiKQ", "categories": [{"alias": "beaches", "title": "Beaches"}], "location": {"address3": "", "zip_code": "2026", "address1": "", "address2": "", "city": "Bondi Beach", "state": "NSW", "country": "AU"}, "is_closed": false, "phone": "", "image_url": "https://s3-media1.fl.yelpcdn.com/bphoto/9kgi865kscNMzCgAXZtyvg/o.jpg", "name": "Bondi Beach"}