{"id": "new-brighton-station-new-brighton", "rating": 3.0, "coordinates": {"longitude": -3.0858901, "latitude": 53.0510597}, "is_claimed": false, "hours": [{"is_open_now": true, "open": [{"is_overnight": false, "end": "0000", "start": "0600", "day": 0}, {"is_overnight": false, "end": "0000", "start": "0600", "day": 1}, {"is_overnight": false, "end": "0000", "start": "0600", "day": 2}, {"is_overnight": false, "end": "0000", "start": "0600", "day": 3}, {"is_overnight": false, "end": "0000", "start": "0600", "day": 4}, {"is_overnight": false, "end": "0000", "start": "0600", "day": 5}, {"is_overnight": false, "end": "0000", "start": "0600", "day": 6}], "hours_type": "REGULAR"}], "photos": ["https://s3-media2.fl.yelpcdn.com/bphoto/b6K9qFQhkc5AAO6W904y7g/o.jpg"], "review_count": 1, "term": "attractions", "url": "https://www.yelp.com/biz/new-brighton-station-new-brighton?adjust_creative=92p07_JjKyriZTQxAXRiKQ&utm_campaign=yelp_api_v3&utm_medium=api_v3_business_lookup&utm_source=92p07_JjKyriZTQxAXRiKQ", "categories": [{"title": "Train Stations", "alias": "trainstations"}], "image_url": "https://s3-media2.fl.yelpcdn.com/bphoto/b6K9qFQhkc5AAO6W904y7g/o.jpg", "is_closed": false, "phone": "", "location": {"address3": "", "zip_code": "CH45 2NY", "address1": "Atherton Street", "address2": "", "city": "New Brighton", "state": "XMS", "country": "GB"}, "name": "New Brighton Station"}