{"id": "canberra-carotel-motel-and-caravan-park-watson", "rating": 0.0, "coordinates": {"longitude": 149.1535492, "latitude": -35.2292213}, "is_claimed": false, "photos": [], "review_count": 0, "term": "hotels", "url": "https://www.yelp.com/biz/canberra-carotel-motel-and-caravan-park-watson?adjust_creative=92p07_JjKyriZTQxAXRiKQ&utm_campaign=yelp_api_v3&utm_medium=api_v3_business_lookup&utm_source=92p07_JjKyriZTQxAXRiKQ", "categories": [{"alias": "hotels", "title": "Hotels"}], "location": {"address3": null, "zip_code": "2602", "address1": "Federal Hwy", "state": "ACT", "city": "Watson", "address2": null, "country": "AU"}, "is_closed": false, "phone": "+61262411377", "image_url": "", "name": "Canberra Carotel Motel & Caravan Park"}