{"price": "\u00a3\u00a3", "rating": 4.5, "coordinates": {"longitude": -0.122502, "latitude": 51.512886}, "is_claimed": false, "hours": [{"is_open_now": true, "open": [{"is_overnight": false, "day": 1, "end": "1930", "start": "0100"}, {"is_overnight": false, "day": 2, "end": "1930", "start": "0100"}, {"is_overnight": false, "day": 3, "end": "1930", "start": "0100"}, {"is_overnight": false, "day": 4, "end": "1930", "start": "0100"}, {"is_overnight": false, "day": 5, "end": "1900", "start": "0030"}, {"is_overnight": false, "day": 6, "end": "0000", "start": "0030"}], "hours_type": "REGULAR"}], "photos": ["https://s3-media1.fl.yelpcdn.com/bphoto/MSzUiRRK4QucuT1EJtohaA/o.jpg", "https://s3-media4.fl.yelpcdn.com/bphoto/fmsbfB8qpE9_TgkOu-h_fw/o.jpg", "https://s3-media2.fl.yelpcdn.com/bphoto/AZxriupmd-hGrRliUAPWNQ/o.jpg"], "review_count": 90, "id": "royal-opera-house-covent-garden", "term": "attractions", "url": "https://www.yelp.com/biz/royal-opera-house-covent-garden?adjust_creative=92p07_JjKyriZTQxAXRiKQ&utm_campaign=yelp_api_v3&utm_medium=api_v3_business_lookup&utm_source=92p07_JjKyriZTQxAXRiKQ", "categories": [{"alias": "theater", "title": "Performing Arts"}, {"alias": "opera", "title": "Opera & Ballet"}], "location": {"address3": "", "zip_code": "WC2E 9DD", "address1": "Bow Street", "state": "XGL", "city": "Covent Garden", "address2": "", "country": "GB"}, "is_closed": false, "phone": "+442073044000", "image_url": "https://s3-media3.fl.yelpcdn.com/bphoto/MSzUiRRK4QucuT1EJtohaA/o.jpg", "name": "Royal Opera House"}