{"id": "business-limousines-canberra-bonython", "rating": 0.0, "coordinates": {"longitude": 149.12182, "latitude": -35.42656}, "is_claimed": false, "photos": [], "review_count": 0, "term": "hotels", "url": "https://www.yelp.com/biz/business-limousines-canberra-bonython?adjust_creative=92p07_JjKyriZTQxAXRiKQ&utm_campaign=yelp_api_v3&utm_medium=api_v3_business_lookup&utm_source=92p07_JjKyriZTQxAXRiKQ", "categories": [{"title": "Limos", "alias": "limos"}], "image_url": "", "is_closed": false, "phone": "+61412970135", "location": {"address3": null, "zip_code": "2905", "address1": "", "address2": null, "city": "Bonython", "state": "ACT", "country": "AU"}, "name": "Business Limousines Canberra"}