{"id": "peveril-castle-hope-valley", "rating": 3.0, "coordinates": {"longitude": -1.77587, "latitude": 53.34187}, "is_claimed": false, "photos": [], "review_count": 3, "term": "attractions", "url": "https://www.yelp.com/biz/peveril-castle-hope-valley?adjust_creative=92p07_JjKyriZTQxAXRiKQ&utm_campaign=yelp_api_v3&utm_medium=api_v3_business_lookup&utm_source=92p07_JjKyriZTQxAXRiKQ", "categories": [{"title": "Landmarks & Historical Buildings", "alias": "landmarks"}], "image_url": "", "is_closed": false, "phone": "+441433620613", "location": {"address3": "Castleton", "zip_code": "S33 8WQ", "address1": "Market Place", "state": "DBY", "city": "Hope Valley", "address2": "", "country": "GB"}, "name": "Peveril Castle"}