{"location": {"city": "Pontault Combault", "address2": "", "zip_code": "77340", "address3": "", "address1": "21 route de Paris", "country": "FR", "state": "77"}, "categories": [{"title": "Amusement Parks", "alias": "amusementparks"}], "is_closed": false, "term": "attractions", "url": "https://www.yelp.com/biz/cosmic-laser-pontault-combault?adjust_creative=92p07_JjKyriZTQxAXRiKQ&utm_campaign=yelp_api_v3&utm_medium=api_v3_business_lookup&utm_source=92p07_JjKyriZTQxAXRiKQ", "id": "cosmic-laser-pontault-combault", "phone": "+33160281600", "photos": ["https://s3-media4.fl.yelpcdn.com/bphoto/r9hFcDxSatpAuhqWJyY9lw/o.jpg", "https://s3-media3.fl.yelpcdn.com/bphoto/vUKKhU9ZRJZ3E4FXopt6Vw/o.jpg", "https://s3-media2.fl.yelpcdn.com/bphoto/CQ5TtL2yEZENGJt215Qq8Q/o.jpg"], "is_claimed": true, "rating": 3.0, "coordinates": {"latitude": 48.7524993, "longitude": 2.3732395}, "review_count": 2, "image_url": "https://s3-media3.fl.yelpcdn.com/bphoto/r9hFcDxSatpAuhqWJyY9lw/o.jpg", "hours": [{"hours_type": "REGULAR", "open": [{"end": "0000", "day": 1, "start": "1700", "is_overnight": false}, {"end": "0000", "day": 2, "start": "1400", "is_overnight": false}, {"end": "0200", "day": 3, "start": "1400", "is_overnight": true}, {"end": "0200", "day": 4, "start": "1400", "is_overnight": true}, {"end": "0300", "day": 5, "start": "1300", "is_overnight": true}, {"end": "0000", "day": 6, "start": "1400", "is_overnight": false}], "is_open_now": false}], "name": "Cosmic Laser"}