{"id": "john-smith-cafe-waterloo", "rating": 4.5, "coordinates": {"longitude": 151.20073, "latitude": -33.9003299}, "is_claimed": false, "hours": [{"is_open_now": true, "open": [{"is_overnight": false, "day": 0, "end": "1530", "start": "0700"}, {"is_overnight": false, "day": 1, "end": "1530", "start": "0700"}, {"is_overnight": false, "day": 2, "end": "1530", "start": "0700"}, {"is_overnight": false, "day": 3, "end": "1530", "start": "0700"}, {"is_overnight": false, "day": 4, "end": "1530", "start": "0700"}, {"is_overnight": false, "day": 5, "end": "1600", "start": "0730"}, {"is_overnight": false, "day": 6, "end": "1600", "start": "0730"}], "hours_type": "REGULAR"}], "photos": ["https://s3-media1.fl.yelpcdn.com/bphoto/-L6Ex_HtSZ9GwAYolOnPYA/o.jpg", "https://s3-media1.fl.yelpcdn.com/bphoto/oWf7F1MV-jT7MzMV6rOm-g/o.jpg", "https://s3-media2.fl.yelpcdn.com/bphoto/3m3vNH1SUjKJx0uUjka7gA/o.jpg"], "review_count": 27, "price": "$$", "term": "restaurants", "url": "https://www.yelp.com/biz/john-smith-cafe-waterloo?adjust_creative=92p07_JjKyriZTQxAXRiKQ&utm_campaign=yelp_api_v3&utm_medium=api_v3_business_lookup&utm_source=92p07_JjKyriZTQxAXRiKQ", "categories": [{"title": "Cafes", "alias": "cafes"}, {"title": "Coffee & Tea", "alias": "coffee"}, {"title": "Breakfast & Brunch", "alias": "breakfast_brunch"}], "location": {"address3": "", "zip_code": "2017", "address1": "1 John St", "address2": "", "city": "Waterloo", "state": "NSW", "country": "AU"}, "is_closed": false, "phone": "+61422855811", "image_url": "https://s3-media4.fl.yelpcdn.com/bphoto/-L6Ex_HtSZ9GwAYolOnPYA/o.jpg", "name": "John Smith Cafe"}