{"id": "probe-diving-services-oldham", "rating": 3.0, "coordinates": {"longitude": -2.0925838, "latitude": 53.5417964}, "is_claimed": false, "photos": [], "review_count": 1, "term": "attractions", "url": "https://www.yelp.com/biz/probe-diving-services-oldham?adjust_creative=92p07_JjKyriZTQxAXRiKQ&utm_campaign=yelp_api_v3&utm_medium=api_v3_business_lookup&utm_source=92p07_JjKyriZTQxAXRiKQ", "categories": [{"title": "Sporting Goods", "alias": "sportgoods"}, {"title": "Active Life", "alias": "active"}], "image_url": "", "is_closed": false, "phone": "+441616330966", "location": {"address3": null, "zip_code": "OL4 1JP", "address1": "181-183 Lees Road", "state": "OLD", "city": "Oldham", "address2": null, "country": "GB"}, "name": "Probe Diving Services"}