{"id": "ark-group-australia-pty-north-sydney", "rating": 0.0, "coordinates": {"longitude": 151.2090759, "latitude": -33.839489}, "is_claimed": true, "hours": [{"is_open_now": false, "open": [{"is_overnight": false, "day": 0, "start": "0900", "end": "1700"}, {"is_overnight": false, "day": 1, "start": "0900", "end": "1700"}, {"is_overnight": false, "day": 2, "start": "0900", "end": "1700"}, {"is_overnight": false, "day": 3, "start": "0900", "end": "1700"}, {"is_overnight": false, "day": 4, "start": "0900", "end": "1700"}], "hours_type": "REGULAR"}], "photos": ["https://s3-media4.fl.yelpcdn.com/bphoto/9Sr0RDgZbyM9DuVkjDoidQ/o.jpg", "https://s3-media4.fl.yelpcdn.com/bphoto/nww0uehRlu0ShqWckTdCrQ/o.jpg"], "review_count": 0, "term": "attractions", "url": "https://www.yelp.com/biz/ark-group-australia-pty-north-sydney?adjust_creative=92p07_JjKyriZTQxAXRiKQ&utm_campaign=yelp_api_v3&utm_medium=api_v3_business_lookup&utm_source=92p07_JjKyriZTQxAXRiKQ", "categories": [{"alias": "eventplanning", "title": "Party & Event Planning"}], "location": {"address3": null, "zip_code": "2060", "address1": "83 Walker St", "address2": null, "city": "North Sydney", "state": "NSW", "country": "AU"}, "is_closed": false, "phone": "+61289134000", "image_url": "https://s3-media4.fl.yelpcdn.com/bphoto/9Sr0RDgZbyM9DuVkjDoidQ/o.jpg", "name": "Ark Group Australia Pty"}