{"price": "$$$", "rating": 5.0, "coordinates": {"longitude": -121.86317, "latitude": 36.98087}, "is_claimed": true, "photos": ["https://s3-media3.fl.yelpcdn.com/bphoto/-SwuvT32ybYWq4f8Lw8HjQ/o.jpg", "https://s3-media1.fl.yelpcdn.com/bphoto/AJYqyzm3EtmckgBlHIU9Dg/o.jpg", "https://s3-media4.fl.yelpcdn.com/bphoto/J6dDcCHEXM7Zf9RjSCOhjQ/o.jpg"], "review_count": 61, "id": "sand-rock-farm-bed-and-breakfast-aptos", "term": "attractions", "url": "https://www.yelp.com/biz/sand-rock-farm-bed-and-breakfast-aptos?adjust_creative=92p07_JjKyriZTQxAXRiKQ&utm_campaign=yelp_api_v3&utm_medium=api_v3_business_lookup&utm_source=92p07_JjKyriZTQxAXRiKQ", "categories": [{"alias": "bedbreakfast", "title": "Bed & Breakfast"}, {"alias": "wedding_planning", "title": "Wedding Planning"}], "location": {"address3": "", "zip_code": "95003", "address1": "6901 Freedom Blvd", "state": "CA", "city": "Aptos", "address2": "", "country": "US"}, "is_closed": false, "phone": "+18316888005", "image_url": "https://s3-media4.fl.yelpcdn.com/bphoto/-SwuvT32ybYWq4f8Lw8HjQ/o.jpg", "name": "Sand Rock Farm Bed and Breakfast"}