{"id": "reining-by-the-bay-redwood-city", "rating": 5.0, "coordinates": {"longitude": -122.2453003, "latitude": 37.407959}, "is_claimed": true, "hours": [{"is_open_now": false, "open": [{"is_overnight": false, "day": 2, "start": "0800", "end": "1700"}, {"is_overnight": false, "day": 3, "start": "0800", "end": "1700"}, {"is_overnight": false, "day": 4, "start": "0800", "end": "1700"}, {"is_overnight": false, "day": 5, "start": "0800", "end": "1700"}, {"is_overnight": false, "day": 6, "start": "0800", "end": "1700"}], "hours_type": "REGULAR"}], "photos": ["https://s3-media2.fl.yelpcdn.com/bphoto/9mMNzo7tDu4ngpUBbg6dmw/o.jpg", "https://s3-media1.fl.yelpcdn.com/bphoto/KIh1PTzU4J1sGzCufgYLVw/o.jpg", "https://s3-media1.fl.yelpcdn.com/bphoto/YZt81OokyTBuxxCzpTQiow/o.jpg"], "review_count": 1, "term": "attractions", "url": "https://www.yelp.com/biz/reining-by-the-bay-redwood-city?adjust_creative=92p07_JjKyriZTQxAXRiKQ&utm_campaign=yelp_api_v3&utm_medium=api_v3_business_lookup&utm_source=92p07_JjKyriZTQxAXRiKQ", "categories": [{"title": "Horseback Riding", "alias": "horsebackriding"}], "image_url": "https://s3-media2.fl.yelpcdn.com/bphoto/9mMNzo7tDu4ngpUBbg6dmw/o.jpg", "is_closed": false, "phone": "+16026773774", "location": {"address3": "", "zip_code": "94062", "address1": "3674 Sand Hill Rd", "state": "CA", "city": "Redwood City", "address2": null, "country": "US"}, "name": "Reining By The Bay"}