{"id": "comfort-inn-leamington", "rating": 4.0, "coordinates": {"longitude": -82.60206, "latitude": 42.03734}, "is_claimed": true, "hours": [{"is_open_now": true, "open": [{"is_overnight": false, "end": "0000", "start": "0000", "day": 0}, {"is_overnight": false, "end": "0000", "start": "0000", "day": 1}, {"is_overnight": false, "end": "0000", "start": "0000", "day": 2}, {"is_overnight": false, "end": "0000", "start": "0000", "day": 3}, {"is_overnight": false, "end": "0000", "start": "0000", "day": 4}, {"is_overnight": false, "end": "0000", "start": "0000", "day": 5}, {"is_overnight": false, "end": "0000", "start": "0000", "day": 6}], "hours_type": "REGULAR"}], "photos": ["https://s3-media2.fl.yelpcdn.com/bphoto/zPGdD-xx7exYg8uizKqtLA/o.jpg", "https://s3-media2.fl.yelpcdn.com/bphoto/HvSUbSqlI7QHd5b9TWlLxg/o.jpg", "https://s3-media1.fl.yelpcdn.com/bphoto/5KIVrDjmykiSBLilNKTTwg/o.jpg"], "review_count": 4, "price": "$$", "term": "attractions", "url": "https://www.yelp.com/biz/comfort-inn-leamington?adjust_creative=92p07_JjKyriZTQxAXRiKQ&utm_campaign=yelp_api_v3&utm_medium=api_v3_business_lookup&utm_source=92p07_JjKyriZTQxAXRiKQ", "categories": [{"title": "Hotels", "alias": "hotels"}], "location": {"address3": "", "zip_code": "N8H 3C4", "address1": "279 Erie Street S", "address2": "", "city": "Leamington", "state": "ON", "country": "CA"}, "is_closed": false, "phone": "+15193269071", "image_url": "https://s3-media4.fl.yelpcdn.com/bphoto/zPGdD-xx7exYg8uizKqtLA/o.jpg", "name": "Comfort Inn"}