{"price": "$$", "rating": 4.5, "coordinates": {"longitude": 151.28791809082, "latitude": -33.7944130177571}, "is_claimed": false, "photos": ["https://s3-media2.fl.yelpcdn.com/bphoto/zo027CYk5tBmaxdqCbuVNw/o.jpg", "https://s3-media3.fl.yelpcdn.com/bphoto/5e8XVpGheUPnTJTHS1jzGg/o.jpg", "https://s3-media1.fl.yelpcdn.com/bphoto/FGNXK9Wnwv927R2BwfW7cg/o.jpg"], "review_count": 72, "id": "manly-beach-manly", "term": "attractions", "url": "https://www.yelp.com/biz/manly-beach-manly?adjust_creative=92p07_JjKyriZTQxAXRiKQ&utm_campaign=yelp_api_v3&utm_medium=api_v3_business_lookup&utm_source=92p07_JjKyriZTQxAXRiKQ", "categories": [{"title": "Beaches", "alias": "beaches"}], "image_url": "https://s3-media1.fl.yelpcdn.com/bphoto/zo027CYk5tBmaxdqCbuVNw/o.jpg", "is_closed": false, "phone": "+61299761430", "location": {"address3": "", "zip_code": "2095", "address1": "Manly Beach", "address2": "North Steyne", "city": "Manly", "state": "NSW", "country": "AU"}, "name": "Manly Beach"}