{"id": "city-west-motel-mile-end", "rating": 0.0, "coordinates": {"longitude": 138.5717926, "latitude": -34.9232483}, "is_claimed": false, "photos": ["https://s3-media3.fl.yelpcdn.com/bphoto/GagGrVBJfYXNujXcaiLwWA/o.jpg", "https://s3-media2.fl.yelpcdn.com/bphoto/-WtLPy5T_yU7z-G-T36B8A/o.jpg", "https://s3-media1.fl.yelpcdn.com/bphoto/4Yp7eHAE1n3BQPY6DkpGwg/o.jpg"], "review_count": 0, "term": "hotels", "url": "https://www.yelp.com/biz/city-west-motel-mile-end?adjust_creative=92p07_JjKyriZTQxAXRiKQ&utm_campaign=yelp_api_v3&utm_medium=api_v3_business_lookup&utm_source=92p07_JjKyriZTQxAXRiKQ", "categories": [{"alias": "hotels", "title": "Hotels"}], "location": {"address3": null, "zip_code": "5031", "address1": "98b Henley Beach Rd", "state": "SA", "city": "Mile End", "address2": null, "country": "AU"}, "is_closed": false, "phone": "+61884436449", "image_url": "https://s3-media3.fl.yelpcdn.com/bphoto/GagGrVBJfYXNujXcaiLwWA/o.jpg", "name": "City West Motel"}