{"id": "classic-dynamics-sa-richmond", "rating": 0.0, "coordinates": {"longitude": 138.5619659, "latitude": -34.9419899}, "is_claimed": false, "photos": [], "review_count": 0, "term": "hotels", "url": "https://www.yelp.com/biz/classic-dynamics-sa-richmond?adjust_creative=92p07_JjKyriZTQxAXRiKQ&utm_campaign=yelp_api_v3&utm_medium=api_v3_business_lookup&utm_source=92p07_JjKyriZTQxAXRiKQ", "categories": [{"title": "Hotels", "alias": "hotels"}], "image_url": "", "is_closed": false, "phone": "+61884435181", "location": {"address3": null, "zip_code": "5033", "address1": "197 Richmond Rd", "address2": null, "city": "Richmond", "state": "SA", "country": "AU"}, "name": "Classic Dynamics SA"}