{"is_closed": false, "photos": ["https://s3-media1.fl.yelpcdn.com/bphoto/SQZMmhQC740JpO5TPgHXFg/o.jpg", "https://s3-media4.fl.yelpcdn.com/bphoto/Ou2x9mwiN2nzMFI79XEBqA/o.jpg", "https://s3-media1.fl.yelpcdn.com/bphoto/rtiUMUYaJNfoaiptG4FvSA/o.jpg"], "review_count": 15, "price": "$$", "term": "restaurants", "is_claimed": true, "image_url": "https://s3-media2.fl.yelpcdn.com/bphoto/SQZMmhQC740JpO5TPgHXFg/o.jpg", "id": "piccos-kitchen-maylands", "hours": [{"is_open_now": true, "hours_type": "REGULAR", "open": [{"is_overnight": false, "start": "0700", "end": "1600", "day": 1}, {"is_overnight": false, "start": "0700", "end": "1600", "day": 2}, {"is_overnight": false, "start": "0700", "end": "1600", "day": 3}, {"is_overnight": false, "start": "0700", "end": "1600", "day": 4}, {"is_overnight": false, "start": "0700", "end": "1500", "day": 5}, {"is_overnight": false, "start": "0800", "end": "1500", "day": 6}]}], "location": {"zip_code": "6051", "address1": "38 Peninsula Rd", "address3": null, "address2": null, "city": "Maylands", "country": "AU", "state": "WA"}, "categories": [{"title": "Modern Australian", "alias": "modern_australian"}, {"title": "Breakfast & Brunch", "alias": "breakfast_brunch"}, {"title": "Pizza", "alias": "pizza"}], "phone": "+61892724491", "rating": 4.5, "name": "Piccos Kitchen", "url": "https://www.yelp.com/biz/piccos-kitchen-maylands?adjust_creative=92p07_JjKyriZTQxAXRiKQ&utm_campaign=yelp_api_v3&utm_medium=api_v3_business_lookup&utm_source=92p07_JjKyriZTQxAXRiKQ", "coordinates": {"latitude": -31.9419498, "longitude": 115.9063873}}