{"id": "kensington-hotel-kensington", "rating": 3.5, "coordinates": {"longitude": 138.6456146, "latitude": -34.9216118}, "is_claimed": false, "photos": ["https://s3-media3.fl.yelpcdn.com/bphoto/ciUgqcAJxRLuw2hb4Tjg0A/o.jpg", "https://s3-media1.fl.yelpcdn.com/bphoto/Nnmw1AipMlZeLr2m_chGPw/o.jpg", "https://s3-media4.fl.yelpcdn.com/bphoto/usjx8CA76xWn585ie1mmaQ/o.jpg"], "review_count": 8, "price": "$$$", "term": "hotels", "url": "https://www.yelp.com/biz/kensington-hotel-kensington?adjust_creative=92p07_JjKyriZTQxAXRiKQ&utm_campaign=yelp_api_v3&utm_medium=api_v3_business_lookup&utm_source=92p07_JjKyriZTQxAXRiKQ", "categories": [{"title": "Hotels", "alias": "hotels"}, {"title": "Restaurants", "alias": "restaurants"}], "image_url": "https://s3-media4.fl.yelpcdn.com/bphoto/ciUgqcAJxRLuw2hb4Tjg0A/o.jpg", "is_closed": false, "phone": "+61884311689", "location": {"address3": null, "zip_code": "5068", "address1": "23 Regent St", "state": "SA", "city": "Kensington", "address2": null, "country": "AU"}, "name": "Kensington Hotel"}