{"price": "$$", "rating": 2.5, "coordinates": {"longitude": 151.2195587, "latitude": -33.73312}, "is_claimed": false, "hours": [{"is_open_now": true, "open": [{"is_overnight": false, "day": 0, "end": "0000", "start": "0930"}, {"is_overnight": false, "day": 1, "end": "0000", "start": "0930"}, {"is_overnight": false, "day": 2, "end": "0000", "start": "0930"}, {"is_overnight": false, "day": 3, "end": "0000", "start": "0930"}, {"is_overnight": false, "day": 4, "end": "0000", "start": "0930"}, {"is_overnight": false, "day": 5, "end": "0000", "start": "0930"}, {"is_overnight": false, "day": 6, "end": "2200", "start": "0800"}], "hours_type": "REGULAR"}], "photos": ["https://s3-media4.fl.yelpcdn.com/bphoto/ESohg3xGUTKsmBUDzZ6BBQ/o.jpg", "https://s3-media4.fl.yelpcdn.com/bphoto/qDSgMDvCz6gFAQW9fglnRA/o.jpg"], "review_count": 4, "id": "belrose-hotel-belrose", "term": "attractions", "url": "https://www.yelp.com/biz/belrose-hotel-belrose?adjust_creative=92p07_JjKyriZTQxAXRiKQ&utm_campaign=yelp_api_v3&utm_medium=api_v3_business_lookup&utm_source=92p07_JjKyriZTQxAXRiKQ", "categories": [{"alias": "beer_and_wine", "title": "Beer, Wine & Spirits"}, {"alias": "hotels", "title": "Hotels"}, {"alias": "restaurants", "title": "Restaurants"}], "location": {"address3": null, "zip_code": "2085", "address1": "5 Hews Pde", "state": "NSW", "city": "Belrose", "address2": null, "country": "AU"}, "is_closed": false, "phone": "+61294518585", "image_url": "https://s3-media3.fl.yelpcdn.com/bphoto/ESohg3xGUTKsmBUDzZ6BBQ/o.jpg", "name": "Belrose Hotel"}