{"id": "liberty-palace-bankstown", "rating": 2.0, "coordinates": {"longitude": 151.031146869063, "latitude": -33.9204390976866}, "is_claimed": false, "photos": ["https://s3-media1.fl.yelpcdn.com/bphoto/IwHZQ9rl9ciSQzQ6jEIchQ/o.jpg", "https://s3-media4.fl.yelpcdn.com/bphoto/pGKNwnqyalB1gx9t3-BpCQ/o.jpg"], "review_count": 1, "term": "attractions", "url": "https://www.yelp.com/biz/liberty-palace-bankstown?adjust_creative=92p07_JjKyriZTQxAXRiKQ&utm_campaign=yelp_api_v3&utm_medium=api_v3_business_lookup&utm_source=92p07_JjKyriZTQxAXRiKQ", "categories": [{"title": "Venues & Event Spaces", "alias": "venues"}], "location": {"address3": "", "zip_code": "2200", "address1": "Level 2, Liberty Plaza", "address2": "256 Chapel Rd South", "city": "Bankstown", "state": "NSW", "country": "AU"}, "is_closed": false, "phone": "+61408066966", "image_url": "https://s3-media1.fl.yelpcdn.com/bphoto/IwHZQ9rl9ciSQzQ6jEIchQ/o.jpg", "name": "Liberty Palace"}