{"price": "$", "rating": 4.0, "coordinates": {"longitude": 144.9629126, "latitude": -37.7618479}, "is_claimed": false, "photos": ["https://s3-media4.fl.yelpcdn.com/bphoto/dPOI0Rd9aJd1SKpTZlbdXw/o.jpg", "https://s3-media1.fl.yelpcdn.com/bphoto/lXFZJZW36DVX0mTeMPJCqQ/o.jpg", "https://s3-media2.fl.yelpcdn.com/bphoto/tBNlZStVPIVLzwPgOA8p1w/o.jpg"], "review_count": 5, "id": "bar-oussou-brunswick", "term": "attractions", "url": "https://www.yelp.com/biz/bar-oussou-brunswick?adjust_creative=92p07_JjKyriZTQxAXRiKQ&utm_campaign=yelp_api_v3&utm_medium=api_v3_business_lookup&utm_source=92p07_JjKyriZTQxAXRiKQ", "categories": [{"alias": "bars", "title": "Bars"}, {"alias": "jazzandblues", "title": "Jazz & Blues"}], "location": {"address3": "", "zip_code": "3056", "address1": "653 Sydney Rd", "address2": "", "city": "Brunswick", "state": "VIC", "country": "AU"}, "is_closed": false, "phone": "+6193843040", "image_url": "https://s3-media1.fl.yelpcdn.com/bphoto/dPOI0Rd9aJd1SKpTZlbdXw/o.jpg", "name": "Bar Oussou"}