{"id": "george-powlet-apartments-east-melbourne", "rating": 5.0, "coordinates": {"longitude": 144.9855957, "latitude": -37.8155098}, "is_claimed": false, "photos": ["https://s3-media2.fl.yelpcdn.com/bphoto/5-5rPXQDct_tWVLiKZpGpQ/o.jpg", "https://s3-media3.fl.yelpcdn.com/bphoto/T5y2Ugt410tYrA1SpYH-UA/o.jpg", "https://s3-media2.fl.yelpcdn.com/bphoto/Kd4IAWgo80Dh7szRMzA2xA/o.jpg"], "review_count": 1, "price": "$$", "term": "attractions", "url": "https://www.yelp.com/biz/george-powlet-apartments-east-melbourne?adjust_creative=92p07_JjKyriZTQxAXRiKQ&utm_campaign=yelp_api_v3&utm_medium=api_v3_business_lookup&utm_source=92p07_JjKyriZTQxAXRiKQ", "categories": [{"title": "Hotels", "alias": "hotels"}], "location": {"address3": null, "zip_code": "3002", "address1": "30 Powlett St", "address2": null, "city": "East Melbourne", "state": "VIC", "country": "AU"}, "is_closed": false, "phone": "+61394199488", "image_url": "https://s3-media4.fl.yelpcdn.com/bphoto/5-5rPXQDct_tWVLiKZpGpQ/o.jpg", "name": "George Powlet Apartments"}