{"price": "$$", "rating": 4.0, "coordinates": {"longitude": 138.563160784543, "latitude": -34.8984881470669}, "is_claimed": false, "photos": ["https://s3-media4.fl.yelpcdn.com/bphoto/Rvn_OnUxkePN_SHP41R1Kw/o.jpg", "https://s3-media1.fl.yelpcdn.com/bphoto/SAOqvd1z5JKTlHaHwwnVcg/o.jpg", "https://s3-media1.fl.yelpcdn.com/bphoto/6C3jbmN9Yj6LPfb_C53yYw/o.jpg"], "review_count": 3, "id": "lollipops-playland-and-cafe-croydon", "term": "attractions", "url": "https://www.yelp.com/biz/lollipops-playland-and-cafe-croydon?adjust_creative=92p07_JjKyriZTQxAXRiKQ&utm_campaign=yelp_api_v3&utm_medium=api_v3_business_lookup&utm_source=92p07_JjKyriZTQxAXRiKQ", "categories": [{"alias": "coffee", "title": "Coffee & Tea"}, {"alias": "arcades", "title": "Arcades"}], "location": {"address3": "", "zip_code": "5008", "address1": "449 Port Rd", "state": "SA", "city": "Croydon", "address2": "", "country": "AU"}, "is_closed": false, "phone": "+61882423456", "image_url": "https://s3-media2.fl.yelpcdn.com/bphoto/Rvn_OnUxkePN_SHP41R1Kw/o.jpg", "name": "Lollipop's Playland And Cafe"}