{"price": "$$", "rating": 4.0, "coordinates": {"longitude": 145.024292, "latitude": -37.856102}, "is_claimed": false, "photos": ["https://s3-media3.fl.yelpcdn.com/bphoto/c4N_xPhrlFCbsozaVPo5Dg/o.jpg"], "review_count": 1, "id": "expressions-gallery-armadale", "term": "attractions", "url": "https://www.yelp.com/biz/expressions-gallery-armadale?adjust_creative=92p07_JjKyriZTQxAXRiKQ&utm_campaign=yelp_api_v3&utm_medium=api_v3_business_lookup&utm_source=92p07_JjKyriZTQxAXRiKQ", "categories": [{"title": "Art Galleries", "alias": "galleries"}], "image_url": "https://s3-media4.fl.yelpcdn.com/bphoto/c4N_xPhrlFCbsozaVPo5Dg/o.jpg", "is_closed": false, "phone": "+61395000667", "location": {"address3": null, "zip_code": "3143", "address1": "1110 High St", "address2": null, "city": "Armadale", "state": "VIC", "country": "AU"}, "name": "Expressions Gallery"}