{"price": "$$$", "rating": 4.0, "coordinates": {"longitude": 151.2399132, "latitude": -33.8860163}, "is_claimed": true, "hours": [{"is_open_now": true, "open": [{"is_overnight": false, "end": "1430", "start": "1200", "day": 1}, {"is_overnight": true, "end": "1100", "start": "1800", "day": 1}, {"is_overnight": false, "end": "1430", "start": "1200", "day": 2}, {"is_overnight": true, "end": "1100", "start": "1800", "day": 2}, {"is_overnight": false, "end": "1430", "start": "1200", "day": 3}, {"is_overnight": true, "end": "1100", "start": "1800", "day": 3}, {"is_overnight": false, "end": "1430", "start": "1200", "day": 4}, {"is_overnight": true, "end": "1100", "start": "1800", "day": 4}, {"is_overnight": false, "end": "1430", "start": "1200", "day": 5}, {"is_overnight": true, "end": "1100", "start": "1800", "day": 5}, {"is_overnight": false, "end": "1430", "start": "1200", "day": 6}, {"is_overnight": false, "end": "2130", "start": "1800", "day": 6}], "hours_type": "REGULAR"}], "photos": ["https://s3-media2.fl.yelpcdn.com/bphoto/ZtoCZxcPipu9k1_vI5silA/o.jpg", "https://s3-media1.fl.yelpcdn.com/bphoto/R9Z9uykY9jecq08XfEVkrA/o.jpg", "https://s3-media4.fl.yelpcdn.com/bphoto/3YawXGWrPJFbYBOh2fuHbA/o.jpg"], "review_count": 43, "id": "chiswick-woollahra-2", "term": "restaurants", "url": "https://www.yelp.com/biz/chiswick-woollahra-2?adjust_creative=92p07_JjKyriZTQxAXRiKQ&utm_campaign=yelp_api_v3&utm_medium=api_v3_business_lookup&utm_source=92p07_JjKyriZTQxAXRiKQ", "categories": [{"title": "Modern Australian", "alias": "modern_australian"}, {"title": "Bistros", "alias": "bistros"}], "image_url": "https://s3-media1.fl.yelpcdn.com/bphoto/ZtoCZxcPipu9k1_vI5silA/o.jpg", "is_closed": false, "phone": "+61283888688", "location": {"address3": "", "zip_code": "2025", "address1": "65 Ocean St", "address2": "", "city": "Woollahra", "state": "NSW", "country": "AU"}, "name": "Chiswick"}