{"id": "ch\u00e2teau-de-versailles-versailles-3", "categories": [{"title": "Landmarks & Historical Buildings", "alias": "landmarks"}, {"title": "Castles", "alias": "castles"}], "is_closed": false, "price": "\u20ac\u20ac", "url": "https://www.yelp.com/biz/ch%C3%A2teau-de-versailles-versailles-3?adjust_creative=92p07_JjKyriZTQxAXRiKQ&utm_campaign=yelp_api_v3&utm_medium=api_v3_business_lookup&utm_source=92p07_JjKyriZTQxAXRiKQ", "location": {"state": "78", "address2": "", "zip_code": "78000", "country": "FR", "address1": "Place d'Armes", "address3": "", "city": "Versailles"}, "phone": "+33130837800", "photos": ["https://s3-media3.fl.yelpcdn.com/bphoto/PeOwpSGc3AgPq1OuWApM4w/o.jpg", "https://s3-media1.fl.yelpcdn.com/bphoto/97t2USizaOtXmlHKP06WTA/o.jpg", "https://s3-media3.fl.yelpcdn.com/bphoto/lf0jCqLadeq-WNURprhIOQ/o.jpg"], "hours": [{"is_open_now": false, "open": [{"start": "0900", "day": 1, "end": "1730", "is_overnight": false}, {"start": "0900", "day": 2, "end": "1730", "is_overnight": false}, {"start": "0900", "day": 3, "end": "1730", "is_overnight": false}, {"start": "0900", "day": 4, "end": "1730", "is_overnight": false}, {"start": "0900", "day": 5, "end": "1730", "is_overnight": false}, {"start": "0900", "day": 6, "end": "1730", "is_overnight": false}], "hours_type": "REGULAR"}], "term": "attractions", "is_claimed": false, "rating": 4.5, "review_count": 445, "image_url": "https://s3-media2.fl.yelpcdn.com/bphoto/PeOwpSGc3AgPq1OuWApM4w/o.jpg", "coordinates": {"latitude": 48.804858, "longitude": 2.120345}, "name": "Ch\u00e2teau de Versailles"}