{"id": "lynwood-hotel-ashton-under-lyne", "rating": 5.0, "coordinates": {"longitude": -2.105023, "latitude": 53.4850474}, "is_claimed": false, "photos": [], "review_count": 1, "term": "attractions", "url": "https://www.yelp.com/biz/lynwood-hotel-ashton-under-lyne?adjust_creative=92p07_JjKyriZTQxAXRiKQ&utm_campaign=yelp_api_v3&utm_medium=api_v3_business_lookup&utm_source=92p07_JjKyriZTQxAXRiKQ", "categories": [{"title": "Hotels", "alias": "hotels"}], "image_url": "", "is_closed": false, "phone": "+441613305358", "location": {"address3": "", "zip_code": "OL6 7TX", "address1": "3 Richmond Street", "state": "XGM", "city": "Ashton Under Lyne", "address2": "", "country": "GB"}, "name": "Lynwood Hotel"}