{"location": {"city": "Saint-Denis", "address2": "", "zip_code": "93200", "country": "FR", "address1": "1 rue de la L\u00e9gion d'Honneur", "address3": "", "state": "93"}, "categories": [{"title": "Churches", "alias": "churches"}, {"title": "Landmarks & Historical Buildings", "alias": "landmarks"}], "is_closed": false, "price": "\u20ac\u20ac\u20ac", "url": "https://www.yelp.com/biz/basilique-cath%C3%A9drale-de-saint-denis-saint-denis?adjust_creative=92p07_JjKyriZTQxAXRiKQ&utm_campaign=yelp_api_v3&utm_medium=api_v3_business_lookup&utm_source=92p07_JjKyriZTQxAXRiKQ", "id": "basilique-cath\u00e9drale-de-saint-denis-saint-denis", "phone": "+33148098354", "photos": ["https://s3-media4.fl.yelpcdn.com/bphoto/QbjDkYq2mMJxMd9NY3_ozg/o.jpg", "https://s3-media2.fl.yelpcdn.com/bphoto/4zyXVFDbFQLF9Uy4W2vw2A/o.jpg", "https://s3-media3.fl.yelpcdn.com/bphoto/Es2fz8uAMucV9xEdTTr9GQ/o.jpg"], "term": "attractions", "is_claimed": false, "review_count": 30, "rating": 4.5, "image_url": "https://s3-media4.fl.yelpcdn.com/bphoto/QbjDkYq2mMJxMd9NY3_ozg/o.jpg", "coordinates": {"latitude": 48.9349, "longitude": 2.35829}, "name": "Basilique Cath\u00e9drale de Saint-Denis"}