{"id": "land-air-sea-travel-merrylands", "rating": 0.0, "coordinates": {"longitude": 150.982702, "latitude": -33.828259}, "is_claimed": true, "hours": [{"is_open_now": true, "open": [{"is_overnight": false, "day": 0, "end": "2100", "start": "0600"}, {"is_overnight": false, "day": 1, "end": "2100", "start": "0600"}, {"is_overnight": false, "day": 2, "end": "2100", "start": "0600"}, {"is_overnight": false, "day": 3, "end": "2100", "start": "0600"}, {"is_overnight": false, "day": 4, "end": "2100", "start": "0600"}, {"is_overnight": false, "day": 5, "end": "2100", "start": "0600"}, {"is_overnight": false, "day": 6, "end": "2100", "start": "0600"}], "hours_type": "REGULAR"}], "photos": ["https://s3-media4.fl.yelpcdn.com/bphoto/MbVZb08zx7ijvGZDw3eUfQ/o.jpg"], "review_count": 0, "term": "attractions", "url": "https://www.yelp.com/biz/land-air-sea-travel-merrylands?adjust_creative=92p07_JjKyriZTQxAXRiKQ&utm_campaign=yelp_api_v3&utm_medium=api_v3_business_lookup&utm_source=92p07_JjKyriZTQxAXRiKQ", "categories": [{"alias": "airport_shuttles", "title": "Airport Shuttles"}, {"alias": "bustours", "title": "Bus Tours"}], "location": {"address3": "", "zip_code": "2160", "address1": "9 Lena Pl", "state": "NSW", "city": "Merrylands", "address2": null, "country": "AU"}, "is_closed": false, "phone": "+61296875134", "image_url": "https://s3-media4.fl.yelpcdn.com/bphoto/MbVZb08zx7ijvGZDw3eUfQ/o.jpg", "name": "Land Air Sea Travel"}