{"id": "edwil-house-b-and-b-kambah", "rating": 0.0, "coordinates": {"longitude": 149.0481873, "latitude": -35.3943481}, "is_claimed": false, "photos": [], "review_count": 0, "term": "hotels", "url": "https://www.yelp.com/biz/edwil-house-b-and-b-kambah?adjust_creative=92p07_JjKyriZTQxAXRiKQ&utm_campaign=yelp_api_v3&utm_medium=api_v3_business_lookup&utm_source=92p07_JjKyriZTQxAXRiKQ", "categories": [{"title": "Bed & Breakfast", "alias": "bedbreakfast"}, {"title": "Hotels", "alias": "hotels"}], "image_url": "", "is_closed": false, "phone": "+61262314001", "location": {"address3": null, "zip_code": "2902", "address1": "6 Rudder Pl", "state": "ACT", "city": "Kambah", "address2": null, "country": "AU"}, "name": "Edwil House B & B"}