{"id": "oracle-attractions-ryde-2", "rating": 0.0, "coordinates": {"longitude": 151.1029816, "latitude": -33.8118515}, "is_claimed": false, "photos": [], "review_count": 0, "term": "attractions", "url": "https://www.yelp.com/biz/oracle-attractions-ryde-2?adjust_creative=92p07_JjKyriZTQxAXRiKQ&utm_campaign=yelp_api_v3&utm_medium=api_v3_business_lookup&utm_source=92p07_JjKyriZTQxAXRiKQ", "categories": [], "location": {"address3": null, "zip_code": "2112", "address1": "20A Parkes St", "address2": null, "city": "Ryde", "state": "NSW", "country": "AU"}, "is_closed": false, "phone": "+61298075844", "image_url": "", "name": "Oracle Attractions"}