{"price": "$$", "rating": 4.0, "coordinates": {"longitude": 115.97343767811, "latitude": -31.897429779935}, "is_claimed": false, "hours": [{"is_open_now": true, "open": [{"is_overnight": false, "day": 0, "end": "2100", "start": "0700"}, {"is_overnight": false, "day": 1, "end": "2100", "start": "0700"}, {"is_overnight": false, "day": 2, "end": "2100", "start": "0700"}, {"is_overnight": false, "day": 3, "end": "2100", "start": "0700"}, {"is_overnight": false, "day": 4, "end": "2100", "start": "0700"}, {"is_overnight": false, "day": 5, "end": "2100", "start": "0700"}, {"is_overnight": false, "day": 6, "end": "2100", "start": "0700"}], "hours_type": "REGULAR"}], "photos": ["https://s3-media1.fl.yelpcdn.com/bphoto/fBcNjv5MYsddko2a8nVM2w/o.jpg", "https://s3-media1.fl.yelpcdn.com/bphoto/QelxUwXoTdENrpjQnPy2uA/o.jpg", "https://s3-media2.fl.yelpcdn.com/bphoto/gnmNL9YWjtxUuND5zfFnzA/o.jpg"], "review_count": 35, "id": "rose-and-crown-hotel-guildford", "term": "attractions", "url": "https://www.yelp.com/biz/rose-and-crown-hotel-guildford?adjust_creative=92p07_JjKyriZTQxAXRiKQ&utm_campaign=yelp_api_v3&utm_medium=api_v3_business_lookup&utm_source=92p07_JjKyriZTQxAXRiKQ", "categories": [{"alias": "hotels", "title": "Hotels"}], "location": {"address3": null, "zip_code": "6055", "address1": "105 Swan St", "state": "WA", "city": "Guildford", "address2": null, "country": "AU"}, "is_closed": false, "phone": "+61893478100", "image_url": "https://s3-media3.fl.yelpcdn.com/bphoto/fBcNjv5MYsddko2a8nVM2w/o.jpg", "name": "Rose & Crown Hotel"}