{"id": "red-decker-company-tas", "rating": 0.0, "coordinates": {"longitude": 147.3310852, "latitude": -42.8842392}, "is_claimed": false, "photos": ["https://s3-media2.fl.yelpcdn.com/bphoto/GjTlt8imJj87KMCJ_Lwe9w/o.jpg"], "review_count": 0, "term": "hotels", "url": "https://www.yelp.com/biz/red-decker-company-tas?adjust_creative=92p07_JjKyriZTQxAXRiKQ&utm_campaign=yelp_api_v3&utm_medium=api_v3_business_lookup&utm_source=92p07_JjKyriZTQxAXRiKQ", "categories": [{"title": "Tours", "alias": "tours"}], "image_url": "https://s3-media3.fl.yelpcdn.com/bphoto/GjTlt8imJj87KMCJ_Lwe9w/o.jpg", "is_closed": false, "phone": "+61362313927", "location": {"address3": null, "zip_code": "7000", "address1": "Brooke St Pier Brooke St", "address2": null, "city": "TAS", "state": "TAS", "country": "AU"}, "name": "Red Decker Company"}