{"id": "scouts-act-camp-cottermouth-mt-stromlo", "rating": 5.0, "coordinates": {"longitude": 148.9594574, "latitude": -35.3290482}, "is_claimed": false, "photos": [], "review_count": 1, "term": "hotels", "url": "https://www.yelp.com/biz/scouts-act-camp-cottermouth-mt-stromlo?adjust_creative=92p07_JjKyriZTQxAXRiKQ&utm_campaign=yelp_api_v3&utm_medium=api_v3_business_lookup&utm_source=92p07_JjKyriZTQxAXRiKQ", "categories": [{"alias": "campgrounds", "title": "Campgrounds"}], "location": {"address3": null, "zip_code": "2611", "address1": "1435 Cotter Rd", "state": "ACT", "city": "Mt Stromlo", "address2": null, "country": "AU"}, "is_closed": false, "phone": "+61262883270", "image_url": "", "name": "Scouts ACT Camp Cottermouth"}