{"id": "contemporary-art-centre-of-south-australia-parkside", "rating": 4.0, "coordinates": {"longitude": 138.6095428, "latitude": -34.9422493}, "is_claimed": false, "hours": [{"is_open_now": false, "open": [{"is_overnight": false, "day": 1, "end": "1700", "start": "1100"}, {"is_overnight": false, "day": 2, "end": "1700", "start": "1100"}, {"is_overnight": false, "day": 3, "end": "1700", "start": "1100"}, {"is_overnight": false, "day": 4, "end": "1700", "start": "1100"}, {"is_overnight": false, "day": 5, "end": "1700", "start": "1300"}, {"is_overnight": false, "day": 6, "end": "1700", "start": "1300"}], "hours_type": "REGULAR"}], "photos": [], "review_count": 1, "term": "attractions", "url": "https://www.yelp.com/biz/contemporary-art-centre-of-south-australia-parkside?adjust_creative=92p07_JjKyriZTQxAXRiKQ&utm_campaign=yelp_api_v3&utm_medium=api_v3_business_lookup&utm_source=92p07_JjKyriZTQxAXRiKQ", "categories": [{"alias": "galleries", "title": "Art Galleries"}], "location": {"address3": "", "zip_code": "5063", "address1": "14 Porter St", "state": "SA", "city": "Parkside", "address2": "", "country": "AU"}, "is_closed": false, "phone": "+61882722682", "image_url": "", "name": "Contemporary Art Centre Of South Australia"}