{"id": "henry-w-coe-state-park-morgan-hill", "rating": 4.0, "coordinates": {"longitude": -121.5471515, "latitude": 37.1871284}, "is_claimed": false, "photos": ["https://s3-media2.fl.yelpcdn.com/bphoto/bWpyticviGUKtnzZWY6UtQ/o.jpg", "https://s3-media4.fl.yelpcdn.com/bphoto/YDf1fK6fbCSdCVpeB4Hm-w/o.jpg", "https://s3-media1.fl.yelpcdn.com/bphoto/uu6JMzPDQ_gTt9yBuIzMtQ/o.jpg"], "review_count": 95, "term": "attractions", "url": "https://www.yelp.com/biz/henry-w-coe-state-park-morgan-hill?adjust_creative=92p07_JjKyriZTQxAXRiKQ&utm_campaign=yelp_api_v3&utm_medium=api_v3_business_lookup&utm_source=92p07_JjKyriZTQxAXRiKQ", "categories": [{"alias": "parks", "title": "Parks"}], "location": {"address3": "", "zip_code": "95037", "address1": "9000 E Dunne Ave", "address2": "", "city": "Morgan Hill", "state": "CA", "country": "US"}, "is_closed": false, "phone": "+14087792728", "image_url": "https://s3-media3.fl.yelpcdn.com/bphoto/bWpyticviGUKtnzZWY6UtQ/o.jpg", "name": "Henry W Coe State Park"}