{"id": "grand-central-square-stockport", "rating": 2.0, "coordinates": {"longitude": -2.1575804, "latitude": 53.4033052}, "is_claimed": false, "photos": [], "review_count": 7, "term": "attractions", "url": "https://www.yelp.com/biz/grand-central-square-stockport?adjust_creative=92p07_JjKyriZTQxAXRiKQ&utm_campaign=yelp_api_v3&utm_medium=api_v3_business_lookup&utm_source=92p07_JjKyriZTQxAXRiKQ", "categories": [{"alias": "pubs", "title": "Pubs"}, {"alias": "movietheaters", "title": "Cinema"}], "location": {"address3": null, "zip_code": "SK1 3TA", "address1": "Wellington Road South", "state": "SKP", "city": "Stockport", "address2": null, "country": "GB"}, "is_closed": false, "phone": "+441614776080", "image_url": "", "name": "Grand Central Square"}